id;catalog_number;attr
153741;63DS0087;nan
153745;63DS0112;nan
153749;63DS0137;nan
153753;63JA0056;nan
153757;63SD0075;nan
153761;63SD0100;nan
153765;63SD0125;nan
153773;63SF0131;nan
153777;63SF0156;nan
153781;63SF0181;nan
153789;63SH0081;nan
153793;63SH0106;nan
153797;63SK0075;nan
153801;63SK0112;nan
153809;63SK0162;nan
153813;63SK0187;nan
153833;CB0015;nan
153837;CB0036;nan
153849;SB0013;nan
153853;SB0019;nan
153861;TLK110110140;nan
153869;TLK110120155;nan
153873;TLK1101323;nan
153877;TLK110140180;nan
153881;TLK1101524;nan
153885;TLK1101726;nan
153889;TLK1101928;nan
153893;TLK110212;nan
153897;TLK1102316;nan
153905;TLK1102839;nan
153909;TLK11034;nan
153917;TLK1105065;nan
153921;TLK1106077;nan
153925;TLK110715;nan
153929;TLK11080100;nan
153933;TLK110916;nan
153937;TLK132110155;nan
153941;TLK13211516;nan
153945;TLK1321316;nan
153949;TLK132150200;nan
153957;TLK1322;nan
153961;TLK132212;nan
153965;TLK132220285;nan
153969;TLK132238;nan
153973;TLK132278;nan
153977;TLK1323055;nan
153981;TLK1323260;nan
153989;TLK1324065;nan
153993;TLK1324575;nan
153997;TLK13251516;nan
154001;TLK13261516;nan
154005;TLK13271516;nan
154009;TLK13280120;nan
154013;TLK1331;nan
154021;TLK133120165;nan
154025;TLK133138;nan
154029;TLK133160210;nan
154033;TLK133180235;nan
154037;TLK1332047;nan
154041;TLK13321516;nan
154045;TLK1332316;nan
154049;TLK1332450;nan
154053;TLK1332855;nan
154057;TLK133312;nan
154061;TLK133334;nan
154065;TLK1333716;nan
154069;TLK13341516;nan
154073;TLK1334716;nan
154077;TLK1335585;nan
154081;TLK1336595;nan
154085;TLK13375115;nan
154089;TLK13385125;nan
154093;TLK200100145;nan
154097;TLK200114;nan
154101;TLK200130180;nan
154105;TLK200140190;nan
154109;TLK200170225;nan
154113;TLK200190250;nan
154117;TLK2002047;nan
154125;TLK200230295;nan
154129;TLK200240305;nan
154133;TLK200260325;nan
154137;TLK2002916;nan
154141;TLK200314;nan
154145;TLK200334;nan
154149;TLK200358;nan
154153;TLK2004;nan
154157;TLK20041516;nan
154161;TLK200434;nan
154165;TLK2005;nan
154169;TLK2005585;nan
154173;TLK200612;nan
154177;TLK2007;nan
154185;TLK20090130;nan
154189;TLK300110124;nan
154193;TLK300130148;nan
154197;TLK300150168;nan
154201;TLK300170191;nan
154205;TLK300190211;nan
154209;TLK3002226;nan
154213;TLK3003035;nan
154217;TLK3003844;nan
154221;TLK3004855;nan
154225;TLK30058;nan
154229;TLK30069;nan
154233;TLK3007584;nan
154237;TLK30090101;nan
154241;TLK3501122;nan
154245;TLK3501632;nan
154249;TLK3502038;nan
154253;TLK3502850;nan
154257;TLK3503865;nan
154261;TLK3504880;nan
154265;TLK350818;nan
154269;TLK450110155;nan
154273;TLK450120165;nan
154277;TLK450138;nan
154281;TLK450160210;nan
154285;TLK450180235;nan
154289;TLK45021116;nan
154293;TLK450218;nan
154297;TLK450238;nan
154301;TLK450260325;nan
154305;TLK4502916;nan
154309;TLK450314;nan
154313;TLK450338;nan
154317;TLK450378;nan
154321;TLK450412;nan
154325;TLK450434;nan
154329;TLK4504880;nan
154333;TLK450514;nan
154337;TLK4505716;nan
154341;TLK45061516;nan
154345;TLK45070110;nan
154349;TLK450734;nan
154357;TLK5001750;nan
154361;TLK5002255;nan
154365;TLK5003060;nan
154369;TLK5004075;nan
154373;TLK5005090;nan
154377;TLK50070125;nan
154385;F1B6280AL;nan
154458;CS4006;nan
154462;CS6004;nan
154478;6202220;nan
154506;6202584;nan
154538;6202845;nan
154550;6202930;nan
154566;8011370;nan
154570;CT1102;nan
154574;CT1105;nan
154578;CT1201-L;nan
817942;DPA2081L120.00;nan
154618;DPB2050L120.00;nan
154622;DPB2120L120.00;nan
817950;DPC2080L120.00;nan
817954;DPD2080L120.00;nan
817955;DPE2050L120.00;nan
154638;DPE2120L120.00;nan
154646;GB1007-5G120.00;nan
154662;GC1120-9G120.00;nan
154666;GC2050-5G120.00;nan
154670;GC3525-3G120.00;nan
154674;GC3560-5G120.00;nan
154682;GR1000-3A120.00;nan
154690;GR1100-3S120.00;nan
817961;GS1035-0G120.00;nan
154706;GT1050-3G120.00;nan
154722;MB1001;nan
154726;MB1005;nan
818005;NC1002L120.00;nan
818009;NC1006L120.00;nan
818013;NC1040L120.00;nan
154750;NC1160L120.00;nan
818021;NC2002L120.00;nan
818025;NC2035L120.00;nan
818031;NC3550L120.00;nan
818033;NC3635L120.00;nan
154798;5700209;nan
154806;5700250;nan
154846;6202990036;nan
154850;6202990044;nan
154854;6202990052;nan
154858;6202990062;nan
154914;4905307;nan
154922;4907012;nan
154926;4907027;nan
154938;4908033;nan
154946;4911068;nan
817595;4911077;nan
154958;4912067;nan
154966;4917004;nan
154974;4924330;nan
155007;4940010;nan
155011;4940014;nan
155015;4940018;nan
155027;4940031;nan
155043;4940063;nan
155051;4940072;nan
155055;4940076;nan
155071;5050014;nan
155083;5220000;nan
155095;5260545;nan
155120;0405090;nan
155132;0408230;nan
155140;0418050;nan
153740;63DS0081;nan
153744;63DS0106;nan
153748;63DS0131;nan
153760;63SD0093;nan
153764;63SD0118;nan
153768;63SD0143;nan
153772;63SF0125;nan
153776;63SF0150;nan
153784;63SF0200;nan
153788;63SH0075;nan
153800;63SK0106;nan
153804;63SK0131;nan
153808;63SK0156;nan
153812;63SK0181;nan
153820;AO0000200;nan
153824;BC0007;nan
153828;CB0003;nan
153832;CB0013;nan
153836;CB0023;nan
153860;TLK1101016;nan
153864;TLK110112;nan
153868;TLK11012;nan
153872;TLK1101316;nan
153876;TLK11014;nan
153884;TLK1101716;nan
153888;TLK1101927;nan
153892;TLK11021116;nan
153896;TLK1102232;nan
153904;TLK110278;nan
153908;TLK1103243;nan
153912;TLK1103850;nan
153916;TLK1104862;nan
153920;TLK11058;nan
153924;TLK1107090;nan
153928;TLK11078;nan
153932;TLK11090112;nan
153936;TLK132100145;nan
153940;TLK132114;nan
153944;TLK132130180;nan
153948;TLK132140190;nan
153952;TLK132170225;nan
153956;TLK132190250;nan
153960;TLK13221116;nan
153964;TLK132218;nan
153968;TLK132234;nan
153972;TLK1322716;nan
153976;TLK1323;nan
153980;TLK13231516;nan
153984;TLK13234;nan
153988;TLK1324;nan
153992;TLK132434;nan
153996;TLK1325080;nan
154000;TLK1326090;nan
154008;TLK13278;nan
154012;TLK13295135;nan
154016;TLK13311116;nan
154020;TLK133118;nan
154024;TLK133134;nan
154028;TLK133158;nan
154032;TLK133178;nan
154036;TLK133200260;nan
154040;TLK133214;nan
154044;TLK1332247;nan
154048;TLK133240305;nan
154052;TLK133278;nan
154056;TLK1333055;nan
154060;TLK1333260;nan
154064;TLK1333560;nan
154068;TLK1334065;nan
154072;TLK1334575;nan
154076;TLK13351516;nan
154080;TLK13361516;nan
154084;TLK13371516;nan
154088;TLK13380120;nan
154092;TLK2001;nan
154100;TLK200120165;nan
154104;TLK200138;nan
154108;TLK200160210;nan
154112;TLK200180235;nan
154116;TLK200200260;nan
154120;TLK200214;nan
154124;TLK2002247;nan
154128;TLK200238;nan
154132;TLK200258;nan
154136;TLK2002855;nan
154140;TLK200312;nan
154144;TLK2003260;nan
154148;TLK2003560;nan
154152;TLK2003865;nan
154156;TLK200414;nan
154160;TLK2004316;nan
154164;TLK2004880;nan
154168;TLK200534;nan
154176;TLK2006716;nan
154180;TLK20075115;nan
154184;TLK20085125;nan
154188;TLK3001013;nan
154192;TLK3001215;nan
154196;TLK3001418;nan
154200;TLK3001620;nan
154204;TLK3001822;nan
154208;TLK3002025;nan
154212;TLK3002832;nan
154216;TLK3003642;nan
154220;TLK3004552;nan
154224;TLK3005664;nan
154228;TLK3006573;nan
154232;TLK3007180;nan
154236;TLK3008596;nan
154240;TLK3501020;nan
154244;TLK3501528;nan
154248;TLK3501935;nan
154252;TLK3502547;nan
154256;TLK3503560;nan
154260;TLK3504575;nan
154264;TLK350717;nan
154268;TLK450100145;nan
154272;TLK45011516;nan
154276;TLK450134;nan
154280;TLK450158;nan
154284;TLK450178;nan
154288;TLK450200260;nan
154292;TLK45021516;nan
154296;TLK450234;nan
154300;TLK450258;nan
154304;TLK4502855;nan
154308;TLK450312;nan
154312;TLK450334;nan
154316;TLK4503716;nan
154320;TLK4504065;nan
154324;TLK4504275;nan
154328;TLK4504716;nan
154332;TLK450512;nan
154336;TLK4505585;nan
154340;TLK450612;nan
154348;TLK45071516;nan
154352;TLK4508;nan
154356;TLK45095135;nan
154360;TLK5002050;nan
154364;TLK5002860;nan
154368;TLK5003875;nan
154372;TLK5004890;nan
154376;TLK500605105;nan
154416;FA5504;nan
154437;RA5502;nan
154441;V2B6280AL;nan
154445;V4B6280AL;nan
154461;CS6002;nan
154505;6202582;nan
154529;6202805;nan
154549;6202920;nan
154565;8011360;nan
154581;CT1203-L;nan
154597;CT2205;nan
154609;CT3401;nan
817941;DPA2080L120.00;nan
154617;DPB2040L120.00;nan
817949;DPC2060L120.00;nan
817953;DPD2060L120.00;nan
154637;DPE2100L120.00;nan
154641;GB1002-5G120.00;nan
154645;GB1006-3G120.00;nan
817959;GB3001-5G120.00;nan
154665;GC2040-3G120.00;nan
154669;GC2100-9G120.00;nan
154677;GC3635-3G120.00;nan
154681;GC3680-9G120.00;nan
154685;GR1001-3A120.00;nan
154693;GR1101-3S120.00;nan
154697;GS1025-9G120.00;nan
154705;GT1040-3G120.00;nan
154725;MB1004;nan
154729;MC0003;nan
818004;NC1001L120.00;nan
818008;NC1005L120.00;nan
818012;NC1035L120.00;nan
818016;NC1080L120.00;nan
818024;NC2025L120.00;nan
818028;NC2060L120.00;nan
154765;NC3540L120.00;nan
154769;NC3625L120.00;nan
154821;5700420;nan
154825;5700457;nan
154829;5700474;nan
154849;6202990042;nan
154853;6202990050;nan
154861;6202990032U;nan
154885;1032070;nan
154921;4907009;nan
154937;4908030;nan
154945;4911067;nan
154949;4911072;nan
154953;4912062;nan
154961;4912070;nan
154965;4917003;nan
154969;4917007;nan
154977;4930101;nan
154998;4940001;nan
155002;4940005;nan
155010;4940013;nan
155014;4940017;nan
155018;4940022;nan
155022;4940026;nan
155094;5260540;nan
155131;0408090;nan
2863796;L04FULLWELD240V;nan
817552;493170030M;nan
817569;L04BY40ASG;nan
817598;4940091;nan
817602;5700310;nan
817622;5700613;nan
817642;B0803;nan
817650;B121035;nan
817658;B121080;nan
817670;B122100;nan
817678;B122114;nan
817690;B122214;nan
817698;B122314;nan
817702;B122415;nan
817706;B122515;nan
817714;B151070;nan
817726;B152212;nan
817734;B152715;nan
817754;B301120;nan
817762;B302108;nan
817770;B302208;nan
817774;B302500;nan
817782;B401035;nan
817786;B401045;nan
817794;B401090;nan
817810;B402014;nan
817814;B402107;nan
817834;B402308;nan
817842;B402615;nan
817846;B601028;nan
817850;B601045;nan
817854;B601075;nan
817858;B601110;nan
817874;B602110;nan
817894;B602415;nan
817898;B602700;nan
817902;B801016;nan
817914;B802004;nan
817922;B802102;nan
817926;B802110;nan
817930;B802300;nan
817942;DPA2081L120.00;nan
154621;DPB2100L120.00;nan
817954;DPD2080L120.00;nan
154652;GB3000-5G120.00;nan
817962;H0243;nan
817990;H2602;nan
154747;NC1100L120.00;nan
154759;NC2040L120.00;nan
818042;T121028;nan
818046;T121048;nan
818050;T121170;nan
818058;T122211;nan
818074;T122800;nan
818078;T151095;nan
818102;T301075;nan
818106;T301130;nan
818110;T301170;nan
818114;T301220;nan
818122;T302014;nan
818134;T302312;nan
818138;T302412;nan
818142;T302607;nan
818146;T401018;nan
818150;T401085;nan
818158;T401400;nan
818170;T402508;nan
818174;T402715;nan
818178;T601018;nan
818186;T601063;nan
818190;T601095;nan
818198;T601300;nan
818206;T602211;nan
818210;T602412;nan
818218;T8015;nan
818238;T82103;nan
818242;T82114;nan
818246;T82206;nan
818258;T82314;nan
818266;T901019;nan
817535;04100202;nan
817547;493120030M;nan
817551;493160030M;nan
817576;L04OP802M;nan
817580;L04OP808M;nan
817597;4940079;nan
817613;5700602;nan
817633;B0501;nan
817637;B0681;nan
817677;B122112;nan
817681;B122202;nan
817693;B122304;nan
817697;B122312;nan
817717;B151140;nan
817753;B301100;nan
817757;B302102;nan
817761;B302107;nan
817785;B401042;nan
817789;B401060;nan
817793;B401080;nan
817801;B401160;nan
817817;B402111;nan
817853;B601060;nan
817861;B601160;nan
817865;B602012;nan
817869;B602103;nan
817877;B602114;nan
817885;B602212;nan
817889;B602304;nan
817905;B801020;nan
817913;B801090;nan
817929;B802208;nan
817933;B901010;nan
154620;DPB2080L120.00;nan
817961;GS1035-0G120.00;nan
817973;H1552;nan
817985;H2002;nan
817993;H2802;nan
817997;H3003;nan
818013;NC1040L120.00;nan
818033;NC3635L120.00;nan
818049;T121095;nan
818069;T122704;nan
818081;T151260;nan
818097;T301032;nan
818101;T301065;nan
818105;T301110;nan
818113;T301200;nan
818117;T301280;nan
818125;T302202;nan
818129;T302212;nan
818133;T302308;nan
818137;T302407;nan
818145;T302715;nan
818149;T401048;nan
818153;T401300;nan
818157;T401380;nan
818169;T402500;nan
818173;T402714;nan
818193;T601190;nan
818197;T601280;nan
818201;T601360;nan
818205;T602209;nan
818209;T602315;nan
818213;T602715;nan
818229;T8075;nan
818233;T8100;nan
818237;T82014;nan
818241;T82112;nan
818245;T82203;nan
818257;T82312;nan
818261;T901011;nan
1435806;4999230;nan
1435814;4999013;nan
1435818;4912073;nan
1435822;4912066C;nan
1435834;4999344;nan
1435838;4905710;nan
1435842;4905704;nan
1435846;4905715;nan
1435866;TTQM0516;nan
1435882;4940118;nan
1435886;4940122;nan
1435890;4999423;nan
1435894;6410031;nan
1435906;L04C85BR;nan
1435910;L04BE95BBR;nan
1435914;L04BL853L;nan
1435918;L04BR809.5M;nan
1435922;L04G8912.5M;nan
1435930;L04G89ARC;nan
1435934;L04OP808MR;nan
1435942;L04I85ARXH;nan
1435946;L04R9018;nan
1435950;4905018;nan
1435954;4905319;nan
1435958;4908002;nan
1435962;4910200;nan
1435966;4999011;nan
1435974;4999250;nan
1435978;4912069C;nan
1435986;L04OG85BRX;nan
1435990;4999533;nan
1435994;L04OP80CRXX;nan
1435998;L04C852T;nan
1436026;6202835UP;nan
1436038;4927008;nan
1436058;6202430UP;nan
1436070;4941104;nan
1436074;4940136;nan
1436094;4940118C;nan
1436098;B171180;nan
1436106;B171340;nan
1436110;B171440;nan
1436114;B171520;nan
1436118;B171600;nan
1436122;L04BE956M;nan
1436126;L04BE9510R;nan
1436138;L04BR805M;nan
1436142;L04BR80Z;nan
1436146;L04C852M;nan
1436150;L04C858;nan
1436174;L04OP8010M;nan
1436178;L04OP807M;nan
1436182;L04OP80BR;nan
1436186;L04OG8585;nan
1436194;L04R906M;nan
1436202;L04G8915MRS;nan
1436206;L04G898MS;nan
1436210;L04C856.3M;nan
1436214;L04OG859M;nan
1436218;L04G89BRXH;nan
1436226;L04BL8510M;nan
1436234;L04G8910MRS;nan
1436238;6202570UP;nan
1436242;L14R90AX;nan
1436246;5700362;nan
1436250;L04OG858R;nan
154905;4816019;nan
817837;B402408;nan
818165;T402312;nan
153736;CS4003;nan
153752;63JA0050;nan
153756;63JA0075;nan
153780;63SF0175;nan
153796;63SH0125;nan
153816;6980160X;nan
153840;RB0001;nan
153844;SB0002;nan
153848;SB0006;nan
153852;SB0018;nan
153856;SB0033;nan
153880;TLK1101523;nan
153900;TLK1102434;nan
154004;TLK13270110;nan
154096;TLK200112;nan
154172;TLK2006090;nan
154344;TLK4507;nan
154380;HR1504;nan
154392;FA2001;nan
154396;FA2010;nan
154400;FA2751;nan
154404;FA3250;nan
154408;FA3502;nan
154421;RA2004;nan
154425;RA3002;nan
154453;VA6001;nan
154457;CS4002;nan
154477;6202200;nan
154485;6202360;nan
154489;6202440;nan
154493;6202520;nan
154501;6202572;nan
154509;6202592;nan
154513;6202645;nan
154517;6202680;nan
154521;6202720;nan
154525;6202770;nan
154533;6202820;nan
154537;6202840;nan
154553;6940320;nan
154569;CT1101-L;nan
154573;CT1104;nan
154585;CT1206;nan
154589;CT2102;nan
154593;CT2201;nan
154601;CT3102;nan
154605;CT3201;nan
154621;DPB2100L120.00;nan
154633;DPE2040L120.00;nan
154649;GB2002-5G120.00;nan
154657;GC1050-3G120.00;nan
817960;GC1100-9G120.00;nan
154673;GC3550-5G120.00;nan
154689;GR1100-3G120.00;nan
154701;GS1060-0G120.00;nan
154713;LT3001;nan
154717;LX0002;nan
154721;LX0015;nan
154749;NC1140L120.00;nan
818020;NC2001L120.00;nan
818036;NC3660L120.00;nan
154781;RT1601;nan
154789;1448000;nan
154797;5700208;nan
154813;5700355;nan
154817;5700380;nan
154833;5800350;nan
154841;5850300;nan
154845;6202990032;nan
154857;6202990058;nan
154869;1032018;nan
154889;1032133;nan
154893;1032143;nan
154897;1032155;nan
154909;4905302;nan
154925;4907024;nan
154933;4908015;nan
154957;4912066;nan
154981;4934015;nan
154994;4935018;nan
155006;4940009;nan
155026;4940030;nan
155030;4940050;nan
155038;4940058;nan
155042;4940062;nan
155050;4940071;nan
155054;4940075;nan
155062;5050003;nan
155070;5050012;nan
155074;5050911;nan
155078;5218018;nan
155082;5218033;nan
155086;5260200;nan
155098;5260572;nan
155102;5299010;nan
155106;0202003;nan
155110;0202007;nan
155114;0405020;nan
155119;0405082;nan
668050;0410100;nan
155139;0418030;nan
155147;4081050;nan
155151;0410300-25;nan
1435807;4905006;nan
1435815;4999014;nan
1435823;4999143;nan
1435839;4905703;nan
1435843;4905706;nan
1435871;4909069;nan
1435875;4940095;nan
1435879;4940111;nan
1435883;4940119;nan
1435887;4940123;nan
1435891;6410013;nan
1435903;6410131;nan
1435911;L04BE96.3;nan
1435919;L04BR80ZX;nan
1435923;L04G8916M;nan
1435927;L04G8964;nan
1435931;L04G89BXL;nan
1435935;L04R855;nan
1435951;4905033;nan
1435955;4905402;nan
1435959;4909063;nan
1435963;4910300;nan
1435967;4999023;nan
1435971;4999031;nan
1435975;4910100C;nan
1435979;L04BR806X4;nan
1435983;L04G8916MR;nan
1435987;4999514;nan
1435991;4999557;nan
1435995;L04I85BX;nan
1436019;6202845UP;nan
1436031;4927001;nan
1436035;4927005;nan
1436047;4928007;nan
1436055;6202350UP;nan
1436059;6202440UP;nan
1436067;4941101;nan
1436071;4941105;nan
1436075;1232179;nan
1436079;6202566UP;nan
1436087;6202594UP;nan
1436095;L04BE95Z;nan
1436099;B171190;nan
1436103;B171260;nan
1436111;B171460;nan
1436115;B171540;nan
1436119;L04BE9510M;nan
1436127;L04BE958R;nan
1436131;L04BL858M;nan
1436135;L04BL85Z;nan
1436139;L04BR8058;nan
1436143;L04C8510M;nan
1436155;L04G89C;nan
1436159;L04G89ARSG;nan
1436163;L04I85C;nan
1436175;L04OP8012M;nan
817527;0408500;nan
817531;0430100;nan
817539;04090302M;nan
817543;493040030M;nan
817559;L01Z20;nan
817564;L02B5;nan
817568;L03Z10;nan
817572;L04G89ASG;nan
817585;0408501;nan
817589;0430101;nan
817593;04081080;nan
817605;5700366;nan
817609;5700541;nan
817617;5700606;nan
817621;5700612;nan
817629;B0241;nan
817645;B1001;nan
817649;B121030;nan
817653;B121050;nan
817657;B121070;nan
817661;B121110;nan
817665;B121150;nan
817669;B121240;nan
817689;B122212;nan
817701;B122408;nan
817705;B122507;nan
817709;B122700;nan
817713;B1403;nan
817721;B151180;nan
817725;B151240;nan
817729;B152315;nan
817733;B152615;nan
817737;B1851;nan
817741;B2403;nan
817745;B301035;nan
817749;B301060;nan
817765;B302115;nan
817769;B302207;nan
817773;B302307;nan
817777;B401024;nan
817781;B401032;nan
817797;B401110;nan
817805;B401200;nan
817809;B402012;nan
817813;B402104;nan
817841;B402608;nan
817845;B601025;nan
817857;B601100;nan
817881;B602204;nan
817897;B602607;nan
817901;B801014;nan
817909;B801030;nan
817925;B802108;nan
817941;DPA2080L120.00;nan
817949;DPC2060L120.00;nan
817953;DPD2060L120.00;nan
154636;DPE2080L120.00;nan
817965;H0443;nan
817969;H1103;nan
817977;H1653;nan
817981;H1853;nan
817989;H2402;nan
818001;L04CON13S;nan
818005;NC1002L120.00;nan
818009;NC1006L120.00;nan
154746;NC1081L120.00;nan
818025;NC2035L120.00;nan
154762;NC2080L120.00;nan
818041;T121024;nan
818045;T121042;nan
818053;T121260;nan
818057;T122111;nan
818065;T122508;nan
818073;T122715;nan
818077;T151090;nan
818085;T152408;nan
818089;T152607;nan
818093;T301020;nan
818109;T301160;nan
818121;T301360;nan
818141;T302515;nan
818161;T402209;nan
818177;T601015;nan
818181;T601024;nan
818185;T601048;nan
818189;T601085;nan
818217;T8012;nan
818221;T8042;nan
818225;T8055;nan
818249;T82214;nan
818253;T82306;nan
818265;T901016;nan
818269;T901024;nan
818273;T901032;nan
818277;T902006;nan
818281;T902103;nan
668050;0410100;nan
668054;0410070;"""Color ""=>""Red"", ""Material""=>""Composite Polyester/Polyurethane"", ""Top Width""=>""1 1/4\"", 32mm"", ""Compliancy""=>""RoHS"", ""Profile Size""=>""C/22"", ""Profile shape""=>""Vee"", ""Minimum Pulley Diameter""=>""13.2\"", 335mm"", ""Maximum Ride Height Above Rim""=>""0.21\"" (5.3mm)"", ""Minimum Ride Height Above Rim""=>""0.08\"" (2.0mm)"""
668058;0410090;"""Color""=>""Red"", ""Material""=>""Composite Polyester/Polyurethane"", ""Top Width""=>""1 1/4\"", 32mm"", ""Compliancy""=>""RoHS"", ""Profile size""=>""D/32"", ""Profile shape""=>""Vee"", ""Minimum Pulley Diameter""=>""13.2\"", 335mm"", ""Maximum Ride Height Above Rim""=>""0.21\"" (5.3mm)"", ""Minimum Ride Height Above Rim""=>""0.08\"" (2.0mm)"""
155112;0314050;nan
668066;0411300;nan
668070;04151070;nan
668074;0419270;nan
668078;PowerTwist;nan
1436179;L04OP8010MR;nan
1436183;L04OP80BRXH;nan
1436195;L04R900604;nan
1436199;L04G8915MS;nan
1436207;L04I85Z;nan
1436211;L04BL8512.7;nan
1436215;L04OG8514M;nan
1436219;L04OG855MR;nan
1436231;L04G8913M;nan
1436239;6202580UP;nan
154962;4912072;nan
154999;4940002;nan
817634;B0551;nan
154739;NC1007L120.00;nan
818090;T301015;nan
1435810;1032031E;nan
1435850;TTQM1426;nan
1435858;TTQM2438;nan
1435862;TTQM3250;nan
1435874;4940092;nan
1435878;4940099;nan
1435898;6410056;nan
1435902;6410119;nan
1435926;L04G893MS;nan
1435938;L04R907;nan
1435970;4999030;nan
1435982;L04G8914M;nan
1436018;6202840UP;nan
1436022;6202860UP;nan
1436030;L02A5N;nan
1436034;4927004;nan
1436042;4928002;nan
1436046;4928006;nan
1436050;4928010;nan
1436054;6202220UP;nan
1436062;6202520UP;nan
1436066;4941100;nan
1436078;6202564UP;nan
1436082;6202574UP;nan
1436086;6202592UP;nan
1436090;6202910UP;nan
1436102;B171240;nan
1436130;L04BL8585M;nan
1436134;L04BL85C;nan
1436154;L04G89B;nan
1436051;6202140UP;nan
1436187;L04OG858M;nan
153737;CS5004;nan
153769;63SD0150;nan
153785;63SF0212;nan
153805;63SK0137;nan
153821;BC0001;nan
153825;BC1000;nan
153829;CB0004;nan
153845;SB0003;nan
153857;SB0090;nan
153865;TLK110114;nan
153901;TLK1102534;nan
153913;TLK1104053;nan
153953;TLK1321716;nan
153985;TLK1323560;nan
154017;TLK133112;nan
154121;TLK20021516;nan
154181;TLK200778;nan
154353;TLK45080120;nan
154381;HR1506;nan
154389;F3B6280AL;nan
154393;FA2002;nan
154397;FA2501;nan
154401;FA2900;nan
154405;FA3251;nan
154413;FA4502;nan
154422;RA2540;nan
154426;RA3501;nan
154430;RA4101;nan
154442;V3B6280;nan
154454;VA6250;nan
154466;6202107;nan
154470;6202114;nan
154474;6202140;nan
154482;6202300;nan
154486;6202380;nan
154490;6202460;nan
154494;6202540;nan
154498;6202566;nan
154502;6202574;nan
154510;6202594;nan
154514;6202650;nan
154526;6202800;nan
154534;6202825;nan
154542;6202865;nan
154546;6202885;nan
154554;6940400;nan
154582;CT1204;nan
154586;CT1401;nan
154590;CT2103;nan
154594;CT2202;nan
154598;CT2401;nan
154602;CT3102-H;nan
154606;CT3202;nan
154610;DPA2040L120.00;nan
154642;GB1003-5G120.00;nan
154650;GB2003-5G120.00;nan
154654;GC1025-3G120.00;nan
154658;GC1060-5G120.00;nan
154678;GC3640-5G120.00;nan
154686;GR1001-3G120.00;nan
154694;GR2001-3G120.00;nan
154702;GS1080-1G120.00;nan
154710;LT1002;nan
154718;LX0004;nan
154730;MC0006;nan
154746;NC1081L120.00;nan
154762;NC2080L120.00;nan
154774;RA1850;nan
154778;RT1001-H;nan
154782;RT1601-L;nan
154790;5700153;nan
154810;5700330;nan
154814;5700360;nan
154818;5700390;nan
154822;5700430;nan
154826;5700460;nan
154830;5700476;nan
154834;5800500;nan
154838;5810300;nan
154842;6202990020;nan
154862;1032003;nan
154878;1032040;nan
154894;1032146;nan
154898;1032160;nan
154906;4816020;nan
154910;4905303;nan
154918;4905315;nan
154942;4911064;nan
154954;4912063;nan
154970;4920100;nan
154978;4930102;nan
154986;4934023;nan
154990;4934030;nan
154995;4935024;nan
155003;4940006;nan
155019;4940023;nan
155023;4940027;nan
155039;4940059;nan
155047;4940067;nan
155059;4999315;nan
155067;5050009;nan
155087;5260300;nan
155099;5260577;nan
155107;0202004;nan
155111;0302050;nan
155124;0408010;nan
155128;0408070;nan
155136;0410105;nan
155144;4051060;nan
155148;4081060;nan
1436158;L04G89CRXH;nan
1436162;L04I85B;nan
1436166;L04I85CR;nan
1436198;L04CON8S;nan
1436222;L04G89BX;nan
1436230;L04OG8512R;nan
817528;0408600;nan
817532;0435100;nan
817536;04151079;nan
817540;04090502M;nan
817544;493050030M;nan
817548;493130030M;nan
817560;L01Z5;nan
817565;L02Z20N;nan
817573;L04G89BSG;nan
817577;L04OP803M;nan
817581;L04R90ASG;nan
817586;0408505;nan
817590;0435101;nan
817594;4899012;nan
817606;5700367;nan
817610;5700542;nan
817614;5700603;nan
817618;5700608;nan
817626;0418050SL;nan
817630;B0301;nan
817638;B0683;nan
817646;B1003;nan
817654;B121055;nan
817662;B121120;nan
817666;B121160;nan
817674;B122107;nan
817694;B122306;nan
817710;B1251;nan
817718;B151150;nan
817722;B151190;nan
817730;B152407;nan
817738;B2001;nan
817742;B2601;nan
817746;B301040;nan
817750;B301070;nan
817758;B302103;nan
817790;B401065;nan
817798;B401120;nan
817802;B401170;nan
817806;B401220;nan
817818;B402112;nan
817822;B402202;nan
817830;B402300;nan
817838;B402415;nan
817862;B601170;nan
817866;B602014;nan
817882;B602206;nan
817886;B602214;nan
817890;B602307;nan
817906;B801022;nan
817910;B801032;nan
817918;B802010;nan
817938;B902106;nan
817950;DPC2080L120.00;nan
817966;H0503;nan
817970;H1252;nan
817974;H1553;nan
817978;H1752;nan
817982;H1951;nan
817986;H2003;nan
817994;H2803;nan
817998;H3201;nan
818002;L04CON6S;nan
154735;NC1003L120.00;nan
154743;NC1050L120.00;nan
154755;NC2003L120.00;nan
154763;NC3525L120.00;nan
154771;NC3640L120.00;nan
818054;T121280;nan
818062;T122404;nan
818066;T122512;nan
818070;T122707;nan
818082;T151280;nan
818086;T152415;nan
818094;T301022;nan
818118;T301300;nan
818126;T302206;nan
818130;T302214;nan
818154;T401320;nan
818162;T402212;nan
818166;T402314;nan
818182;T601032;nan
818194;T601220;nan
818202;T602010;nan
818214;T602800;nan
818222;T8045;nan
818226;T8060;nan
818230;T8080;nan
818234;T8110;nan
818254;T82307;nan
818270;T901025;nan
818274;T901035;nan
818278;T902010;nan
668055;0418013;"""Color""=>""Red"", ""Material""=>""Composite Polyester/Polyurethane"", ""Top Width""=>""3/8\"""", ""Compliancy""=>""RoHS"", ""Profile size""=>""3L"", ""Profile shape""=>""Vee"", ""Minimum Pulley Diameter""=>""2.00\"""", ""Maximum Ride Height Above Rim""=>""0.17\"" (4.2mm)"", ""Minimum Ride Height Above Rim""=>""0.12\"" (3.0mm)"""
668059;0419230;"""Color""=>""Red"", ""Material""=>""Composite Polyester/Polyurethane"", ""Top Width""=>""1/2, 13mm"", ""Compliancy""=>""RoHS"", ""Profile size""=>""AA"", ""Profile shape""=>""Double Vee"", ""Special Feature""=>""Vee profile on both side"", ""Minimum Pulley Diameter""=>""3.00\"", 80mm"""
668067;04091030;nan
668071;0418085;nan
668075;0418088;nan
689374;4912091;nan
153792;63SH0100;nan
154384;F1B6280;nan
154388;F3B6280;nan
154412;FA4501;nan
154429;RA3504;nan
154433;RA4801;nan
154449;VA4001;nan
154465;6202105;nan
154469;6202112;nan
154473;6202120;nan
154481;6202280;nan
154497;6202564;nan
154541;6202860;nan
154545;6202880;nan
154557;6990109;nan
154561;6990160;nan
154577;CT1201;nan
154709;LT1001-L;nan
154777;RT1001;nan
154785;RT3000;nan
154793;5700200;nan
154801;5700220;nan
154805;5700231;nan
154809;5700325;nan
154837;5810200;nan
154865;1032008;nan
154873;1032031;nan
154877;1032039;nan
154881;1032047;nan
154901;1032210;nan
154913;4905306;nan
154917;4905312;nan
154929;4908003;nan
154941;4911063;nan
154973;4924320;nan
154985;4934022;nan
154989;4934026;nan
155034;4940054;nan
155046;4940066;nan
155058;4999306;nan
155066;5050008;nan
155090;5260520;nan
155123;0405270;nan
155127;0408050;nan
155143;4051050;nan
817555;L01B20;nan
817601;5700233;nan
817625;0418030SL;nan
817641;B0801;nan
817673;B122106;nan
817685;B122207;nan
817821;B402200;nan
817825;B402207;nan
817829;B402215;nan
817833;B402307;nan
817849;B601040;nan
817873;B602108;nan
817893;B602407;nan
817917;B802008;nan
817921;B802100;nan
817937;B902104;nan
818021;NC2002L120.00;nan
818037;RT4100;nan
818061;T122315;nan
1435826;6410075;nan
1435830;6410138;nan
1435854;TTQM1832;nan
1435870;TTQM0920;nan
1436002;6202240UP;nan
1436006;6202400UP;nan
1436010;6202804UP;nan
1436014;6202815UP;nan
1436170;L04I85ASG;nan
1436190;L04OG856MR;nan
1435811;1032047C;nan
1435819;1032140;nan
1435851;TTQM1526;nan
1435855;TTQM1932;nan
1435867;TTQM0616;nan
1435915;L04BL853M;nan
1435939;L04G8920MS;nan
1435943;L04I85BRXH;nan
1435947;L04OG85CRX;nan
1435999;6202120UP;nan
1436003;6202280UP;nan
1436011;6202805UP;nan
1436015;6202820UP;nan
1436027;6202480UP;nan
1436039;4927009;nan
1436043;4928003;nan
1436083;6202576UP;nan
1436091;6202920UP;nan
1436107;B171380;nan
1436123;L04BE958;nan
1436147;L04C853M;nan
1436151;L04C859;nan
1436167;L04I85ARSG;nan
1436171;L04I85BSG;nan
1436191;L04R9010M;nan
1436203;L04G8910MS;nan
1436223;L04G89CX;nan
1436227;L04G89BRC;nan
1436235;L04R90BX;nan
1436243;4940100;nan
1436247;L04OG853M;nan
2572447;1032004-500;nan
153817;6980240X;nan
153841;RB0002;nan
154409;FA3504;nan
154417;FX0001;nan
154434;RA4802;nan
154438;RA6001;nan
154446;VA3001;nan
154450;VA4002;nan
154518;6202690;nan
154522;6202740;nan
154530;6202808;nan
154558;6990112;nan
154562;6990240;nan
154714;LT3002;nan
154786;RT3001;nan
154794;5700201;nan
154802;5700227;nan
154866;1032010;nan
154870;1032020;nan
154874;1032032;nan
154882;1032048;nan
154886;1032072;nan
154890;1032134;nan
154902;1232550;nan
154930;4908006;nan
154934;4908018;nan
154982;4934018;nan
155031;4940051;nan
155035;4940055;nan
155063;5050005;nan
155075;5218009;nan
155079;5218024;nan
155091;5260525;nan
155103;5299019;nan
155115;0405030;"""Color""=>""Red"", ""Material""=>""Composite Polyester/Polyurethane"", ""Top Width""=>""1/2\"", 13mm"", ""Compliancy""=>""REACH, RoHS"", ""Profile size""=>""A/13/4L"", ""Profile shape""=>""Vee"", ""Minimum Pulley Diameter""=>""3.00\"", 80mm"", ""Maximum Ride Height Above Rim""=>""0.16\"" (4.0mm)"", ""Minimum Ride Height Above Rim""=>""0.08\"" (2.1mm)"""
817556;L01B5;nan
817682;B122203;nan
817686;B122208;nan
817766;B302200;nan
817778;B401025;nan
817826;B402208;nan
817870;B602104;nan
817878;B602115;nan
817934;B902008;nan
818038;RT4101;nan
818098;T301038;nan
818250;T82215;nan
818262;T901012;nan
668051;0410020;nan
668063;0419250;nan
1435827;6410088;nan
1435831;6410150;nan
1435835;6410063;nan
1435847;TTQM1023;nan
1435859;TTQM2538;nan
1435863;TTQM3550;nan
1435895;6410038;nan
1435899;6410069;nan
1435907;L04G89A;nan
1436007;6202560UP;nan
1436023;6202876UP;nan
1436063;6202540UP;nan
1436251;L04OG8510M;nan
153738;CS6003;nan
153742;63DS0093;nan
153746;63DS0118;nan
153754;63JA0062;nan
153762;63SD0106;nan
153766;63SD0131;nan
153770;63SF0100;nan
153774;63SF0137;nan
153782;63SF0187;nan
153786;63SF0218;nan
153794;63SH0112;nan
153798;63SK0087;nan
153802;63SK0118;nan
153810;63SK0168;nan
153838;CB0058;nan
153854;SB0020;nan
153858;TLK1101;nan
153862;TLK11011116;nan
153866;TLK11011516;nan
153870;TLK1101218;nan
153874;TLK110134;nan
153878;TLK1101423;nan
153882;TLK110158;nan
153886;TLK110178;nan
153890;TLK1102;nan
153894;TLK11021516;nan
153898;TLK110234;nan
153902;TLK110258;nan
153906;TLK1103;nan
153910;TLK1103547;nan
153914;TLK1104255;nan
153918;TLK110516;nan
153922;TLK110614;nan
153926;TLK110716;nan
153930;TLK110815;nan
153934;TLK11095120;nan
153938;TLK13211116;nan
153942;TLK132118;nan
153946;TLK132134;nan
153950;TLK132158;nan
153954;TLK132178;nan
153958;TLK132200260;nan
153966;TLK1322247;nan
153970;TLK1322450;nan
153974;TLK1322855;nan
153978;TLK132312;nan
153982;TLK132334;nan
153990;TLK13241516;nan
153994;TLK1324716;nan
153998;TLK1325585;nan
154002;TLK1326595;nan
154006;TLK13275115;nan
154010;TLK13285125;nan
154014;TLK133100145;nan
154018;TLK133114;nan
154022;TLK133130180;nan
154026;TLK133140190;nan
154030;TLK133170225;nan
154034;TLK133190250;nan
154038;TLK13321116;nan
154042;TLK133218;nan
154046;TLK133234;nan
154054;TLK1332916;nan
154058;TLK133314;nan
154062;TLK133338;nan
154066;TLK1333865;nan
154070;TLK1334275;nan
154074;TLK1334880;nan
154078;TLK1335716;nan
154082;TLK1336716;nan
154086;TLK1337716;nan
154090;TLK13390130;nan
154098;TLK20011516;nan
154102;TLK2001316;nan
154106;TLK200150200;nan
154110;TLK2001716;nan
154114;TLK2001947;nan
154118;TLK20021116;nan
154122;TLK200218;nan
154126;TLK2002316;nan
154130;TLK2002450;nan
154134;TLK2002716;nan
154138;TLK2003;nan
154142;TLK20031516;nan
154146;TLK200338;nan
154150;TLK2003716;nan
154158;TLK200418;nan
154166;TLK2005080;nan
154170;TLK2005716;nan
154174;TLK20061516;nan
154178;TLK20070110;nan
154182;TLK20078;nan
154186;TLK20095135;nan
154190;TLK3001114;nan
154194;TLK3001316;nan
154198;TLK3001519;nan
154206;TLK3001924;nan
154210;TLK3002428;nan
154214;TLK3003236;nan
154218;TLK3004045;nan
154222;TLK3005057;nan
154226;TLK3006068;nan
154230;TLK3007079;nan
154234;TLK3008091;nan
154238;TLK300912;nan
154242;TLK3501222;nan
154246;TLK3501735;nan
154250;TLK3502240;nan
154258;TLK3504065;nan
154262;TLK3505080;nan
154266;TLK350920;nan
154274;TLK450130180;nan
154278;TLK450140190;nan
154282;TLK450170225;nan
154286;TLK450190250;nan
154290;TLK450212;nan
154294;TLK450220285;nan
154298;TLK450240305;nan
154302;TLK4502716;nan
154306;TLK4503;nan
154310;TLK45031516;nan
154314;TLK4503560;nan
154318;TLK4503865;nan
154322;TLK450414;nan
154326;TLK450438;nan
154330;TLK4505;nan
154334;TLK45051516;nan
154338;TLK4506;nan
154342;TLK4506595;nan
154346;TLK450712;nan
154350;TLK45075115;nan
154358;TLK5001850;nan
154362;TLK5002455;nan
154366;TLK5003275;nan
154370;TLK5004290;nan
154374;TLK50055105;nan
154378;TLK50075125;nan
154382;HR1508;nan
154414;FA4750;nan
154463;CS8002;nan
154479;6202240;nan
154499;6202568;nan
154527;6202803;nan
154547;6202900;nan
154551;6202940;nan
154555;6940480;nan
154567;8011380;nan
154571;CT1103;nan
154575;CT1105-L;nan
154583;CT1205;nan
154599;CT2403;nan
817943;DPA2100L120.00;nan
154619;DPB2060L120.00;nan
817951;DPD2040L120.00;nan
154631;DPD2100L120.00;nan
817956;DPE2060L120.00;nan
154639;GB1000-3G120.00;nan
154647;GB2000-3G120.00;nan
154663;GC2025-3G120.00;nan
154667;GC2060-5G120.00;nan
154671;GC3535-3G120.00;nan
154675;GC3580-9G120.00;nan
154691;GR1101-3A120.00;nan
154703;GS1100-1G120.00;nan
154707;GT1060-5G120.00;nan
154723;MB1002;nan
154731;MC0007;nan
154735;NC1003L120.00;nan
154739;NC1007L120.00;nan
154743;NC1050L120.00;nan
154747;NC1100L120.00;nan
154751;NC1180L120.00;nan
154755;NC2003L120.00;nan
154759;NC2040L120.00;nan
154771;NC3640L120.00;nan
154799;5700212;nan
154823;5700440;nan
154827;5700470;nan
154831;5700480;nan
154847;6202990038;nan
154923;4907015;nan
154939;4908077;nan
154943;4911065;nan
154951;4911101;nan
154963;4917001;nan
154967;4917005;nan
154983;4934020;nan
154996;4935030;nan
155000;4940003;nan
155004;4940007;nan
155008;4940011;nan
155012;4940015;nan
155020;4940024;nan
155028;4940032;nan
155056;4940077;nan
155060;5050001;nan
155064;5050006;nan
155080;5218027;nan
155133;0408250;nan
155141;0418060;nan
153739;63DS0075;nan
153755;63JA0068;nan
153759;63SD0087;nan
153763;63SD0112;nan
153767;63SD0137;nan
153771;63SF0112;nan
153775;63SF0143;nan
153779;63SF0168;nan
153783;63SF0193;nan
153787;63SF0225;nan
153791;63SH0093;nan
153795;63SH0118;nan
153799;63SK0100;nan
153807;63SK0150;nan
153823;BC0006;nan
153859;TLK110100125;nan
153863;TLK1101118;nan
153867;TLK110118;nan
153871;TLK110130165;nan
153875;TLK110138;nan
153879;TLK1101516;nan
153883;TLK1101624;nan
153887;TLK1101826;nan
153891;TLK1102028;nan
153895;TLK110218;nan
153899;TLK110238;nan
153903;TLK1102716;nan
153907;TLK1103041;nan
153911;TLK11038;nan
153915;TLK1104559;nan
153919;TLK1105571;nan
153923;TLK1106584;nan
153927;TLK1107595;nan
153931;TLK11085106;nan
153935;TLK1321;nan
153939;TLK132112;nan
153943;TLK132120165;nan
153947;TLK132138;nan
153951;TLK132160210;nan
153963;TLK13221516;nan
153967;TLK1322316;nan
153971;TLK1322550;nan
153975;TLK1322916;nan
153979;TLK132314;nan
153983;TLK132338;nan
153987;TLK1323865;nan
153991;TLK1324275;nan
153995;TLK1324880;nan
153999;TLK1325716;nan
154003;TLK1326716;nan
154007;TLK1327716;nan
154011;TLK13290130;nan
154015;TLK133110155;nan
154019;TLK13311516;nan
154023;TLK1331316;nan
154027;TLK133150200;nan
154031;TLK1331716;nan
154039;TLK133212;nan
154043;TLK133220285;nan
154047;TLK133238;nan
154055;TLK1333;nan
154059;TLK13331516;nan
154063;TLK13334;nan
154067;TLK1334;nan
154071;TLK133434;nan
154075;TLK1335080;nan
154079;TLK1336090;nan
154087;TLK13378;nan
154091;TLK13395135;nan
154095;TLK20011116;nan
154099;TLK200118;nan
154103;TLK200134;nan
154107;TLK200158;nan
154111;TLK200178;nan
154115;TLK2002;nan
154119;TLK200212;nan
154123;TLK200220285;nan
154127;TLK200234;nan
154131;TLK2002550;nan
154135;TLK200278;nan
154139;TLK2003055;nan
154143;TLK200318;nan
154147;TLK20034;nan
154151;TLK200378;nan
154155;TLK200412;nan
154159;TLK2004275;nan
154163;TLK2004716;nan
154167;TLK200512;nan
154179;TLK200712;nan
154183;TLK20080120;nan
154187;TLK300100114;nan
154191;TLK300120134;nan
154195;TLK300140158;nan
154199;TLK300160178;nan
154203;TLK300180201;nan
154207;TLK300200224;nan
154211;TLK3002530;nan
154215;TLK3003540;nan
154219;TLK3004248;nan
154223;TLK3005562;nan
154227;TLK3006371;nan
154231;TLK300710;nan
154235;TLK300811;nan
154239;TLK30095106;nan
154243;TLK3501426;nan
154247;TLK3501835;nan
154251;TLK3502447;nan
154255;TLK3503255;nan
154259;TLK3504275;nan
154263;TLK350616;nan
154267;TLK4501;nan
154271;TLK450114;nan
154275;TLK4501316;nan
154279;TLK450150200;nan
154283;TLK4501716;nan
154291;TLK450214;nan
154295;TLK4502316;nan
154299;TLK4502550;nan
154303;TLK450278;nan
154307;TLK4503055;nan
154311;TLK450318;nan
154315;TLK450358;nan
154319;TLK4504;nan
154323;TLK45041516;nan
154327;TLK4504575;nan
154331;TLK4505080;nan
154335;TLK450534;nan
154339;TLK4506090;nan
154343;TLK4506716;nan
154347;TLK450714;nan
154351;TLK4507716;nan
154355;TLK45090130;nan
154359;TLK5001950;nan
154363;TLK5002555;nan
154367;TLK5003575;nan
154375;TLK50060105;nan
154379;TLK50080125;nan
154383;HR1510;nan
154387;F2B6280AL;nan
154436;RA5501;nan
154476;6202190;nan
154480;6202270;nan
154484;6202350;nan
154492;6202510;nan
154496;6202562;nan
154500;6202570;nan
154504;6202580;nan
154508;6202590;nan
154512;6202640;nan
154516;6202670;nan
154532;6202815;nan
154536;6202835;nan
154540;6202855;nan
154564;8011350;nan
154568;CT1101;nan
154572;CT1103-L;nan
154576;CT1106;nan
154584;CT1205-L;nan
154596;CT2204;nan
154600;CT3101;nan
154620;DPB2080L120.00;nan
817952;DPD2050L120.00;nan
154632;DPD2120L120.00;nan
154636;DPE2080L120.00;nan
154652;GB3000-5G120.00;nan
154656;GC1040-3G120.00;nan
154660;GC1081-5G120.00;nan
154664;GC2035-3G120.00;nan
154668;GC2080-9G120.00;nan
154672;GC3540-3G120.00;nan
154676;GC3625-3G120.00;nan
154680;GC3660-9G120.00;nan
154684;GR1000-3S120.00;nan
154688;GR1100-3A120.00;nan
154696;GR2003-9G120.00;nan
154720;LX0014;nan
154724;MB1003;nan
818003;NC1000L120.00;nan
818007;NC1004L120.00;nan
818011;NC1025L120.00;nan
818015;NC1060L120.00;nan
818019;NC2000L120.00;nan
818027;NC2050L120.00;nan
154764;NC3535L120.00;nan
818032;NC3580L120.00;nan
818035;NC3650L120.00;nan
154816;5700370;nan
154824;5700453;nan
154832;5700490;nan
154856;6202990056;nan
154900;1032170;nan
154904;4816018;nan
154920;4907006;nan
154928;4907033;nan
154940;4911062;nan
154948;4911070;nan
154952;4911102;nan
154964;4917002;nan
154968;4917006;nan
154972;4920110;nan
154976;4930100;nan
154984;4934021;nan
155001;4940004;nan
155005;4940008;nan
155009;4940012;nan
155013;4940016;nan
155017;4940021;nan
155029;4940033;nan
155037;4940057;nan
155053;4940074;nan
155057;4940078;nan
155061;5050002;nan
155085;5240000;nan
155097;5260555;nan
5056939;T151320;nan
817537;040850010;nan
817545;493060030M;nan
817549;493140030M;nan
817578;L04OP804;nan
817595;4911077;nan
817611;5700600;nan
817615;5700604;nan
817619;5700610;nan
817623;5700620;nan
817631;B0361;nan
817635;B0621;nan
817651;B121040;nan
817659;B121090;nan
817663;B121130;nan
817675;B122108;nan
817715;B151100;nan
817731;B152507;nan
817743;B301025;nan
817751;B301085;nan
817755;B302012;nan
817771;B302215;nan
817775;B302700;nan
817779;B401028;nan
817803;B401180;nan
817819;B402114;nan
817831;B402302;nan
817851;B601050;nan
817859;B601120;nan
817863;B601180;nan
817907;B801024;nan
817911;B801038;nan
817915;B802005;nan
154611;DPA2050L120.00;nan
817943;DPA2100L120.00;nan
817951;DPD2040L120.00;nan
817955;DPE2050L120.00;nan
817963;H0303;nan
817987;H2202;nan
817991;H2603;nan
818031;NC3550L120.00;nan
818035;NC3650L120.00;nan
818043;T121032;nan
818051;T121180;nan
818059;T122302;nan
818063;T122406;nan
818071;T122708;nan
818083;T151300;nan
818087;T152500;nan
818095;T301024;nan
818107;T301140;nan
818115;T301240;nan
818119;T301320;nan
818127;T302209;nan
818131;T302304;nan
818139;T302415;nan
818143;T302615;nan
818147;T401019;nan
818151;T401150;nan
818155;T401340;nan
818159;T402103;nan
818171;T402607;nan
818175;T402800;nan
818179;T601019;nan
818183;T601038;nan
818187;T601065;nan
818191;T601130;nan
818199;T601320;nan
818203;T602015;nan
818207;T602306;nan
818211;T602500;nan
818219;T8028;nan
818231;T8085;nan
818243;T82115;nan
818247;T82210;nan
818251;T82302;nan
818271;T901028;nan
818275;T902004;nan
817530;0419002;nan
817567;L03A10;nan
817579;L04OP805M;nan
817583;L04R90CSG;nan
817612;5700601;nan
817616;5700605;nan
817640;B0753;nan
817672;B122104;nan
817696;B122308;nan
817712;B1401;nan
817716;B151120;nan
817724;B151220;nan
817728;B152308;nan
817732;B152515;nan
817748;B301050;nan
817756;B302100;nan
817760;B302106;nan
817764;B302112;nan
817768;B302204;nan
817772;B302300;nan
817792;B401075;nan
817816;B402110;nan
817820;B402115;nan
817824;B402204;nan
817828;B402211;nan
817844;B601022;nan
817860;B601140;nan
817864;B601200;nan
817868;B602102;nan
817880;B602203;nan
817892;B602400;nan
817896;B602515;nan
817900;B801010;nan
817920;B802015;nan
817928;B802207;nan
154616;DPA2120L120.00;nan
154624;DPC2050L120.00;nan
817952;DPD2050L120.00;nan
817956;DPE2060L120.00;nan
817960;GC1100-9G120.00;nan
817980;H1852;nan
817988;H2203;nan
818008;NC1005L120.00;nan
818012;NC1035L120.00;nan
818028;NC2060L120.00;nan
818036;NC3660L120.00;nan
818044;T121038;nan
818056;T122102;nan
818068;T122608;nan
818072;T122712;nan
818080;T151130;nan
818084;T152307;nan
818104;T301095;nan
818108;T301150;nan
818112;T301190;nan
818116;T301260;nan
818120;T301340;nan
818124;T302114;nan
818128;T302211;nan
818132;T302306;nan
818136;T302400;nan
818140;T302507;nan
818144;T302707;nan
818152;T401280;nan
818156;T401360;nan
818160;T402206;nan
818164;T402304;nan
818184;T601042;nan
818188;T601070;nan
818192;T601150;nan
818196;T601260;nan
818200;T601340;nan
818204;T602202;nan
818212;T602615;nan
818216;T8011;nan
818232;T8095;nan
818236;T82007;nan
818240;T82111;nan
818244;T82202;nan
818252;T82304;nan
818256;T82310;nan
818272;T901030;nan
668077;0418093;nan
1435812;1032038C;nan
1435824;4999027;nan
1435836;4999145;nan
1435840;4905705;nan
1435844;4905707;nan
1435860;TTQM2845;nan
1435872;4999390;nan
1435876;4940096;nan
1435884;4940120;nan
1435888;4940125;nan
1435900;6410081;nan
1435904;L04C8595;nan
1435908;L04B856.3;nan
1435912;L04BL850604;nan
1435916;L04BL854;nan
1435920;L04C854T;nan
1435924;L04G8918MS;nan
1435928;L04G896MSR;nan
1435932;L04OG8512.5M;nan
1435936;L04R857M;nan
1435940;L04OG8520R;nan
1435944;L04I85CRXH;nan
1435948;L04G89ZR;nan
1435952;4909066;nan
1435960;4909072;nan
1435964;4918009;nan
1435968;4999026;nan
1435972;4999140;nan
1435976;4910200C;nan
1435980;L04BR808;nan
1435984;L04G898MRS;nan
1435988;4999524;nan
1435992;5299103;nan
1435996;L04C850604;nan
1436020;6202850UP;nan
1436028;4999388;nan
1436036;4927006;nan
1436044;4928004;nan
1436048;4928008;nan
1436052;6202190UP;nan
1436060;6202460UP;nan
1436068;4941102;nan
1436072;4941106;nan
1436076;L04BL855MX30;nan
1436104;B171280;nan
1436112;B171480;nan
1436120;L04BE9515M;nan
1436124;L04BE95B;nan
1436132;L04BL85A;nan
1436136;L04BL85BR;nan
1436140;L04BR80A;nan
1436144;L04C8512M;nan
1436152;L04C85AXH;nan
1436160;L04G899.5;nan
1436164;L04I85AR;nan
1436172;L04I85CSG;nan
1436176;L04OP806M;nan
1436180;L04OP80AR;nan
1436184;L04OP80CR;nan
1436196;L04BE959.5R;nan
1436200;L04OR8519R;nan
1436204;L04OG85CRXH;nan
1436212;L04OG856.3;nan
1436216;L04OG8515M;nan
1436220;L04OG857MR;nan
1436224;L04OG8515MR;nan
1436228;L04BE95A;nan
1436240;6202584UP;nan
2549338;ORHYF0178 B X;nan
1435805;4911075;nan
1435809;4905024;nan
1435813;4905015;nan
1435817;4912063C;nan
1435821;4999144;nan
1435833;4999251;nan
1435837;6410094;nan
1435841;4905712;nan
1435845;4905708;nan
1435873;4999391;nan
1435877;4940097;nan
1435881;4940115;nan
1435885;4940121;nan
1435893;6410025;nan
1435901;6410106;nan
1435905;L04C85CR;nan
1435909;L04BE959.5M;nan
1435913;L04BL8515;nan
1435917;L04BL854T;nan
1435921;L04C8585;nan
1435929;L04G898X5;nan
1435937;L04R85AXT;nan
1435941;L04G89ARXH;nan
1435949;4905009;nan
1435953;4903012;nan
1435961;4910100;nan
1435973;4999236;nan
1435977;4910300C;nan
1435985;L04G899;nan
1435989;L04G89AXL;nan
1435993;4999562;nan
1435997;4999590;nan
1436001;6202200UP;nan
1436021;6202855UP;nan
1436037;4927007;nan
1436045;4928005;nan
1436053;6202270UP;nan
1436061;6202510UP;nan
1436073;4941107;nan
1436077;4999637;nan
1436081;6202572UP;nan
1436085;6202590UP;nan
1436093;6202940UP;nan
1436097;4941109;nan
1436105;B171300;nan
1436109;B171420;nan
1436117;B171580;nan
1436121;L04BE955M;nan
1436133;L04BL85B;nan
1436137;L04BL85ZR;nan
1436141;L04BR80C;nan
1436145;L04C8516M;nan
1436149;L04C857M;nan
1436161;L04I85A;nan
1436165;L04I85BR;nan
1436173;L04I85CXHR;nan
1436177;L04OP806X4;nan
1436181;L04OP80ARXH;nan
1436185;L04OG857M;nan
1436189;L04OG856.3R;nan
1436209;L04I85ZR;nan
1436213;L04OG8510MR;nan
1436217;L04OG8512M;nan
1436221;L04OG859.5R;nan
1436225;L04BL858XE;nan
1436229;L04BL8510R;nan
1436233;L04G896.3M;nan
1436237;6202562UP;nan
1436241;6202586UP;nan
154979;4934009;nan
155149;4081070;nan
817767;B302203;nan
817800;B401140;nan
817884;B602208;nan
818208;T602312;nan
153750;63DS0143;nan
153758;63SD0081;nan
153790;63SH0087;nan
153806;63SK0143;nan
153814;63SK0193;nan
153818;6980320X;nan
153822;BC0002;nan
153830;CB0005;nan
153842;RB0071;nan
153846;SB0004;nan
153850;SB0016;nan
153962;TLK132214;nan
153986;TLK1323716;nan
154050;TLK1332550;nan
154094;TLK200110155;nan
154154;TLK2004065;nan
154162;TLK2004575;nan
154202;TLK3001721;nan
154254;TLK3503055;nan
154270;TLK450112;nan
154354;TLK45085125;nan
154394;FA2003;nan
154398;FA2700;nan
154402;FA3002;nan
154406;FA3301;nan
154410;FA3750;nan
154418;FX0002;nan
154427;RA3502;nan
154435;RA5001;nan
154443;V3B6280AL;nan
154447;VA3002;nan
154451;VA4130;nan
154455;VA7501;nan
154491;6202480;nan
154503;6202576;nan
154507;6202586;nan
154511;6202596;nan
154515;6202660;nan
154523;6202750;nan
154531;6202811;nan
154535;6202830;nan
154539;6202850;nan
154579;CT1202;nan
154587;CT1403;nan
154591;CT2104;nan
154595;CT2203;nan
154603;CT3103;nan
154607;CT3202-H;nan
154611;DPA2050L120.00;nan
817947;DPC2040L120.00;nan
154643;GB1004-5G120.00;nan
154651;GB2006-5G120.00;nan
154655;GC1035-3G120.00;nan
154659;GC1080-5G120.00;nan
154679;GC3650-9G120.00;nan
154683;GR1000-3G120.00;nan
154687;GR1001-3S120.00;nan
154695;GR2002-5G120.00;nan
154699;GS1040-0G120.00;nan
154719;LX0005;nan
154727;MC0001;nan
154763;NC3525L120.00;nan
154767;NC3560L120.00;nan
154775;RT0500;nan
154783;RT1603;nan
154791;5700160;nan
154795;5700202;nan
154807;5700251;nan
154811;5700340;nan
154815;5700365;nan
154819;5700400;nan
154835;5800800;nan
154839;5850100;nan
154843;6202990024;nan
154851;6202990046;nan
154855;6202990054;nan
154859;6202990024U;nan
154871;1032024;nan
154895;1032148;nan
154903;1232600;nan
154907;4817018;nan
154911;4905304;nan
154919;4907003;nan
154927;4907030;nan
154935;4908024;nan
154947;4911069;nan
154955;4912064;nan
154959;4912068;nan
154971;4920105;nan
154975;4924345;nan
154991;4935009;nan
155016;4940020;nan
155024;4940028;nan
155036;4940056;nan
155044;4940064;nan
155052;4940073;nan
155068;5050010;nan
155076;5218012;nan
155084;5230000;nan
155088;5260400;nan
155092;5260530;nan
155096;5260550;nan
155100;5299007;nan
155104;0201010;nan
155108;0202005;nan
155112;0314050;nan
155121;0405230;nan
155125;0408020;nan
155137;0410300;nan
1436005;6202320UP;nan
1436129;L04BL856M;nan
153743;63DS0100;nan
153747;63DS0125;nan
153751;63DS0150;nan
153803;63SK0125;nan
153811;63SK0175;nan
153819;6980400X;nan
153827;CB0002;nan
153831;CB0006;nan
153835;CB0020;nan
153839;CB0100;nan
153843;SB0001;nan
153847;SB0005;nan
153851;SB0017;nan
153855;SB0032;nan
153955;TLK132180235;nan
153959;TLK1322047;nan
154035;TLK1332;nan
154051;TLK1332716;nan
154083;TLK13370110;nan
154171;TLK2006;nan
154175;TLK2006595;nan
154287;TLK4502;nan
154371;TLK5004590;nan
154391;F4B6280AL;nan
154395;FA2009;nan
154399;FA2750;nan
154403;FA3003;nan
154407;FA3501;nan
154411;FA3751;nan
154415;FA5501;nan
154424;RA3001;nan
154428;RA3503;nan
154432;RA4502;nan
154444;V4B6280;nan
154456;CS3502;nan
154468;6202110;nan
154488;6202430;nan
154520;6202710;nan
154528;6202804;nan
154544;6202876;nan
154548;6202910;nan
154552;6940240;nan
154560;6990120;nan
154580;CT1203;nan
154588;CT2101;nan
154592;CT2105;nan
154604;CT3196;nan
817940;DPA2060L120.00;nan
154616;DPA2120L120.00;nan
154624;DPC2050L120.00;nan
154640;GB1001-3G120.00;nan
154644;GB1005-5G120.00;nan
154648;GB2001-3G120.00;nan
154692;GR1101-3G120.00;nan
154704;GT1035-3G120.00;nan
154708;LT1001;nan
154712;LT2002;nan
154716;LX0001;nan
154728;MC0002;nan
154748;NC1120L120.00;nan
818023;NC2006L120.00;nan
154776;RT0501;nan
154780;RT1003-H;nan
154784;RT1603-L;nan
154792;5700164;nan
154796;5700203;nan
154800;5700218;nan
154804;5700229;nan
154808;5700300;nan
154812;5700350;nan
154820;5700410;nan
154828;5700472;nan
154836;5810100;nan
154844;6202990028;nan
154848;6202990040;nan
154852;6202990048;nan
154860;6202990028U;nan
154924;4907018;nan
154936;4908027;nan
154944;4911066;nan
154956;4912065;nan
154988;4934025;nan
154992;4935012;nan
154997;4940000;nan
155021;4940025;nan
155025;4940029;nan
155045;4940065;nan
155049;4940070;nan
155077;5218015;nan
155081;5218030;nan
155089;5260500;nan
817529;0411301;nan
817533;0440100;nan
817557;L01C20;nan
817562;L02A5;nan
817566;L02Z5N;nan
817570;L04BY40BSG;nan
817574;L04G89CSG;nan
817587;0408601;nan
817591;0440101;nan
817599;5050017;nan
817603;5700351;nan
817607;5700537;nan
817639;B0751;nan
817643;B0901;nan
817647;B1101;nan
817667;B121200;nan
817671;B122103;nan
817679;B122115;nan
817687;B122209;nan
817691;B122215;nan
817695;B122307;nan
817699;B122400;nan
817703;B122500;nan
817707;B122600;nan
817711;B1265;nan
817719;B151160;nan
817723;B151200;nan
817727;B152215;nan
817735;B1551;nan
817739;B2201;nan
817747;B301045;nan
817763;B302110;nan
817783;B401038;nan
817787;B401050;nan
817791;B401070;nan
817795;B401095;nan
817799;B401130;nan
817807;B401240;nan
817811;B402100;nan
817827;B402210;nan
817835;B402400;nan
817839;B402507;nan
817843;B402700;nan
817855;B601080;nan
817875;B602111;nan
817879;B602200;nan
817883;B602207;nan
817887;B602215;nan
817891;B602308;nan
817895;B602507;nan
817899;B602707;nan
817903;B801018;nan
817919;B802012;nan
817923;B802104;nan
817927;B802200;nan
817931;B802315;nan
817935;B902012;nan
817947;DPC2040L120.00;nan
817959;GB3001-5G120.00;nan
817975;H1651;nan
817979;H1753;nan
817983;H1952;nan
817995;H3001;nan
817999;H3203;nan
818003;NC1000L120.00;nan
818007;NC1004L120.00;nan
818011;NC1025L120.00;nan
818015;NC1060L120.00;nan
818019;NC2000L120.00;nan
818023;NC2006L120.00;nan
818027;NC2050L120.00;nan
818055;T121300;nan
818067;T122607;nan
818075;T151075;nan
818079;T151110;nan
818091;T301018;nan
818099;T301042;nan
818103;T301080;nan
818111;T301180;nan
818123;T302111;nan
818135;T302315;nan
818163;T402214;nan
818167;T402315;nan
818195;T601240;nan
818215;T8009;nan
818223;T8048;nan
818227;T8065;nan
818235;T8120;nan
818239;T82106;nan
818255;T82308;nan
818259;T901006;nan
818263;T901014;nan
818279;T902014;nan
668060;0418053;"""Color""=>""Red"", ""Material""=>""Composite Polyester/Polyurethane"", ""Top Width""=>""17 mm, 5/8\"""", ""Compliancy""=>""REACH, RoHS"", ""Profile Size""=>""B/17/5L"", ""Profile shape""=>""Vee"", ""Minimum Pulley Diameter""=>""125 mm, 5\"""", ""Maximum Ride Height Above Rim""=>""0.22\"" (5.6mm)"", ""Minimum Ride Height Above Rim""=>""0.14\"" (3.4mm)"""
668064;0419110;nan
668068;0419120;nan
668072;0418073;nan
668076;04093030;nan
155093;5260535;nan
155101;5299009;nan
155105;0202002;nan
155109;0202006;nan
155118;0405081;nan
155134;0408270;nan
155138;0418010;nan
155142;4051040;nan
155146;4081040;nan
817534;04100102;nan
817538;040860010;nan
817542;493030030M;nan
817550;493150030M;nan
817563;L02B20;nan
817571;L04BY40CSG;nan
817575;L04OP8015M;nan
817588;0408605;nan
817592;0499002;nan
817596;4940036;nan
817600;5700152;nan
817604;5700361;nan
817620;5700611;nan
817624;0418010SL;nan
817628;5700161K;nan
817632;B0441;nan
817636;B0623;nan
817644;B0903;nan
817648;B121025;nan
817652;B121045;nan
817656;B121065;nan
817664;B121140;nan
817668;B121220;nan
817676;B122110;nan
817688;B122210;nan
817700;B122407;nan
817704;B122504;nan
817708;B122615;nan
817720;B151170;nan
817736;B1751;nan
817740;B2401;nan
817744;B301030;nan
817752;B301090;nan
817776;B401020;nan
817780;B401030;nan
817784;B401040;nan
817788;B401055;nan
817796;B401100;nan
817804;B401190;nan
817808;B401260;nan
817812;B402102;nan
817832;B402306;nan
817836;B402407;nan
817840;B402600;nan
817848;B601035;nan
817852;B601055;nan
817856;B601090;nan
817872;B602107;nan
817876;B602112;nan
817888;B602300;nan
817904;B801019;nan
817908;B801025;nan
817916;B802006;nan
817932;B802400;nan
817940;DPA2060L120.00;nan
817964;H0363;nan
817968;H0951;nan
817972;H1402;nan
817976;H1652;nan
817984;H1953;nan
817992;H2801;nan
817996;H3002;nan
818004;NC1001L120.00;nan
818016;NC1080L120.00;nan
818020;NC2001L120.00;nan
818024;NC2025L120.00;nan
818032;NC3580L120.00;nan
818040;RT4902;nan
818048;T121085;nan
818052;T121190;nan
818060;T122310;nan
818064;T122412;nan
818076;T151080;nan
818088;T152600;nan
818092;T301019;nan
818096;T301028;nan
818100;T301055;nan
818148;T401022;nan
818168;T402403;nan
818172;T402708;nan
818176;T601014;nan
818220;T8035;nan
818228;T8070;nan
818248;T82212;nan
818260;T901008;nan
818264;T901015;nan
818268;T901022;nan
818276;T902005;nan
818280;T902102;nan
625034;4912092;nan
668049;0409300;nan
668061;0312050;nan
668065;04191050;nan
668069;04092030;nan
668073;0411100;nan
1435808;4905012;nan
1435816;4905405;nan
1435820;5299004;nan
1435832;6410100;nan
1435880;4940114;nan
1435892;6410019;nan
1435896;6410044;nan
1435956;4905404;nan
1436004;6202300UP;nan
1436008;6202800UP;nan
1436016;6202825UP;nan
1436024;6202880UP;nan
1436032;4927002;nan
1436040;4927010;nan
1436064;6202870UP;nan
1436080;6202568UP;nan
1436084;6202582UP;nan
1436088;6202596UP;nan
1436092;6202930UP;nan
1436096;4941108;nan
1436100;B171200;nan
1436108;B171400;nan
1436116;B171560;nan
1436128;L04BL855M;nan
1436148;L04C854;nan
1436156;L04G89Z;nan
1436168;L04I85BRSG;nan
1436188;L04OG85AXH;nan
1436192;L04R9012M;nan
1436208;L04OG8513M;nan
1436232;L04G8912MRS;nan
1436236;L04G89BC;nan
1436244;T402106;nan
1435825;6410144;nan
1435829;6410125;nan
1435849;TTQM1223;nan
1435857;TTQM2235;nan
1435861;TTQM3045;nan
1435869;TTQM0820;nan
1435889;408401;nan
1435925;L04G8920R;nan
1435933;L04OG8564;nan
1435945;L04R8504;nan
1435957;4905406;nan
1435965;4940127;nan
1435969;4999028;nan
1435981;L04G8912MS;nan
1436009;6202803UP;nan
1436013;6202811UP;nan
1436017;6202830UP;nan
1436029;L02A20N;nan
1436033;4927003;nan
1436041;4928001;nan
1436049;4928009;nan
1436057;6202380UP;nan
1436069;4941103;nan
1436089;6202900UP;nan
1436101;B171220;nan
1436113;B171500;nan
1436125;L04BE95C;nan
1436153;L04G89AX;nan
1436157;L04G89AR;nan
1436169;L04I85CRSG;nan
1436193;L04R9005M;nan
1436197;L04C856M;nan
1436201;L04G89CR;nan
1436205;L04C855M;nan
1436245;L04OG852M;nan
1436249;L04OG856M;nan
153778;63SF0162;nan
153826;CB0001;nan
153834;CB0016;nan
154386;F2B6280;nan
154390;F4B6280;nan
154423;RA2701;nan
154431;RA4501;nan
154439;RX0219;nan
154459;CS5002;nan
154467;6202109;nan
154471;6202115;nan
154475;6202160;nan
154483;6202320;nan
154487;6202400;nan
154495;6202560;nan
154519;6202700;nan
154543;6202870;nan
154559;6990115;nan
154563;6990320;nan
154711;LT2001;nan
154715;LT3002-H;nan
154779;RT1003;nan
154787;RT4000;nan
154803;5700228;nan
154863;1032004;nan
154867;1032012;nan
154875;1032033;nan
154879;1032041;nan
154883;1032054;nan
154887;1032121;nan
154891;1032136;nan
154899;1032163;nan
154915;4905308;nan
154931;4908009;nan
154987;4934024;nan
155032;4940052;nan
155040;4940060;nan
155048;4940068;nan
155072;5050015;nan
155117;0405070;"""Color""=>""Red"", ""Material""=>""Composite Polyester/Polyurethane"", ""Top Width""=>""22mm, 7/8\"""", ""Compliancy""=>""RoHS"", ""Profile size""=>""C/22"", ""Profile shape""=>""Vee"", ""Minimum Pulley Diamete""=>""229mm, 9.00\"""", ""Maximum Ride Height Above Rim""=>""0.20\"" (5.1mm)"", ""Minimum Ride Height Above Rim""=>""0.07\"" (1.8mm)"""
155129;0408081;nan
155145;4051070;nan
817541;493020030M;nan
817553;L01A20;nan
817582;L04R90BSG;nan
817627;5700160K;nan
817655;B121060;nan
817683;B122204;nan
817759;B302104;nan
817815;B402108;nan
817823;B402203;nan
817847;B601030;nan
817867;B602100;nan
817871;B602106;nan
817967;H0553;nan
817971;H1253;nan
818039;RT4900;nan
818047;T121075;nan
818267;T901020;nan
641713;4912096;nan
668048;0409200;nan
668052;0410030;nan
668056;0418023;"""Color""=>""Red"", ""Material""=>""Composite Polyester/Polyurethane"", ""Top Width""=>""10mm"", ""Compliancy""=>""RoHS"", ""Profile size""=>""Z/10"", ""Profile Shape""=>""Vee"", ""Minimum Pulley Diameter""=>""45mm"", ""Maximum Ride Height Above Rim""=>""0.20\"" (5.2mm)"", ""Minimum Ride Height Above Rim""=>""0.14\"" (3.6mm)"""
153815;63SK0200;nan
154420;RA2002;nan
154440;V2B6280;nan
154448;VA3600;nan
154452;VA5001;nan
154460;CS5005;nan
154464;6202103;nan
154472;6202119;nan
154524;6202760;nan
154556;6990105;nan
154608;CT3203;nan
154700;GS1050-0G120.00;nan
154788;RT4011;nan
154840;5850200;nan
154864;1032006;nan
154868;1032016;nan
154872;1032030;nan
154876;1032038;nan
154880;1032046;nan
154884;1032062;nan
154888;1032126;nan
154892;1032142;nan
154896;1032151;nan
154908;4899006;nan
154912;4905305;nan
154916;4905310;nan
154932;4908012;nan
154960;4912069;nan
154980;4934012;nan
155033;4940053;nan
155041;4940061;nan
155065;5050007;nan
155069;5050011;nan
155073;5050016;nan
155113;0405010;"""Color""=>""Red"", ""Material""=>""Composite Polyester/Polyurethane"", ""Top Width""=>""3/8\"""", ""Compliancy""=>""RoHS"", ""Profile size""=>""3L"", ""Profile shape""=>""Vee"", ""Minimum Pulley Diameter""=>""2.00\"""", ""Maximum Ride Height Above Rim""=>""0.17\"" (4.2mm)"", ""Minimum Ride Height Above Rim""=>""0.12\"" (3.0mm)"""
155122;0405250;nan
155126;0408030;nan
155130;0408082;nan
155150;0410100-25;nan
1435828;6410113;nan
1435848;TTQM1123;nan
1435852;TTQM1626;nan
1435856;TTQM2035;nan
1435864;TTQM0316;nan
1435868;TTQM0720;nan
1436000;6202160UP;nan
1436012;6202808UP;nan
817546;493070030M;nan
817554;L01A5;nan
817558;L01C5;nan
817608;5700539;nan
817660;B121100;nan
817680;B122200;nan
817684;B122206;nan
817692;B122300;nan
817912;B801040;nan
817924;B802107;nan
817936;B902100;nan
818000;L04CON10S;nan
818180;T601020;nan
818224;T8050;nan
668053;0410050;nan
668057;0418033;"""Color""=>""Red"", ""Materia""=>""Composite Polyester/Polyurethane"", ""Top Width""=>""1/2\"", 13mm"", ""Compliancy""=>""REACH, RoHS"", ""Profile size""=>""A/13/4L"", ""Profile shape""=>""Vee"", ""Minimum Pulley Diameter""=>""3.00\"", 80mm"", ""Maximum Ride Height Above Rim""=>""0.16\"" (4.0mm)"", ""Minimum Ride Height Above Rim""=>""0.08\"" (2.1mm)"""
1436056;6202360UP;nan
1436248;L04OG854;nan
1435853;TTQM1732;nan
1435865;TTQM0416;nan
1435897;6410050;nan
1436025;6202885UP;nan
1436065;6202865UP;nan
