id,catalog_number
313872,7318 BEGAY
313871,7320 BECBP
313870,7317 BECBP
313869,7307 BEP
313868,7314 BECBM
313867,7044 BGM
313866,QJ 328 N2MA/C3
313865,305608
313864,QJ 336 N2MA/C3
313863,466880
313862,309245 B
313861,BA2B 633811
313860,QJ 310 MA
313859,QJ 330 N2MA
313858,QJ 309 MA
313857,QJ 326 N2MA
313856,QJ 314 MA
313855,QJ 308 N2MA/C2L
313854,QJ 308 MA
313853,309515 D
313852,305807 C-2Z
313851,305806 C-2Z
313850,305706 C-2Z
313849,305702 C-2Z
313848,305338 D
313847,305286 D
313846,305272 D
313845,305264 D
313844,305256 D
313843,305183
313842,225147 M
313841,7419 M
313840,7418 M
313839,7416 M
313838,7415 BGBM
313837,7415 BM
313836,7412 BM
313835,7411 BGBM
313834,7411 BM
313833,7410 BCBM
313832,7410 BM
313831,7409 BGBM
313830,7409 BCBM
313829,7408 BGBM
313828,7408 BCBM
313827,7408 BM
313826,7407 BCBM
313825,7407 BM
313824,7406 BCBM
313823,7406 BM
313822,7405 BCBM
313821,7405 BM
313820,7334 BCBM
313819,7330 BCBM
313818,7328 BM/DBBVE474
313817,7326 BCBM
313816,7324 BCBM
313815,7322 BEY
313814,7322 BECBY
313813,7322 BEP
313812,7321 BECBM
313811,7320 BEY
313810,7320 BECBY
313809,7320 BEGBY
313808,7319 BECBY
313807,7318 BECBY
313806,7317 BECBY
313805,7316 BEY
313804,7316 BECBY
313803,7315 BECBY
313802,7314 BEGAY
313801,7313 BECBY
313800,7313 BECBM
313799,7312 BEY
313798,7312 BECBY
313797,7312 BEGBY
313796,7311 BEY
313795,7311 BECBY
313794,7311 BEGBY
313793,7311 BEGAY
313792,7310 BEY
313791,7310 BECBY
313790,7309 BECBY
313789,7309 BEGBY
313788,7308 BEY
313787,7308 BECBY
313786,7308 BEGBY
313785,7307 BEY
313784,7307 BECBY
313783,7307 BECBP
313782,7306 BEY
313781,7306 BECBY
313780,7305 BEY
313779,7305 BECBY
313778,7304 BEY
313777,7304 BECBY
313776,7304 BECBP
313775,7303 BEP
313774,7302 BECBP
313773,7302 BEP
313772,7301 BEP
313771,7236 BCBM
313770,7234 BCBM
313769,7232 BCBM
313768,7228 BCBM
313767,7228 BM
313766,7222 BECBY
313765,7220 BEY
313764,7220 BECBY
313763,7219 BECBY
313762,7218 BECBY
313761,7217 BECBY
313760,7216 BECBY
313759,7215 BECBY
313758,7214 BECBY
313757,7213 BEY
313756,7213 BECBY
313755,7212 BEY
313754,7212 BECBY
313753,7211 BEY
313752,7211 BECBY
313751,7211 BEGBY
313750,7210 BEY
313749,7210 BECBY
313748,7209 BEY
313747,7209 BECBY
313746,7209 BEGBY
313745,7208 BEY
313744,7208 BECBY
313743,7208 BEGBY
313742,7207 BEY
313741,7207 BECBY
313740,7207 BEGBY
313739,7206 BECBY
313738,7206 BEGCY
313737,7205 BEY
313736,7205 BECBY
313735,7205 BEGBY
313734,7204 BECBP
313733,7204 BEP
313732,7203 BEP
313731,7202 BECBP
313730,7202 BEP
313729,7201 BECBP
313728,7201 BEP
313727,718/530 AMB/P5
313726,7314 BEP
313725,7314 BECBY
313724,7314 BECBP
313723,7313 BEP
313722,7313 BEGAF
313721,7313 BECBP
313720,7312 BEP
313719,7312 BECBP
313718,7311 BEP
313717,7311 BECBM
313716,7310 BEP
313715,7309 BEP
313714,7309 BECBP
313713,7309 BECBM
313712,7308 BEP
313711,7308 BEGBP
313710,7308 BECBM
313709,7308 BECBJ
313708,7306 BEP
313707,7306 BECBP
313706,7306 BECBM
313705,7305 BEP
313704,7305 BECBM
313703,7304 BEP
313702,7304 BECBM
313701,7303 BEGAP
313700,7303 BECBP
313699,7217 BEP
313698,7217 BECBP
313697,7216 BEP
313696,7216 BECBP
313695,7216 BECBM
313694,7215 BEP
313693,7215 BECBP
313692,7215 BECBM
313691,7214 BEP
313690,7214 BECBP
313689,7213 BEP
313688,7212 BEP
313687,7212 BECBM
313686,7212 BEGAP
313685,7211 BEP
313684,7211 BECBM
313683,7210 BEP
313682,7210 BECBM
313681,7210 BEGAP
313680,7209 BEP
313679,7209 BECBP
313678,7209 BECBM
313677,7208 BEP
313676,7208 BECBP
313675,7208 BEGAP
313674,7208 BECBM
313673,7207 BEP
313672,7207 BECBP
313671,7207 BEGBP
313670,7207 BECBM
313669,7205 BEP
313668,7205 BEGAP
313667,7200 BEP
313666,QJ 314 N2MA/C2L
313665,QJ 313 MA
313664,QJ 312 MA
313663,QJ 311 MA
313662,QJ 307 MA
313661,QJ 306 MA
313660,QJ 304 MA
313659,QJ 217 MA/C2L
313658,QJ 217 MA
313657,QJ 216 MA
313656,QJ 215 MA
313655,QJ 213 MA/C3
313654,QJ 213 MA
313653,QJ 212 MA/C3
313652,QJ 212 MA
313651,QJ 211 MA/C3
313650,QJ 211 MA
313649,QJ 210 MA/C3
313648,QJ 210 MA
313647,QJ 209 MA
313646,QJ 208 MA
313645,QJ 207 N2MA/C2L
313644,466931
313643,QJ 332 N2MA/C3
313642,7326 BGBM
313641,7204 BEGBP
313640,QJ 214 N2MA
313639,7212 BEGBP
313638,QJ 303 LA/P63
313637,QJ 306 LA/P63
313636,QJ 304 LA/P63
313635,QJ 217 N2MA/C3
313634,7206 BEY
313633,7206 BEP
313632,7206 BECBP
313631,QJ 212 MA/C2L
313630,QJ 215 MA/C2L
313629,7418 GAM
313628,7419 GAM
313627,7412 BGAM
313626,7413 BGAM
313625,7414 BGAM
313624,7415 BGAM
313623,7416 GAM
313622,7417 BAGAMC
313621,7417 BACBMC
313620,7418 CBM
313619,7416 CBM
313618,7415 BCBM
313617,7414 BCBM
313616,7413 BCBM
313615,7412 BCBM
313614,7411 BCBM
313613,7320 BECCM
313612,7320 BECBF
313611,7317 BECCM
313610,7321 BECBP
313609,7340 BCBM
313608,QJ 218 N2MA/C3
313607,7226 BGAM
313606,QJ 1060 MA
313605,7216 BECBJ
313604,7319 BEGAF
313603,7211 BECBJ
313602,7320 BEGAF
313601,7218 BEM/VE024
313600,QJ 310 MA/C2L
313599,QJ 306 N2MA/C2L
313598,7315 BECBJ
313597,7202 BEGAP
313596,7056 BGM
313595,602889 C
313594,7218 BEGAF
313593,7224 BGAM
313592,QJ 234 N2MA
313591,7310 BECBJ
313590,QJ 309 MA/C3
313589,7224 BGBM
313588,7410 BGAM
313587,QJ 311 N2MA/C2L
313586,7240 BCBM
313585,7311 BEN1GAP
313584,QJ 218 N2MA/C4B20
313583,7311 BECBJ
313582,QJ 212 N2MA/C4B20
313581,QJ 230 N2MA/C4B20
313580,7321 BECAM
313579,BA2B 440114 BD
313578,QJ 222 N2MA/C3
313577,7308 BEGAF
313576,QJ 322 N2MA/C2L
313575,QJ 314 N2MA/C3
313574,7209 BECBJ
313573,305419 C
313572,7222 BEGAF
313571,7210 BEP/QBCG450
313570,7213 BEP/QFCG2225
313569,7405 BGAM
313568,305263 D
313567,7312 BECBJ
313566,305283 D
313565,7238 BCBM
313564,7201 BEGAP
313563,QJ 322 N2MA/C3
313562,QJ 309 N2MA/C2L
313561,7338 BCBM
313560,305608 B
313559,7324 BGBM
313558,7024 BGM
313557,QJ 203 N2MA/C2L
313556,QJ 320 N2MA/C2L
313555,QJ 1252 MA/C3
313554,7317 BEN1GAM
313553,7316 BECBJ
313552,QJ 319 N2MA/C2L
313551,BA2B 633280
313550,7309 BECBJ
313549,QJ 224 N2MA/C3
313548,7309 BECAP
313547,QJ 316 N2MA/C2L
313546,7314 BEN1GAM
313545,7411 BGAM
313544,7203 BEGAP
313543,7230 BCBM
313542,7230 BGAM
313541,7409 BGM
313540,7420 CBM
313539,71909 ACD/P4AQBTB
313538,7011 CD/PA9ADGB
313537,7008 CC/HCPA9BDT
313536,7002 CC/HCPA9BDT
313535,7000 CC/HCPA9BDT
313534,709 CD/P4ADGA
313533,71932 CD/P4ADGA
313532,7020 ACD/P4ATGA
313531,71910 CDGA/P4A
313530,71938 ACD/P4ADGA
313529,7008 ACD/P4AQGB
313528,71930 ACD/P4ADGB
313527,7032 ACD/P4AQBCB
313526,71907 ACD/P4ADGB
313525,7015 ACD/P4AQBCA
313524,71944 CD/P4ADBA
313523,7012 ACD/P4AQGB
313522,71908 ACD/P4AQGC
313521,71944 ACD/P4ADGB
313520,7005 ACD/P4AQBCB
313519,71930 CD/P4ADGA
313518,7016 CD/HCP4ADGA
313517,7014 CD/HCP4ADGA
313516,71911 ACD/P4AQBCC
313515,71907 ACD/P4AQBCB
313514,7010 ACD/P4AQBCB
313513,7008 ACD/P4AQBCB
313512,7006 ACD/P4AQBCB
313511,71907 ACD/P4AQBCC
313510,71909 ACD/P4AQBTC
313509,71934 CD/P4ADGA
313508,7008 ACD/P4AQGC
313507,71940 CD/P4ADGA
313506,7011 CD/P4ATGA
313505,7215 ACD/P4ATGA
313504,7214 ACD/P4AQBCA
313503,7214 ACD/P4A
313502,7207 CD/P4ATGB
313501,7032 ACD/P4ADGB
313500,7020 CD/P4A
313499,7018 CD/P4A
313498,7018 ACD/P4ADBC
313497,7018 CD/PA9ADGA
313496,7013 ACD/P4A
313495,71913 CD/P4ADGB
313494,71919 ACD/P4ADGC
313493,71910 CD/P4ADGC
313492,71904 CD/P4ATBTA
313491,71917 ACD/P4ADGB
313490,71912 CD/P4ATBTA
313489,71924 CD/P4ATBTB
313488,71924 ACD/P4ATBTB
313487,71924 ACD/P4ATBTA
313486,71922 CD/P4ATBTB
313485,71922 CD/P4ADGB
313484,71922 ACD/P4ATBTB
313483,71922 ACD/P4ATBTA
313482,71920 CD/P4ATBTB
313481,71920 CD/P4ATBTA
313480,71920 CD/P4ADGC
313479,71920 CD/P4ADGB
313478,71920 ACD/P4ATBTB
313477,71920 ACD/P4ATBTA
313476,71920 ACD/P4ADGC
313475,71919 CD/P4ATBTB
313474,71919 CD/P4ADGC
313473,71919 CD/P4ADGB
313472,71919 CD/P4ADGA
313471,71919 ACD/P4ATBTB
313470,71919 ACD/P4ADGB
313469,71918 CD/P4ATBTB
313468,71918 ACD/P4ATBTA
313467,71918 ACD/P4ADGC
313466,71917 CD/P4ADGC
313465,71917 ACD/P4ATBTA
313464,71917 ACD/P4ATBTB
313463,71917 ACD/P4ADGC
313462,71916 CD/P4ATBTB
313461,71916 ACD/P4ATBTB
313460,71916 ACD/P4ATBTA
313459,71916 ACD/P4ADGB
313458,71915 CD/P4ATBTB
313457,71915 CD/P4ATBTA
313456,71915 CD/P4ADGC
313455,71915 ACD/P4ATBTA
313454,71915 ACD/P4ADGC
313453,71914 CD/P4ATBTA
313452,71914 CD/P4ADGC
313451,71914 CD/P4ADGB
313450,71914 ACD/P4ATBTA
313449,71914 ACD/P4ATBTB
313448,71914 ACD/P4ADGC
313447,71913 CD/P4ATBTB
313446,71913 CD/P4ADGC
313445,71913 ACD/P4ATBTB
313444,71913 ACD/P4ADGB
313443,71912 CD/P4ADGC
313442,71912 ACD/P4ATBTA
313441,71912 ACD/P4ADGC
313440,71911 CD/P4ATBTB
313439,71911 CD/P4ADGC
313438,71911 CD/P4ADGB
313437,71911 ACD/P4ATBTA
313436,71911 ACD/P4ATBTB
313435,71911 ACD/P4ADGC
313434,71910 ACD/P4ATBTA
313433,71910 ACD/P4ATBTB
313432,71909 CD/P4ATBTB
313431,71909 CD/P4ADGC
313430,71909 ACD/P4ATBTA
313429,71909 ACD/P4ADGC
313428,71909 ACD/P4ADGB
313427,71908 CD/P4ADGB
313426,71908 ACD/P4ATBTB
313425,71908 ACD/P4ATBTA
313424,71908 ACD/P4ADGC
313423,71907 CD/P4ATBTA
313422,71907 CD/P4ADGC
313421,71907 ACD/P4ATBTB
313420,71907 ACD/P4ADGC
313419,71906 CD/P4ATBTB
313418,71906 CD/P4ADGC
313417,71906 ACD/P4ATBTB
313416,71906 ACD/P4ADGC
313415,71905 CD/P4ATBTA
313414,71905 ACD/P4ATBTA
313413,71905 ACD/P4ADGC
313412,71905 ACD/P4ADGB
313411,71904 CD/P4ADGC
313410,71904 CD/P4ADGB
313409,71904 ACD/P4ATBTA
313408,71904 ACD/P4ATBTB
313407,71904 ACD/P4ADGC
313406,71903 CD/P4ATBTA
313405,71903 CD/P4ADGB
313404,71903 ACD/P4ATBTA
313403,71903 ACD/P4ADGC
313402,71903 ACD/P4ADGB
313401,71902 CD/P4ADGC
313400,71902 CD/P4ADGB
313399,71902 ACD/P4ATBTB
313398,71902 ACD/P4ADGC
313397,71902 ACD/P4ADGB
313396,71901 CD/P4ATBTB
313395,71901 CD/P4ATBTA
313394,71901 CD/P4ADGC
313393,71901 CD/P4ADGB
313392,71901 ACD/P4ATBTB
313391,71901 ACD/P4ATBTA
313390,71901 ACD/P4ADGC
313389,71901 ACD/P4ADGB
313388,71900 CD/P4ATBTB
313387,71900 CD/P4ATBTA
313386,71900 CD/P4ADGB
313385,71900 ACD/P4ATBTB
313384,71900 ACD/P4ATBTA
313383,71900 ACD/P4ADGC
313382,71900 ACD/P4ADGB
313381,7220 CD/P4ATBTB
313380,7220 CD/P4ATBTA
313379,7220 CD/P4ADGC
313378,7220 ACD/P4ATBTB
313377,7220 ACD/P4ATBTA
313376,7218 CD/P4ATBTB
313375,7218 CD/P4ATBTA
313374,7218 ACD/P4ATBTB
313373,7217 ACD/P4ADGB
313372,7215 CD/P4ATBTA
313371,7215 ACD/P4ATBTB
313370,7214 CD/P4ATBTB
313369,7214 CD/P4ATBTA
313368,7214 ACD/P4ATBTA
313367,7214 ACD/P4ATBTB
313366,7213 CD/P4ATBTB
313365,7213 ACD/P4ATBTA
313364,7213 ACD/P4ATBTB
313363,7213 ACD/P4ADGB
313362,7212 ACD/P4ATBTA
313361,7212 ACD/P4ADGB
313360,7211 CD/P4ATBTB
313359,7211 ACD/P4ATBTB
313358,7211 ACD/P4ADGB
313357,7210 CD/P4ATBTB
313356,7210 CD/P4ATBTA
313355,7210 ACD/P4ATBTA
313354,7210 ACD/P4ATBTB
313353,7209 CD/P4ATBTB
313352,7209 CD/P4ADGC
313351,7209 ACD/P4ATBTA
313350,7208 CD/P4ATBTB
313349,7208 ACD/P4ATBTA
313348,7207 CD/P4ATBTB
313347,7206 CD/P4ATBTA
313346,7206 ACD/P4ATBTB
313345,7206 ACD/P4ATBTA
313344,7205 CD/P4ATBTA
313343,7205 ACD/P4ATBTB
313342,7204 ACD/P4ATBTA
313341,7203 CD/P4ATBTB
313340,7203 ACD/P4ATBTB
313339,7202 CD/P4ATBTB
313338,7202 CD/P4ATBTA
313337,7202 ACD/P4ADGB
313336,7202 ACD/P4A
313335,7201 CD/P4ATBTA
313334,7201 ACD/P4ADGB
313333,7032 CD/P4ADGC
313332,7028 CD/P4ATBTA
313331,7028 CD/P4ADGC
313330,7028 ACD/P4ATBTB
313329,7028 ACD/P4ADGC
313328,7028 ACD/P4ADGB
313327,7026 CD/P4ATBTB
313326,7026 CD/P4ATBTA
313325,7026 CD/P4ADGC
313324,7026 ACD/P4ATBTB
313323,7026 ACD/P4ATBTA
313322,7026 ACD/P4ADGB
313321,7024 ACD/P4ATBTB
313320,7022 ACD/P4ATBTB
313319,7022 ACD/P4ATBTA
313318,7022 ACD/P4ADGC
313317,7021 CD/P4ATBTA
313316,7021 CD/P4ADGC
313315,7021 ACD/P4ATBTA
313314,7020 CD/P4ATBTA
313313,7020 ACD/P4ADGC
313312,7019 CD/P4ATBTA
313311,7019 ACD/P4ATBTB
313310,7018 CD/P4ATBTA
313309,7018 ACD/P4ATBTB
313308,7017 CD/P4ATBTB
313307,7017 CD/P4ATBTA
313306,7017 CD/P4ADGC
313305,7017 ACD/P4ATBTB
313304,7017 ACD/P4ATBTA
313303,7016 CD/P4ATBTB
313302,7016 CD/P4ATBTA
313301,7016 ACD/P4ATBTB
313300,7016 ACD/P4ADGC
313299,7015 CD/P4ATBTB
313298,7015 CD/P4ATBTA
313297,7015 ACD/P4ATBTB
313296,7015 ACD/P4ATBTA
313295,7014 CD/P4ATBTB
313294,7014 CD/P4ADGC
313293,7014 ACD/P4ATBTA
313292,7014 ACD/P4ATBTB
313291,7014 ACD/P4ADGC
313290,7013 CD/P4ATBTB
313289,7013 CD/P4ATBTA
313288,7013 CD/P4AQGA
313287,7013 ACD/P4ATBTB
313286,7012 CD/P4ATBTA
313285,7012 ACD/P4ATBTB
313284,7012 ACD/P4ATBTA
313283,7012 ACD/P4ADGC
313282,7012 ACD/P4ADGB
313281,7011 CD/P4ATBTB
313280,7011 ACD/P4ATBTB
313279,7010 CD/P4ATBTB
313278,7010 CD/P4ATBTA
313277,7010 ACD/P4ATBTA
313276,7010 ACD/P4ATBTB
313275,7010 ACD/P4ADGC
313274,7009 CD/P4ATBTB
313273,7009 ACD/P4ATBTB
313272,7009 ACD/P4ATBTA
313271,7008 CD/P4ATBTA
313270,7008 ACD/P4ATBTA
313269,7008 ACD/P4ATBTB
313268,7008 ACD/P4ADGC
313267,7007 CD/P4ATBTA
313266,7007 ACD/P4ATBTB
313265,7007 ACD/P4ATBTA
313264,7006 CD/P4ATBTB
313263,7006 ACD/P4ATBTB
313262,7006 ACD/P4ATBTA
313261,7006 ACD/P4ADGB
313260,7005 ACD/P4ATBTA
313259,7005 ACD/P4ATBTB
313258,7004 CD/P4ATBTA
313257,7004 ACD/P4ATBTA
313256,7004 ACD/P4ATBTB
313255,7004 ACD/P4ADGC
313254,7003 CD/P4ATBTA
313253,7003 ACD/P4ADGC
313252,7003 ACD/P4ADGB
313251,7002 CD/P4ATBTA
313250,7002 CD/P4ADGC
313249,7002 CD/P4A
313248,7002 ACD/P4ATBTB
313247,7001 ACD/P4ADGB
313246,7000 CD/P4ADGC
313245,7210 ACD/P4ADGC
313244,71928 CD/P4ADGA
313243,71928 ACD/P4ADGA
313242,71922 CD/P4ATBTA
313241,71918 CD/P4ATBTA
313240,71918 ACD/P4ATBTB
313239,71916 CD/P4ATBTA
313238,71916 CD/P4ADGB
313237,71915 CD/P4ADGB
313236,71912 CD/P4ADGB
313235,71911 CD/P4ATBTA
313234,71910 CD/P4ADGB
313233,71910 ACD/P4ADGB
313232,71909 CD/P4ATBTA
313231,71909 ACD/P4ATBTB
313230,71907 CD/P4ATBTB
313229,71905 CD/P4ATBTB
313228,71905 CD/P4ADGB
313227,71905 ACD/P4ATBTB
313226,71903 ACD/P4ATBTB
313225,7222 ACD/P4ADGB
313224,7220 ACD/P4ADGB
313223,7218 CD/P4ADGC
313222,7217 ACD/P4ATBTA
313221,7216 CD/P4ATBTA
313220,7216 ACD/P4ADGB
313219,7212 ACD/P4ADGC
313218,7211 ACD/P4ATBTA
313217,7210 ACD/P4ADGB
313216,7209 ACD/P4ATBTB
313215,7209 ACD/P4ADGC
313214,7205 CD/P4ADGC
313213,7036 CD/P4ADGB
313212,7028 CD/P4ATBTB
313211,7026 CD/P4ADGB
313210,7022 CD/P4ATBTB
313209,7022 CD/P4ATBTA
313208,7021 ACD/P4ATBTB
313207,7020 CD/P4ATBTB
313206,7020 ACD/P4ATBTB
313205,7019 ACD/P4ADGC
313204,7018 CD/P4ADGC
313203,7018 ACD/P4ATBTA
313202,7016 ACD/P4ATBTA
313201,7013 ACD/P4ATBTA
313200,7008 CD/P4ATBTB
313199,7008 ACD/P4ADGB
313198,7007 CD/P4ATBTB
313197,7005 ACD/P4ADGB
313196,71906 CD/P4ADGB
313195,7038 CD/P4ADGA
313194,7217 ACD/P4ADGA
313193,7215 ACD/P4ADGA
313192,7213 ACD/P4ADGA
313191,7201 ACD/P4ADGA
313190,7040 CD/P4ADGA
313189,7036 CD/P4ADGA
313188,7036 ACD/P4ADGA
313187,7034 ACD/P4ADGA
313186,7032 ACD/P4ADGA
313185,7021 ACD/P4ADGA
313184,7015 ACD/P4ADGA
313183,7000 ACD/P4ADGA
313182,71926 ACD/P4ADGA
313181,71924 ACD/P4ADGA
313180,71922 ACD/P4ADGA
313179,71920 CD/P4ADGA
313178,71920 ACD/P4ADGA
313177,71918 ACD/P4ADGA
313176,71917 ACD/P4ADGA
313175,71916 ACD/P4ADGA
313174,71915 ACD/P4ADGA
313173,71914 ACD/P4ADGA
313172,71913 ACD/P4ADGA
313171,71911 ACD/P4ADGA
313170,71909 ACD/P4ADGA
313169,71908 ACD/P4ADGA
313168,71907 ACD/P4ADGA
313167,71905 ACD/P4ADGA
313166,71903 ACD/P4ADGA
313165,71902 ACD/P4ADGA
313164,71901 ACD/P4ADGA
313163,7216 CD/P4ADGC
313162,7216 ACD/P4ADGA
313161,7006 CD/P4ATBTA
313160,7009 CD/P4ATBTA
313159,71903 CD/P4ATBTB
313158,71932 ACD/P4ADGA
313157,71928 CDGA/P4A
313156,7205 ACD/P4ADGB
313155,71911 ACD/P4ADGB
313154,71910 ACD/P4ADGA
313153,7019 ACD/P4ADGA
313152,7211 ACD/P4ADGC
313151,7218 CD/P4A
313150,71916 CD/P4ADBA
313149,7218 ACD/P4ADGB
313148,71926 CD/P4ADBA
313147,71912 ACD/P4ADGA
313146,7018 ACD/P4ADGB
313145,7210 ACD/P4ADGA
313144,7014 ACD/P4ADGA
313143,7018 ACD/P4ADGA
313142,7015 ACD/P4ADGC
313141,7018 CD/P4ATBTB
313140,7207 ACD/P4ADGA
313139,7015 ACD/P4ADGB
313138,7003 CD/P4ADGC
313137,7026 ACD/P4ADGA
313136,7217 ACD/P4ADGC
313135,7007 CD/P4ADGC
313134,7028 ACD/P4ATBTA
313133,71892 AMB/P5
313132,7003 ACD/P4ADGA
313131,7028 CD/P4ADGB
313130,7011 CD/P4ADGC
313129,7034 CD/P4ADGB
313128,7034 CD/P4ADGA
313127,71914 ACD/P4ADGB
313126,71908 ACD/P4ADGB
313125,7000 CC/PA9BDT
313124,7205 ACD/P4ADGA
313123,71918 ACD/P4ADBB
313122,71926 CD/P4ADGA
313121,71924 CD/P4ADGA
313120,71922 CD/P4ADGA
313119,71918 CD/P4ADGB
313118,71912 ACD/P4ADGB
313117,71936 ACD/P4ADGA
313116,71909 CD/P4ADGB
313115,7212 ACD/P4ADGA
313114,7222 ACD/P4ADGA
313113,7217 CD/P4ADGB
313112,7220 CD/P4ADGB
313111,7219 CD/P4ADGB
313110,7008 ACD/P4ADGA
313109,7209 ACD/P4ADGB
313108,7017 ACD/P4ADGA
313107,7007 ACD/P4ADGB
313106,71907 CD/P4ADGB
313105,7022 CD/P4ADGB
313104,7206 ACD/P4ADGB
313103,7006 ACD/P4ADGA
313102,7024 ACD/P4ADGA
313101,708 CD/P4ADGA
313100,7203 ACD/P4ADGB
313099,7011 CD/P4ATBTA
313098,7204 ACD/P4ADGA
313097,7020 ACD/P4ATBTA
313096,7024 ACD/P4ATBTA
313095,7001 ACD/P4ADGA
313094,7207 ACD/P4ADGB
313093,7005 ACD/P4ADGA
313092,7024 CD/P4A
313091,7014 CD/P4ATBTA
313090,7214 ACD/P4ADGA
313089,7032 CD/P4ADGB
313088,7013 ACD/P4ADGB
313087,7013 ACD/P4ADGA
313086,7211 ACD/P4ADGA
313085,7208 ACD/P4ADGB
313084,7209 ACD/P4ADGA
313083,7206 ACD/P4ADGA
313082,234407 BM1/SP
313081,7218 ACD/P4ADGA
313080,7019 ACD/P4ADGB
313079,7004 ACD/P4ADGA
313078,7020 ACD/P4ADGB
313077,7214 ACD/P4ADGB
313076,7213 CD/P4ADGC
313075,7026 ACD/P4ADGC
313074,7015 CD/P4ADGC
313073,7011 ACD/P4ADGC
313072,7009 CD/P4ADGC
313071,71915 CD/P4ADGA
313070,71914 CD/P4ADGA
313069,71907 CD/P4ADGA
313068,71903 CD/P4ADGA
313067,71901 CD/P4ADGA
313066,7219 ACD/P4ADGA
313065,7016 CD/P4ADGC
313064,7016 ACD/P4ADGB
313063,7015 CD/P4ADGA
313062,7014 ACD/P4ADGB
313061,7013 CD/P4ADGB
313060,7013 CD/P4ADGC
313059,7012 CD/P4ADGC
313058,7011 ACD/P4ADGB
313057,7010 ACD/P4ADGB
313056,7010 CD/P4ADGC
313055,7009 ACD/P4ADGB
313054,7004 ACD/P4ADGB
313053,7003 CD/P4ADGB
313052,7204 CD/P4ADGB
313051,7204 CD/P4ADGA
313050,7030 CD/P4ADGB
313049,7028 CD/P4ADGA
313048,7022 ACD/P4ADGB
313047,7019 CD/P4ADGB
313046,7019 CD/P4ADGA
313045,7011 CD/P4ADGB
313044,7026 CD/P4ADGA
313043,7021 CD/P4ADGB
313042,7015 CD/P4ADGB
313041,71905 CD/P4ADGA
313040,7016 CD/P4ADGA
313039,7028 ACD/P4ADGA
313038,71902 CD/P4ADGA
313037,71917 CD/P4ADGA
313036,7200 CD/P4ADGB
313035,7018 CD/P4ADGB
313034,7032 CD/P4ADGA
313033,7007 ACD/P4ADGA
313032,7017 ACD/P4ADGB
313031,7014 CD/P4ADGB
313030,7203 ACD/P4ADGA
313029,7208 CD/P4ADGB
313028,71909 CD/P4ADGA
313027,7202 ACD/P4ADGA
313026,7009 CD/P4ADGB
313025,7204 ACD/P4ADGB
313024,7208 ACD/P4ADGA
313023,7201 CD/P4ADGA
313022,7205 CD/P4ADGB
313021,7207 CD/P4ADGA
313020,7210 CD/P4ADGB
313019,7209 CD/P4ADGB
313018,7207 CD/P4ADGB
313017,7203 CD/P4ADGB
313016,7202 CD/P4ADGB
313015,7202 CD/P4ADGA
313014,7201 CD/P4ADGB
313013,7224 CD/P4ADGA
313012,7218 CD/P4ADGB
313011,7217 CD/P4ADGA
313010,7216 CD/P4ADGB
313009,7216 CD/P4ADGA
313008,7215 CD/P4ADGB
313007,7214 CD/P4ADGB
313006,7214 CD/P4ADGA
313005,7213 CD/P4ADGB
313004,7212 CD/P4ADGB
313003,7212 CD/P4ADGA
313002,7211 CD/P4ADGB
313001,7222 CD/P4ADGB
313000,7213 CD/P4ADGA
312999,7022 ACD/P4ADGA
312998,7016 ACD/P4ADGA
312997,7011 ACD/P4ADGA
312996,7024 CD/P4ADGB
312995,7012 ACD/P4ADGA
312994,7024 ACD/P4ADGB
312993,7215 CD/P4ADGA
312992,7014 CD/P4ADGA
312991,7016 CD/P4ADGB
312990,7017 CD/P4ADGB
312989,7206 CD/P4ADGB
312988,7020 CD/P4ADGB
312987,7211 CD/P4ADGA
312986,7209 CD/P4ADGA
312985,7009 ACD/P4ADGA
312984,7002 CD/P4ADGB
312983,71913 CD/P4ADGA
312982,7210 CD/P4ADGA
312981,7018 CD/P4ADGA
312980,7001 CD/P4ADGA
312979,7205 CD/P4ADGA
312978,7010 CD/P4ADGB
312977,7220 CD/P4ADGA
312976,7020 ACD/P4ADGA
312975,7004 CD/P4ADGB
312974,71912 CD/P4ADGA
312973,7017 CD/P4ADGA
312972,7220 ACD/P4ADGA
312971,7021 CD/P4ADGA
312970,7219 CD/P4ADGA
312969,7206 CD/P4ADGA
312968,7020 CD/P4ADGA
312967,7203 CD/P4ADGA
312966,7208 CD/P4ADGA
312965,71908 CD/P4ADGA
312964,7005 CD/P4ADGB
312963,71910 CD/P4ADGA
312962,7030 CD/P4ADGA
312961,7013 CD/P4ADGA
312960,71911 CD/P4ADGA
312959,7024 CD/P4ADGA
312958,7218 CD/P4ADGA
312957,7002 CD/P4ADGA
312956,7005 CD/P4ADGA
312955,7022 CD/P4ADGA
312954,71918 CD/P4ADGA
312953,71916 CD/P4ADGA
312952,7222 CD/P4ADGA
312951,7003 CD/P4ADGA
312950,7012 CD/P4ADGA
312949,7012 CD/P4ADGB
312948,71906 ACD/P4ADGA
312947,7000 CD/P4ADGA
312946,71906 CD/P4ADGA
312945,7011 CD/P4ADGA
312944,7010 CD/P4ADGA
312943,7009 CD/P4ADGA
312942,7006 CD/P4ADGB
312941,7008 CD/P4ADGA
312940,7007 CD/P4ADGA
312939,7007 CD/P4ADGB
312938,7004 CD/P4ADGA
312937,7008 CD/P4ADGB
312936,7006 CD/P4ADGA
312935,7010 ACD/P4ADGA
312934,71904 CD/P4ADGA
312933,S71910 CD/P4ADGA
312932,71928 ACD/HCP4ADGA
312931,S7024 ACD/P4ADGC
312930,7034 ACDGB/P4A
312929,7211 CD/P4ADGG20
312928,7207 CD/P4ADGG10
312927,S7010 ACD/P4ADGA
312926,7017 CE/P4ADGA
312925,7208 ACD/P4AQFTC
312924,7018 CDT/P4APBCG8
312923,71926 CD/P4AQGB
312922,7022 CEGA/P4A
312921,7030 ACD/P4ADGA
312920,7016 ACD/P4APBTC
312919,S7010 CD/P4ADGA
312918,7209 ACD/HCP4ADGA
312917,71904 ACX/P4ADGA
312916,7214 ACD/HCP4ADGA
312915,S7012 ACD/P4ADGA
312914,S7012 CD/HCP4ADGA
312913,S7012 CD/P4ADGA
312912,S71922 ACD/P4ADGA
312911,S7014 ACD/P4ADGA
312910,S7014 CD/P4ADGA
312909,71912 ACEGA/P4A
312908,71900 CX/P4ADGA
312907,71903 CX/P4ADGA
312906,7001 CX/P4ADGB
312905,7204 ACX/P4ADGA
312904,7002 CXGA/P4A
312903,7018 CE/P4ADGA
312902,7209 CD/P4AQGC
312901,7204 CD/P4ATGB
312900,71910 ACD/P4ATBTC
312899,7018 CEGA/HCP4A
312898,7017 ACD/P4ADGC
312897,7204 ACD/HCP4ATGB
312896,71914 ACD/P4ATGA
312895,7213 ACD/P4AQBTC
312894,71906 CD/HCP4ADGA
312893,7211 ACD/P4AQBTG400
312892,71904 ACD/P4AQBTA
312891,71903 ACD/P4AQBCA
312890,7014 CD/P4ATGA
312889,7220 ACD/P4ATBTCVT105
312888,7217 CD/P4ADGAVT105
312887,7044 CD/P4ADGA
312886,7211 ACD/HCP4ADGA
312885,7011 ACD/HCP4ADGB
312884,7204 BEM/TFTCBVJ142
312883,7202 CD/P4ADGC
312882,7016 CE/P4ATGA
312881,71913 CD/HCP4ATGA
312880,7210 ACD/P4AQBCA
312879,7207 ACD/HCP4ADGB
312878,7015 CD/HCP4ADGA
312877,7010 CE/P4ADGA
312876,71920 ACD/P4AQFCA
312875,7007 ACD/P4ADGAVT105
312874,71914 ACD/HCP4ADGA
312873,7200 CD/HCP4ADGA
312872,7217 CD/P4ADGC
312871,7206 ACD/P4ATGA
312870,71926 ACD/P4ATGB
312869,71922 ACD/P4ADGC
312868,71922 ACD/HCP4ADGA
312867,7218 ACD/P4ADGC
312866,7201 CD/P4ADGC
312865,7201 ACD/P4ADGC
312864,7012 ACD/P4AQGC
312863,7010 CD/HCP4ADGAVT105
312862,7217 CD/P4ADGG89
312861,71901 CD/HCP4ADGA
312860,71903 CD/HCP4ADGA
312859,71928 CD/HCP4ADGA
312858,71924 CD/P4ADGB
312857,7030 ACD/P4ADGB
312856,7021 ACD/P4AQBTA
312855,7205 ACD/P4ADGC
312854,7012 CD/HCP4ADGB
312853,71938 CD/P4ADGB
312852,71924 CD/HCP4ADGA
312851,7213 ACD/P4AQBTA
312850,7211 CDGC/P4A
312849,7208 CD/HCP4ADGA
312848,7013 ACD/P4ADGC
312847,7210 CD/HCP4ADGA
312846,71909 ACD/P4AQBCC
312845,7210 CDGA/P4A
312844,7010 ACD/P4AQBCA
312843,7224 CDGA/P4A
312842,7008 ACD/P4AQBTB
312841,7007 CD/P4AQGA
312840,7213 CD/HCP4ADGA
312839,7017 CD/HCP4ADGA
312838,7006 CD/P4A
312837,7222 CD/PA9ADBA
312836,7019 CDGA/P4A
312835,71932 ACD/P4ATBTB
312834,7004 ACDGA/P4A
312833,7002 CD/P4ADBB
312832,71918 ACDGA/P4A
312831,71907 ACD/P4ATBTC
312830,71913 CD/HCP4ADGA
312829,71926 CD/PA9ADBA
312828,7032 ACDGB/P4A
312827,71919 CD/P4ADBA
312826,7014 CD/P4ADBB
312825,71940 CDGA/P4A
312824,7014 CDGA/P4A
312823,7004 ACD/P4ADBB
312822,7012 CE/P4ADGA
312821,7018 CD/P4ADGG400
312820,7211 CD/P4ADGAVT105
312819,7022 CD/P4AQBCA
312818,7024 ACD/HCP4ADGA
312817,7205 CDGB/P4A
312816,7008 CD/HCP4A
312815,7211 ACDGA/P4A
312814,7006 CD/P4ADGBLT20
312813,7016 CD/P4A
312812,7005 CDGA/P4A
312811,71914 ACD/P4AQBCC
312810,71914 CDGA/P4A
312809,7206 ACD/P4AQFCC
312808,7016 ACD/P4A
312807,7011 CD/HCP4ADGA
312806,7022 ACD/P4AQBCA
312805,71928 ACDGA/P4A
312804,7224 ACD/P4A
312803,7016 ACD/P4ADGALT20
312802,71918 ACD/P4A
312801,7207 CD/P4A
312800,7212 CDGA/P4A
312799,7005 CD/P4ADGBLT20
312798,71902 CD/HCP4A
312797,71913 ACDGB/P4A
312796,7012 CD/P4ATBTB
312795,7019 CD/HCP4ADGA
312794,7013 CE/P4ADGA
312793,7218 CD/P4ADBVJ107
312792,7048 ACD/P4ADGA
312791,7012 ACD/P4AQBCC
312790,71907 ACD/P4ADBA
312789,7016 CDGB/P4A
312788,71911 ACD/P4AQBCB
312787,7030 ACD/P4ATBTA
312786,71926 ACD/P4ATBTA
312785,71914 CD/HCP4ADGA
312784,71911 CD/P4A
312783,7210 ACDGA/P4A
312782,7218 ACD/P4AQBCA
312781,7211 ACD/P4ATGB
312780,7016 CD/VQ329
312779,7207 CDGA/P4A
312778,7010 ACD/P4AQGB
312777,71916 CEGA/P4A
312776,71918 CD/P4ATGB
312775,71928 ACD/P4A
312774,7207 CD/P4ADBB
312773,71907 ACDGB/P4A
312772,7013 CEGA/P4A
312771,71911 ACD/P4AQGB
312770,71917 ACDGA/P4A
312769,7224 ACD/P4ADGB
312768,7026 CD/P4ADGAVT105
312767,7206 ACD/P4A
312766,71908 ACD/P4AQBCA
312765,71901 CD/HCP4ADBA
312764,7021 CDGA/P4A
312763,BA5B 633577 C
312762,7012 CE/HCP4ADGA
312761,7021 ACD/P4A
312760,7211 CDGA/P4A
312759,7005 CDGB/VQ499
312758,7024 ACD/P4ATBTAVT105
312757,7048 CD/P4ADGG888
312756,7020 CD/HCP4ADGA
312755,7210 CD/P4ADBA
312754,7214 CD/P4A
312753,7207 ACD/P4AQBTA
312752,71922 ACD/P4A
312751,71912 ACDGB/P4A
312750,7206 CD/P4ATBTB
312749,7217 CD/P4A
312748,71917 CDGB/P4A
312747,71910 CD/P4ATBTB
312746,7000 CD/HCP4ADGA
312745,7011 CD/P4ADGAVT105
312744,7013 CD/PA9ADGB
312743,7048 ACD/P4ADGB
312742,7013 CE/HCP4ADGA
312741,7012 CDGA/P4A
312740,7002 CDGA/P4A
312739,7014 CE/P4ADGA
312738,71918 CD/P4ATGAVT105
312737,7006 ACDGB/P4A
312736,71911 ACD/HCP4ATBTA
312735,71944 CD/P4ADGA
312734,7016 ACD/P4ADGG309
312733,7209 CD/P4ADGBVT105
312732,7026 CDGA/P4A
312731,7213 ACD/P4A
312730,71920 ACDGA/P4A
312729,7008 ACD/P4ADBB
312728,7209 CD/HCP4ADGA
312727,71906 ACD/P4AQBCA
312726,71936 CDGA/P4A
312725,7006 ACDGA/P4A
312724,71919 ACD/P4ADGA
312723,7207 ACD/P4AQBCB
312722,7020 CD/P4ADBB
312721,7016 CDGA/P4A
312720,7024 CDGA/P4A
312719,7012 ACD/P4A
312718,7012 CD/P4ADGBGWU
312717,71936 CD/P4ADGA
312716,71944 ACD/P4ADGA
312715,7011 ACD/P4ATBTA
312714,7010 CD/P4ADGAVT105
312713,71918 CDGA/P4A
312712,7003 CDGA/P4A
312711,7044 ACD/P4ADBA
312710,71909 ACD/P4A
312709,7211 ACD/P4AQBTG400LHT42
312708,71910 ACDGA/P4A
312707,71910 CD/HCP4ADGA
312706,7022 CD/HCP4ATBTA
312705,7008 ACDGA/P4A
312704,7022 ACD/P4ATGA
312703,7014 ACDGA/P4A
312702,7010 CD/P4ADBB
312701,7218 ACD/P4ADFVJ107
312700,7009 ACD/P4ADGBVT105
312699,7004 CD/P4A
312698,71907 ACD/P4AQGA
312697,7214 ACD/P4ADFVJ107
312696,7007 ACDGA/P4A
312695,71928 ACD/P4ADGB
312694,7014 CD/P4ADGCVJ1082
312693,71926 ACD/P4ADGB
312692,71928 CD/P4ATBTB
312691,7215 ACD/P4ADFA
312690,71924 CD/P4ADBA
312689,7011 CD/P4A
312688,708 ACD/P4ADBB
312687,7009 ACD/P4AQBCC
312686,7003 CD/P4A
312685,7018 CD/P4ADBA
312684,7203 ACD/P4ADGC
312683,71917 ACD/P4AQBCA
312682,7010 CDGB/P4A
312681,7213 CDGA/P4A
312680,71924 CDGA/P4A
312679,7007 CD/P4ADBB
312678,7008 ACD/P4AQBCC
312677,7006 CD/P4ADBC
312676,7206 ACDGB/P4A
312675,71934 ACD/P4ATBTB
312674,7008 ACD/P4ATBTBLT20
312673,71908 ACDGA/P4A
312672,71920 ACD/P4ATGA
312671,7012 CE/P4ADGB
312670,71940 ACD/P4ADBB
312669,71913 ACDGA/P4A
312668,7003 ACD/P4A
312667,7212 CD/P4ADBB
312666,7016 CD/P4AQBCB
312665,71906 CD/P4AQBCA
312664,7212 CD/HCP4ADGA
312663,71930 ACD/P4A
312662,71948 ACDGA/P4A
312661,7210 ACD/P4A
312660,71948 ACD/P4ADGA
312659,7018 CDGA/P4A
312658,7040 CD/P4A
312657,7016 CD/P4ADGBGWU
312656,7028 CD/P4ADGAHT51
312655,71922 ACDGA/P4A
312654,71917 CD/HCP4ADGA
312653,7013 CD/P4A
312652,7205 CD/P4ADBA
312651,7216 CD/P4ADBB
312650,7014 ACD/P4AQGC
312649,7214 CDGB/P4A
312648,7011 CD/PA9ADGA
312647,7013 ACDGA/P4A
312646,7014 CE/P4A
312645,7006 ACD/P4ADBB
312644,7024 ACD/P4A
312643,7010 ACDGA/P4A
312642,7007 CD/P4A
312641,7032 CD/P4A
312640,7206 CDGA/P4A
312639,7202 CD/HCP4ADGA
312638,71905 ACDGA/P4A
312637,7013 CDGA/P4A
312636,71906 ACDGA/P4A
312635,7024 CD/P4ADGAGMG
312634,7028 ACDGA/P4A
312633,7207 ACDGA/P4A
312632,7018 ACDGA/VQ253
312631,71938 ACD/P4ADGB
312630,71908 ACD/P4AQBCB
312629,708 CD/HCP4ADGA
312628,7010 CD/HCP4ADGA
312627,7006 CDGB/VQ499
312626,7222 ACD/P4A
312625,7005 ACDGA/P4A
312624,7020 ACD/P4AQBCA
312623,7204 CD/HCP4A
312622,71912 ACDGB/VQ253
312621,7011 ACD/P4AQBCB
312620,7211 CD/P4ADGBVT105
312619,71912 ACD/P4AQGB
312618,7030 CD/P4A
312617,7016 CE/P4A
312616,709 CD/P4ADGB
312615,71912 CD/P4ADBA
312614,7213 CDGB/P4A
312613,708 ACD/P4A
312612,7218 ACD/P4ADBVJ107
312611,7005 CD/P4A
312610,71924 ACD/P4ADGB
312609,71922 CDGA/P4A
312608,71922 CD/P4ADGC
312607,7216 ACD/HCP4ATGA
312606,71914 ACD/P4A
312605,7012 ACD/P4AQBCB
312604,7024 CD/P4ADGAVJ126
312603,7022 ACDGA/P4A
312602,71918 ACDGA/HCP4A
312601,7207 CD/HCP4ADGA
312600,708 CDGA/P4A
312599,71926 CD/P4ADGB
312598,7022 CD/P4A
312597,71919 ACD/P4A
312596,7015 CD/P4ATTLHT42
312595,71922 CD/P4ADBVJ107
312594,71909 ACDGA/P4A
312593,7014 CD/P4ATBTAHT51
312592,7010 CD/P4A
312591,7019 ACD/P4A
312590,709 CDGA/P4A
312589,71920 ACD/P4AQBCC
312588,7022 CD/HCP4ADGA
312587,7011 ACD/P4ATGB
312586,7006 ACD/P4ADGAVT105
312585,7011 CD/P4ADBA
312584,71909 CD/HCP4ADGA
312583,7014 CD/P4A
312582,7009 ACD/P4A
312581,71930 ACD/P4ADBA
312580,7217 ACD/P4ATBTB
312579,71911 ACDGA/P4A
312578,71907 ACD/P4A
312577,7009 CD/HCP4ADGA
312576,7040 CD/P4ADGG400
312575,7018 ACD/HCP4A
312574,7218 ACD/P4A
312573,7018 CD/P4AQBTA
312572,7011 ACD/P4AQBTB
312571,7204 ACDGA/P4A
312570,7030 ACDGA/P4A
312569,71902 ACD/P4A
312568,7201 ACDGA/P4A
312567,71916 ACD/P4ADBC
312566,71912 ACD/P4ATBTB
312565,7028 CD/P4ATBTBVT105
312564,71934 CD/PA9ADBA
312563,7004 CDGA/P4A
312562,7014 CD/P4ADT
312561,7216 CD/P4ADBVJ107
312560,7222 CD/P4A
312559,7016 CE/P4ADGA
312558,71920 ACDGA/PA9AVT105
312557,7036 CDGA/P4A
312556,7021 ACDGA/P4A
312555,7014 ACD/P4ADBVJ107
312554,7205 ACDGA/P4A
312553,7206 ACDGA/P4A
312552,71912 CD/HCP4ADGA
312551,7011 ACDGA/P4A
312550,71911 CD/P4AQGA
312549,7016 CD/P4ATGA
312548,7208 CDGA/P4A
312547,7010 CD/P4ATGA
312546,7017 CD/P4ADBB
312545,71904 CDGA/P4A
312544,7217 CDGB/P4A
312543,71948 CD/P4ADGA
312542,71938 ACDGA/P4A
312541,7018 ACD/P4ADBA
312540,7013 CD/P4ADGAHT2
312539,7015 CD/P4A
312538,7211 ACD/P4ATBTAVT105
312537,7001 CD/HCP4ADGA
312536,7002 CD/HCP4ADGA
312535,71916 ACDGA/P4A
312534,71914 ACDGA/P4A
312533,71932 CD/P4ADBA
312532,71907 ACD/P4AQBTB
312531,71922 ACD/P4ADGB
312530,7006 CD/P4ADBA
312529,71905 CDGA/P4A
312528,7008 CDGB/P4A
312527,7011 ACD/P4A
312526,71912 ACDGA/P4A
312525,7007 CD/P4ADGCHT2
312524,7011 ACDGB/P4A
312523,7016 CD/P4AQBCA
312522,7020 ACD/P4A
312521,71908 CD/P4AQBCB
312520,71926 CD/P4A
312519,7014 CE/P4ATBTA
312518,7040 ACD/P4ADBVJ107
312517,71914 CD/P4AQBCA
312516,7021 CD/P4ADBB
312515,7218 CDGB/P4A
312514,7215 CD/P4A
312513,7209 CD/P4ADGALHT42
312512,7040 ACD/P4A
312511,7034 CD/P4A
312510,7012 CD/P4ADGBVT105
312509,7211 ACD/HCP4A
312508,7218 CDGA/P4A
312507,7007 CD/HCP4ADGA
312506,71903 CD/P4A
312505,7206 CD/HCP4ADGA
312504,7006 CD/HCP4ADGA
312503,71912 CDGA/P4A
312502,7015 ACD/P4A
312501,71910 ACD/P4ADGC
312500,71926 CD/HCP4ADGA
312499,7048 CD/P4A
312498,71912 ACD/P4A
312497,7020 ACDGA/P4A
312496,71930 ACDGA/P4A
312495,7205 CD/P4A
312494,71936 CD/P4ADBA
312493,7032 ACD/P4ATBTB
312492,71940 ACD/P4ADGB
312491,7006 CDGA/P4A
312490,7202 ACD/HCP4ADGA
312489,71940 ACDGA/P4A
312488,71916 CD/P4AQBCA
312487,7214 CDGA/P4A
312486,7011 CDGA/P4A
312485,7004 CD/P4ADBB
312484,7218 ACD/P4ATBTA
312483,7211 ACD/P4ADBB
312482,71915 CD/P4ADT
312481,71936 ACD/P4ADGB
312480,7010 CD/P4AQBCA
312479,71911 CDGA/P4A
312478,7044 CD/P4ADBA
312477,7222 ACD/P4ADBVJ107
312476,7003 ACDGA/P4A
312475,71938 CD/P4ADGA
312474,7012 ACD/P4AQBCA
312473,7048 CD/P4ADGA
312472,7028 ACD/P4ADBA
312471,7213 CD/P4A
312470,7205 CDGA/P4A
312469,7208 ACD/P4AQBTC
312468,7030 CDGA/P4A
312467,71919 ACDGB/P4A
312466,7009 ACD/P4ATBTBVT105
312465,7010 CDGA/P4A
312464,7012 ACDGA/P4A
312463,7212 CD/P4A
312462,7020 CD/P4ADBALHT42A
312461,7010 ACD/P4A
312460,7018 CD/HCP4ADGA
312459,7007 CDGA/P4A
312458,7212 CD/P4ATTLHT42
312457,71940 ACD/P4ADGA
312456,71907 ACD/P4AQGB
312455,71919 CD/HCP4ADGA
312454,71904 ACD/P4ADBA
312453,7211 CD/HCP4ADGA
312452,7022 CD/P4ADGAVT105
312451,709 ACD/P4ADGB
312450,71903 ACD/P4A
312449,7013 CD/P4ADGG4
312448,71915 ACD/P4A
312447,71917 ACD/P4A
312446,7204 ACD/P4ADGC
312445,7048 ACDGA/P4A
312444,71908 CD/P4ADBA
312443,7218 ACDGA/P4A
312442,7014 CD/P4AQBCA
312441,7012 CD/HCP4ADGA
312440,7017 ACD/P4A
312439,7008 CD/HCP4ADGA
312438,7207 ACD/HCP4ADBA
312437,71926 CD/PA9ADT
312436,7008 CDGA/P4A
312435,71940 ACD/P4A
312434,7000 ACD/P4ADGBVT105
312433,7013 ACD/P4AQBCA
312432,7030 ACD/P4A
312431,71924 CD/P4A
312430,7026 ACDGA/P4A
312429,7016 CD/P4ADBA
312428,7020 CDGA/P4A
312427,7015 CD/P4ADGG178
312426,71907 ACDGA/P4A
312425,7014 CD/HCP4ATGA
312424,71914 CD/HCP4ADGC
312423,7009 ACDGB/P4A
312422,71928 CD/PA9ADT
312421,7012 CD/P4A
312420,71903 CD/P4ADBB
312419,7003 CD/P4ADGAGMG
312418,71932 CD/P4ADGB
312417,7014 CD/P4ADGBGWU
312416,71908 CDGA/P4A
312415,7204 CDGA/P4A
312414,6316 Y/C783
312413,6218 Y/C783
312412,6210 Y/C783
312411,6207 TC/C783
312410,718/670 AMB/P5
312409,6305 TC/C783
312408,6216 TC/C783
312407,6313 Y/C783G4
312406,6213 TC/C782
312405,6317 Y/C78
312404,6312 TC/C783
312403,6312 TC/C78
312402,6217 TC/C783
312401,6215 TC/C78
312400,6214 TC/C783
312399,6210 TC/C783
312398,6317 Y/C783
312397,6317 Y/C782
312396,6316 Y/C782
312395,6316 Y/C78
312394,6315 Y/C78
312393,6314 Y/C783
312392,6314 Y/C78
312391,6314 TC/C783
312390,6314 TC/C782
312389,6314 TC/C78
312388,6313 Y/C783
312387,6313 Y/C78
312386,6313 TC/C783
312385,6313 TC/C782
312384,6312 Y/C782
312383,6312 Y/C78
312382,6312 TC/C782
312381,6311 Y/C783
312380,6311 Y/C782
312379,6311 Y/C78
312378,6311 TC/C782
312377,6311 TC/C78
312376,6310 Y/C783
312375,6310 Y/C782
312374,6310 Y/C78
312373,6310 TC/C78
312372,6309 Y/C783
312371,6309 Y/C782
312370,6309 Y/C78
312369,6309 TC/C782
312368,6308 Y/C78
312367,6308 TC/C782
312366,6308 TC/C78
312365,6307 Y/C78
312364,6307 TC/C783
312363,6307 TC/C782
312362,6307 TC/C78
312361,6307 Y/C782
312360,6306 Y/C783
312359,6306 Y/C782
312358,6306 Y/C78
312357,6306 TC/C78
312356,6306 TC/C782
312355,6305 Y/C783
312354,6305 Y/C782
312353,6305 Y/C78
312352,6305 TC/C782
312351,6305 TC/C78
312350,6304 Y/C78
312349,6217 TC/C782
312348,6217 TC/C78
312347,6216 TC/C782
312346,6216 TC/C78
312345,6215 TC/C783
312344,6215 TC/C782
312343,6214 TC/C782
312342,6214 TC/C78
312341,6213 Y/C782
312340,6213 Y/C78
312339,6212 Y/C782
312338,6212 Y/C78
312337,6212 TC/C782
312336,6212 TC/C78
312335,6211 Y/C783
312334,6211 Y/C78
312333,6211 TC/C783
312332,6211 TC/C782
312331,6211 TC/C78
312330,6211 Y/C782
312329,6210 Y/C78
312328,6210 TC/C782
312327,6210 TC/C78
312326,6210 Y/C782
312325,6209 Y/C782
312324,6209 Y/C78
312323,6209 TC/C783
312322,6209 TC/C78
312321,6209 TC/C782
312320,6208 Y/C783
312319,6208 Y/C78
312318,6208 TC/C782
312317,6208 TC/C78
312316,6208 Y/C782
312315,6207 Y/C783
312314,6207 Y/C78
312313,6207 Y/C782
312312,6207 TC/C782
312311,6207 TC/C78
312310,6206 Y/C782
312309,6206 Y/C78
312308,6206 TC/C782
312307,6206 TC/C78
312306,6205 Y/C783
312305,6205 Y/C782
312304,6205 Y/C78
312303,6205 TC/C782
312302,6205 TC/C78
312301,6203 Y/C783
312300,6203 Y/C78
312299,6314 MC/P52
312298,6308 MC/P52
312297,6313 MC/P52
312296,6315 Y/C782
312295,6310 TC/C782
312294,6306 TC/C783
312293,6212 TC/C783
312292,6218 TC/C78
312291,6205 TC/C783
312290,6303 Y/C78
21,6312-2ZZ/C3
