id,catalog_number,key1,key2,description
2972177,4821.044.113.M00521,FRSG,FRSG,Ringspann 4821.044.113.M00521 FRSG400*78 CAM CLUTCH
2931332,4821.230.104.,FRHD,FRHD,Ringspann 4821.230.104. FRHD 1100*Max Bore 7 BACKSTOP AND TORQUE ARM
2931331,4821.230.101.,FRHD,FRHD,Ringspann 4821.230.101. FRHD 1000*Max Bore 7 BACKSTOP AND TORQUE ARM
2931330,4821.170.125.,FRHD,FRHD,Ringspann 4821.170.125. FRHD 900*Max Bore 5+716 BACKSTOP AND TORQUE ARM
2931329,4821.170.124.,FRHD,FRHD,Ringspann 4821.170.124. FRHD 800*Max Bore 4+12 BACKSTOP AND TORQUE ARM
2931328,4821.140.118.,FRHD,FRHD,Ringspann 4821.140.118. FRHD 775*Max Bore 3+34 BACKSTOP AND TORQUE ARM
2931327,4884.095.100.060h44,FGR60,FGR,Ringspann 4884.095.100.060h44 FGR60 OVERRUNNING CLUTCH ASSEMBLY
2931326,4884.080.100.050h38,FGR50,FGR,Ringspann 4884.080.100.050h38 FGR50 OVERRUNNING CLUTCH ASSEMBLY
2931325,4884.066.100.040h33,FGR40,FGR,Ringspann 4884.066.100.040h33 FGR40 OVERRUNNING CLUTCH ASSEMBLY
2931324,4884.055.100.030h33,FGR30,FGR,Ringspann 4884.055.100.030h33 FGR30 OVERRUNNING CLUTCH ASSEMBLY
2931323,4884.050.100.025h33,FGR25,FGR,Ringspann 4884.050.100.025h33 FGR25 OVERRUNNING CLUTCH ASSEMBLY
2931322,4879.057.103.000001,ZZ40,ZZ,Ringspann 4879.057.103.000001 ZZ40 CLUTCH BEARING
2931321,4879.047.102.000001,ZZ6207,ZZ,Ringspann 4879.047.102.000001 ZZ6207 CLUTCH BEARING
2931320,4879.019.101.000001,ZZ6201,ZZ,Ringspann 4879.019.101.000001 ZZ6201 CLUTCH BEARING
2931319,4879.012.101.000001,ZZ8,ZZ,Ringspann 4879.012.101.000001 ZZ8 CLUTCH BEARING
2931318,4873.057.701.000000,FGK50,FGK,Ringspann 4873.057.701.000000 FGK50 OVERRUNNING CLUTCH ASSEMBLY
2931317,4873.056.701.000001,ZZ402RS,ZZ,Ringspann 4873.056.701.000001 ZZ402RS CLUTCH BEARING WITH RUBBER SEALS
2931316,4873.056.102.000001,ZZ40PP,ZZ,Ringspann 4873.056.102.000001 ZZ40PP CLUTCH BEARING KEYED ID AND OD
2931315,4873.056.101.000001,ZZ40P,ZZ,Ringspann 4873.056.101.000001 ZZ40P CLUTCH BEARING KEYED ID
2931314,4873.051.701.000000,FGK45,FGK,Ringspann 4873.051.701.000000 FGK45 OVERRUNNING CLUTCH ASSEMBLY
2931313,4873.047.702.000001,ZZ352RS,ZZ,Ringspann 4873.047.702.000001 ZZ352RS CLUTCH BEARING WITH RUBBER SEALS
2931312,4873.047.701.000000,FGK40,FGK,Ringspann 4873.047.701.000000 FGK40 OVERRUNNING CLUTCH ASSEMBLY
2931311,4873.047.102.000001,ZZ6207PP,ZZ,Ringspann 4873.047.102.000001 ZZ6207PP CLUTCH BEARING KEYED ID AND OD
2931310,4873.047.101.000001,ZZ6207P,ZZ,Ringspann 4873.047.101.000001 ZZ6207P CLUTCH BEARING KEYED ID
2931309,4873.041.701.000000,FGK35,FGK,Ringspann 4873.041.701.000000 FGK35 OVERRUNNING CLUTCH ASSEMBLY
2931308,4873.040.705.000001,ZZ302RS,ZZ,Ringspann 4873.040.705.000001 ZZ302RS CLUTCH BEARING WITH RUBBER SEALS
2931307,4873.040.704.000001,ZZ30P2RS,ZZ,Ringspann 4873.040.704.000001 ZZ30P2RS CLUTCH BEARING WITH KEYED ID & SEALS
2931306,4873.040.703.000000,ZZ6206,ZZ,Ringspann 4873.040.703.000000 ZZ6206 CLUTCH BEARING
2931305,4873.040.111.000001,ZZ6206PP,ZZ,Ringspann 4873.040.111.000001 ZZ6206PP CLUTCH BEARING KEYED ID AND OD
2931304,4873.040.110.000001,ZZ6206P,ZZ,Ringspann 4873.040.110.000001 ZZ6206P CLUTCH BEARING KEYED ID
2931303,4873.040.107.030h20,FCN30K,FCN,Ringspann 4873.040.107.030h20 FCN30K CLUTCH BEARING
2931302,4873.040.103.025H20,ZZ620625SW*25MMKW,ZZ,Ringspann 4873.040.103.025H20 ZZ620625SW*25MMKW CLUTCH BRG KEYED ID
2931301,4873.034.717.000000,FGK30,FGK,Ringspann 4873.034.717.000000 FGK30 OVERRUNNING CLUTCH ASSEMBLY
2931300,4873.034.704.000000,ZZ6205,ZZ,Ringspann 4873.034.704.000000 ZZ6205 CLUTCH BEARING
2931299,4873.034.102.025h20,FCN25R,FCN,Ringspann 4873.034.102.025h20 FCN25R ROLLER-RAMP TYPE CLUTCH
2931298,4873.034.101.025h20,FCN25K,FCN,Ringspann 4873.034.101.025h20 FCN25K CLUTCH BEARING
2931297,4873.033.704.000001,ZZ25P2RS,ZZ,Ringspann 4873.033.704.000001 ZZ25P2RS CLUTCH BEARING WITH KEYED ID & SEALS
2931296,4873.033.701.000001,ZZ252RS,ZZ,Ringspann 4873.033.701.000001 ZZ252RS CLUTCH BEARING WITH RUBBER SEALS
2931295,4873.033.102.000001,ZZ6205PP,ZZ,Ringspann 4873.033.102.000001 ZZ6205PP CLUTCH BEARING KEYED ID AND OD
2931294,4873.033.101.000001,ZZ6205P,ZZ,Ringspann 4873.033.101.000001 ZZ6205P CLUTCH BEARING KEYED ID
2931293,4873.029.704.000001,ZZ20P2RS,ZZ,Ringspann 4873.029.704.000001 ZZ20P2RS CLUTCH BEARING WITH KEYED ID & SEALS
2931292,4873.029.702.000001,ZZ202RS,ZZ,Ringspann 4873.029.702.000001 ZZ202RS CLUTCH BEARING WITH RUBBER SEALS
2931291,4873.029.102.000001,ZZ6204PP,ZZ,Ringspann 4873.029.102.000001 ZZ6204PP CLUTCH BEARING KEYED ID AND OD
2931290,4873.029.101.000001,ZZ6204P,ZZ,Ringspann 4873.029.101.000001 ZZ6204P CLUTCH BEARING KEYED ID
2931289,4873.028.702.000000,ZZ6204,ZZ,Ringspann 4873.028.702.000000 ZZ6204 CLUTCH BEARING
2931288,4873.028.106.020h16,FCN20R,FCN,Ringspann 4873.028.106.020h16 FCN20R ROLLER-RAMP TYPE CLUTCH
2931287,4873.028.101.020h16,FCN20K,FCN,Ringspann 4873.028.101.020h16 FCN20K CLUTCH BEARING
2931286,4873.025.701.000001,ZZ172RS,ZZ,Ringspann 4873.025.701.000001 ZZ172RS CLUTCH BEARING WITH RUBBER SEALS
2931285,4873.025.102.000001,ZZ6203PP,ZZ,Ringspann 4873.025.102.000001 ZZ6203PP CLUTCH BEARING KEYED ID AND OD
2931284,4873.025.101.000001,ZZ6203P,ZZ,Ringspann 4873.025.101.000001 ZZ6203P CLUTCH BEARING KEYED ID
2931283,4873.024.702.000000,ZZ6203,ZZ,Ringspann 4873.024.702.000000 ZZ6203 CLUTCH BEARING
2931282,4873.023.101.015h12,FCN15R,FCN,Ringspann 4873.023.101.015h12 FCN15R ROLLER-RAMP TYPE CLUTCH
2931281,4873.022.701.000001,ZZ152RS,ZZ,Ringspann 4873.022.701.000001 ZZ152RS CLUTCH BEARING WITH RUBBER SEALS
2931280,4873.022.102.000001,ZZ6202PP,ZZ,Ringspann 4873.022.102.000001 ZZ6202PP CLUTCH BEARING KEYED ID AND OD
2931279,4873.022.101.000001,ZZ6202P,ZZ,Ringspann 4873.022.101.000001 ZZ6202P CLUTCH BEARING KEYED ID
2931278,4873.021.702.000000,ZZ6202,ZZ,Ringspann 4873.021.702.000000 ZZ6202 CLUTCH BEARING
2931277,4873.019.701.000001,ZZ122RS,ZZ,Ringspann 4873.019.701.000001 ZZ122RS CLUTCH BEARING WITH RUBBER SEALS
2931276,4873.019.101.012h18,FCN12R,FCN,Ringspann 4873.019.101.012h18 FCN12R ROLLER-RAMP TYOE CLUTCH
2931275,4873.016.101.010h14,FCN10R,FCN,Ringspann 4873.016.101.010h14 FCN10R ROLLER-RAMP TYPE CLUTCH
2931274,4873.013.101.008h10,FCN8R,FCN,Ringspann 4873.013.101.008h10 FCN8R ROLLER-RAMP TYPE CLUTCH
2931273,4871.107.101.080h31,FCN80R,FCN,Ringspann 4871.107.101.080h31 FCN80R ROLLER-RAMP TYPE CLUTCH
2931272,4871.105.002.000000,FD105CFR,FD,Ringspann 4871.105.002.000000 FD105CFR CAM CLUTCH
2931271,4871.105.001.000000,FD105CFP,FD,Ringspann 4871.105.001.000000 FD105CFP CAM CLUTCH
2931270,4871.105.000.000000,FD105CFH,FD,Ringspann 4871.105.000.000000 FD105CFH CAM CLUTCH
2931269,4871.082.101.060h23,FCN60R,FCN,Ringspann 4871.082.101.060h23 FCN60R ROLLER-RAMP TYPE CLUTCH
2931268,4871.080.109.060h23,FCN60CF,FCN,Ringspann 4871.080.109.060h23 FCN60CF CAM CLUTCH
2931267,4871.080.002.000000,FD80CFR,FD,Ringspann 4871.080.002.000000 FD80CFR CAM CLUTCH
2931266,4871.080.001.000000,FD80CFP,FD,Ringspann 4871.080.001.000000 FD80CFP CAM CLUTCH
2931265,4871.080.000.000000,FD80CFH,FD,Ringspann 4871.080.000.000000 FD80CFH CAM CLUTCH
2931264,4871.072.101.055h24,FCN55CF,FCN,Ringspann 4871.072.101.055h24 FCN55CF CAM CLUTCH
2931263,4871.065.103.050h21,FCN50R,FCN,Ringspann 4871.065.103.050h21 FCN50R ROLLER-RAMP TYPE CLUTCH
2931262,4871.065.101.050h21,FCN50CF,FCN,Ringspann 4871.065.101.050h21 FCN50CF CAM CLUTCH
2931261,4871.065.002.000000,FD65CFR,FD,Ringspann 4871.065.002.000000 FD65CFR CAM CLUTCH
2931260,4871.065.001.000000,FD65CFP,FD,Ringspann 4871.065.001.000000 FD65CFP CAM CLUTCH
2931259,4871.065.000.000000,FD65CFH,FD,Ringspann 4871.065.000.000000 FD65CFH CAM CLUTCH
2931258,4871.062.101.045h21,FCN45CF,FCN,Ringspann 4871.062.101.045h21 FCN45CF CAM CLUTCH
2931257,4871.060.101.045h21,FCN45R,FCN,Ringspann 4871.060.101.045h21 FCN45R ROLLER RAMP TYPE CLUTCH
2931256,4871.057.101.040h22,FCN40CF,FCN,Ringspann 4871.057.101.040h22 FCN40CF CAM CLUTCH
2931255,4871.055.101.040h22,FCN40R,FCN,Ringspann 4871.055.101.040h22 FCN40R ROLLER-RAMP TYPE CLUTCH
2931254,4871.050.111.035h24,FCN35R,FCN,Ringspann 4871.050.111.035h24 FCN35R ROLLER-RAMP TYPE CLUTCH
2931253,4871.050.110.035h24,FCN35CF,FCN,Ringspann 4871.050.110.035h24 FCN35CF CAM CLUTCH
2931252,4871.050.002.000000,FD50CFR,FD,Ringspann 4871.050.002.000000 FD50CFR CAM CLUTCH
2931251,4871.050.001.000000,FD50CFP,FD,Ringspann 4871.050.001.000000 FD50CFP CAM CLUTCH
2931250,4871.050.000.000000,FD50CFH,FD,Ringspann 4871.050.000.000000 FD50CFH CAM CLUTCH
2931249,4871.040.002.000000,FD40CFR,FD,Ringspann 4871.040.002.000000 FD40CFR CAM CLUTCH
2931248,4871.040.001.000000,FD40CFP,FD,Ringspann 4871.040.001.000000 FD40CFP CAM CLUTCH
2931247,4871.040.000.000000,FD40CFH,FD,Ringspann 4871.040.000.000000 FD40CFH CAM CLUTCH
2931246,4871.039.101.030h20,FCN30R,FCN,Ringspann 4871.039.101.030h20 FCN30R ROLLER-RAMP TYPE CLUTCH
2931245,4871.030.002.000000,FD30CFR,FD,Ringspann 4871.030.002.000000 FD30CFR CAM CLUTCH
2931244,4871.030.001.000000,FD30CFP,FD,Ringspann 4871.030.001.000000 FD30CFP CAM CLUTCH
2931243,4871.030.000.000000,FD30CFH,FD,Ringspann 4871.030.000.000000 FD30CFH CAM CLUTCH
2931242,4871.025.002.000000,FD25CFR,FD,Ringspann 4871.025.002.000000 FD25CFR CAM CLUTCH
2931241,4871.025.001.000000,FD25CFP,FD,Ringspann 4871.025.001.000000 FD25CFP CAM CLUTCH
2931240,4871.025.000.000000,FD25CFH,FD,Ringspann 4871.025.000.000000 FD25CFH CAM CLUTCH
2931239,4871.020.002.000000,FD20CFR,FD,Ringspann 4871.020.002.000000 FD20CFR CAM CLUTCH
2931238,4871.020.001.000000,FD20CFP,FD,Ringspann 4871.020.001.000000 FD20CFP CAM CLUTCH
2931237,4871.020.000.000000,FD20CFH,FD,Ringspann 4871.020.000.000000 FD20CFH CAM CLUTCH
2931236,4871.015.002.000000,FD15CFR,FD,Ringspann 4871.015.002.000000 FD15CFR CAM CLUTCH
2931235,4871.015.001.000000,FD15CFP,FD,Ringspann 4871.015.001.000000 FD15CFP CAM CLUTCH
2931234,4871.015.000.000000,FD15CFH,FD,Ringspann 4871.015.000.000000 FD15CFH CAM CLUTCH
2931233,4871.012.002.000000,FD12CFR,FD,Ringspann 4871.012.002.000000 FD12CFR CAM CLUTCH
2931232,4871.012.001.000000,FD12CFP,FD,Ringspann 4871.012.001.000000 FD12CFP CAM CLUTCH
2931231,4871.012.000.000000,FD12CFH,FD,Ringspann 4871.012.000.000000 FD12CFH CAM CLUTCH
2931230,4867.310.501.150h84,FXM31096UX*150MM,FXM,Ringspann 4867.310.501.150h84 FXM31096UX*150MM INTERNAL BACKSTOP KW36X84MM
2931229,4867.290.502.M01060,FXM29096UX*6+34,FXM,Ringspann 4867.290.502.M01060 FXM29096UX*6+34 INTERNAL BACKSTOP KW134X34
2931228,4867.290.501.M01060,FXM29070UX*6+34,FXM,Ringspann 4867.290.501.M01060 FXM29070UX*6+34 INTERNAL BACKSTOP KW134X34
2931227,4867.260.501.M01033,FXM26063UX*4+18,FXM,Ringspann 4867.260.501.M01033 FXM26063UX*4+18 INTERNAL BACKSTOP KW1X12
2931226,4867.260.501.150h84,FXM26063UX*150MM,FXM,Ringspann 4867.260.501.150h84 FXM26063UX*150MM INTERNAL BACKSTOP
2931225,4867.260.501.105h64,FXM26063UX*105MM,FXM,Ringspann 4867.260.501.105h64 FXM26063UX*105MM INTERNAL BACKSTOP KW28X64MM
2931224,4867.240.502.M01160,FXM24096UX*5+34,FXM,Ringspann 4867.240.502.M01160 FXM24096UX*5+34 INTERNAL BACKSTOP KW114X34
2931223,4867.240.502.105h64,FXM24096UX*105MM,FXM,Ringspann 4867.240.502.105h64 FXM24096UX*105MM INTERNAL BACKSTOP KW28X64MM
2931222,4867.240.501.M01105,FXM24063UX*180MM,FXM,Ringspann 4867.240.501.M01105 FXM24063UX*180MM INTERNAL BACKSTOP
2931221,4867.240.501.140h84,FXM24063UX*140MM,FXM,Ringspann 4867.240.501.140h84 FXM24063UX*140MM INTERNAL BACKSTOP
2931220,4867.240.501.120h74,FXM24063UX*120MM,FXM,Ringspann 4867.240.501.120h74 FXM24063UX*120MM INTERNAL BACKSTOP
2931219,4867.200.501.M00788,FXM20063SX*5+12,FXM,Ringspann 4867.200.501.M00788 FXM20063SX*5+12 INTERNAL BACKSTOP KW1*14X716
2931218,4867.200.501.M00292,FXM20063SX*6,FXM,Ringspann 4867.200.501.M00292 FXM20063SX*6 INTERNAL BACKSTOP KW1*12X12
2931217,4867.200.501.130h74,FXM20063SX*130MM,FXM,Ringspann 4867.200.501.130h74 FXM20063SX*130MM INTERNAL BACKSTOP
2931216,4867.200.501.125h74,FXM20063SX*125MM,FXM,Ringspann 4867.200.501.125h74 FXM20063SX*125MM INTERNAL BACKSTOP KW32X18MM
2931215,4867.200.501.090h54,FXM20063SX*90MM,FXM,Ringspann 4867.200.501.090h54 FXM20063SX*90MM INTERNAL BACKSTOP KW25X5.4MM
2931214,4867.170.502.130h74,FXM17063SX*130MM,FXM,Ringspann 4867.170.502.130h74 FXM17063SX*130MM INTERNAL BACKSTOP
2931213,4867.170.502.123h74,FXM17063SX*123MM,FXM,Ringspann 4867.170.502.123h74 FXM17063SX*123MM INTERNAL BACKSTOP
2931212,4867.170.502.120h74,FXM17063SX*120MM,FXM,Ringspann 4867.170.502.120h74 FXM17063SX*120MM INTERNAL BACKSTOP
2931211,4867.170.502.100h64,FXM17063SX*100MM,FXM,Ringspann 4867.170.502.100h64 FXM17063SX*100MM INTERNAL BACKSTOP KW28X64MM
2931210,4867.170.502.085h31,FXM17063SX*85MM,FXM,Ringspann 4867.170.502.085h31 FXM17063SX*85MM INTERNAL BACKSTOP
2931209,4867.140.502.M00850,FXM14050SX*4,FXM,Ringspann 4867.140.502.M00850 FXM14050SX*4 INTERNAL BACKSTOP KW1X38
2931208,4867.140.502.M00765,FXM14050SX*4,FXM,Ringspann 4867.140.502.M00765 FXM14050SX*4 INTERNAL BACKSTOP KW1X12
2931207,4867.140.502.M00750,FXM14050SX*2+78,FXM,Ringspann 4867.140.502.M00750 FXM14050SX*2+78 INTERNAL BACKSTOP KW34X38
2931206,4867.140.502.M00737,FXM14050SX*2,FXM,Ringspann 4867.140.502.M00737 FXM14050SX*2 INTERNAL BACKSTOP KW12X14
2931205,4867.140.502.100h64,FXM14050SX*100MM,FXM,Ringspann 4867.140.502.100h64 FXM14050SX*100MM INTERNAL BACKSTOP
2931204,4867.140.502.085h54,FXM14050SX*85MM,FXM,Ringspann 4867.140.502.085h54 FXM14050SX*85MM INTERNAL BACKSTOP
2931203,4867.140.502.070h49,FXM14050SX*70MM,FXM,Ringspann 4867.140.502.070h49 FXM14050SX*70MM INTERNAL BACKSTOP
2931202,4867.140.502.065h44,FXM14050SX*65MM,FXM,Ringspann 4867.140.502.065h44 FXM14050SX*65MM INTERNAL BACKSTOP
2931201,4867.120.501.M00758,FXM12050SX*3+14,FXM,Ringspann 4867.120.501.M00758 FXM12050SX*3+14 INTERNAL BACKSTOP
2931200,4867.120.501.M00739,FXM12050SX*2+14,FXM,Ringspann 4867.120.501.M00739 FXM12050SX*2+14 INTERNAL BACKSTOP
2931199,4867.120.501.095h54,FXM12050SX*95MM,FXM,Ringspann 4867.120.501.095h54 FXM12050SX*95MM INTERNAL BACKSTOP
2931198,4867.120.501.090h54,FXM12050SX*90MM,FXM,Ringspann 4867.120.501.090h54 FXM12050SX*90MM INTERNAL BACKSTOP
2931197,4867.120.501.080h54,FXM12050SX*80MM,FXM,Ringspann 4867.120.501.080h54 FXM12050SX*80MM INTERNAL BACKSTOP
2931196,4867.120.501.075h49,FXM12050SX*75MM,FXM,Ringspann 4867.120.501.075h49 FXM12050SX*75MM INTERNAL BACKSTOP
2931195,4867.120.501.065h44,FXM12050SX*65MM,FXM,Ringspann 4867.120.501.065h44 FXM12050SX*65MM INTERNAL BACKSTOP
2931194,4867.120.501.060h44,FXM12050SX*60MM,FXM,Ringspann 4867.120.501.060h44 FXM12050SX*60MM INTERNAL BACKSTOP
2931193,4867.120.501.055h43,FXM12050SX*55MM,FXM,Ringspann 4867.120.501.055h43 FXM12050SX*55MM INTERNAL BACKSTOP
2931192,4867.101.200.M01009,FXM10125DX*28762877,FXM,Ringspann 4867.101.200.M01009 FXM10125DX*28762877 INTERNAL BACKSTOP
2931191,4867.101.200.055h43,FXM10125DX*55MM,FXM,Ringspann 4867.101.200.055h43 FXM10125DX*55MM INTERNAL BACKSTOP
2931190,4867.101.200.045h38,FXM10125DX*45MM,FXM,Ringspann 4867.101.200.045h38 FXM10125DX*45MM INTERNAL BACKSTOP
2931189,4867.100.501.M00748,FXM10040SX*2+34,FXM,Ringspann 4867.100.501.M00748 FXM10040SX*2+34 INTERNAL BACKSTOP
2931188,4867.100.501.M00746,FXM10040SX*2+12,FXM,Ringspann 4867.100.501.M00746 FXM10040SX*2+12 INTERNAL BACKSTOP
2931187,4867.100.501.M00737,FXM10040SX*2,FXM,Ringspann 4867.100.501.M00737 FXM10040SX*2 INTERNAL BACKSTOP
2931186,4867.100.501.080h31,FXM10040SX*80MM,FXM,Ringspann 4867.100.501.080h31 FXM10040SX*80MM INTERNAL BACKSTOP
2931185,4867.100.501.075h49,FXM10040SX*75MM,FXM,Ringspann 4867.100.501.075h49 FXM10040SX*75MM INTERNAL BACKSTOP
2931184,4867.100.501.055h43,FXM10040SX*55MM,FXM,Ringspann 4867.100.501.055h43 FXM10040SX*55MM INTERNAL BACKSTOP
2931183,4867.100.501.050h38,FXM10040SX*50MM,FXM,Ringspann 4867.100.501.050h38 FXM10040SX*50MM INTERNAL BACKSTOP
2931182,4867.100.501.045h38,FXM10040SX*45MM,FXM,Ringspann 4867.100.501.045h38 FXM10040SX*45MM INTERNAL BACKSTOP
2931181,4867.086.200.M01056,FXM8625DX*2+34,FXM,Ringspann 4867.086.200.M01056 FXM8625DX*2+34 INTERNAL BACKSTOP
2931180,4867.086.200.065h44,FXM8625DX*65MM,FXM,Ringspann 4867.086.200.065h44 FXM8625DX*65MM INTERNAL BACKSTOP
2931179,4867.086.200.055h43,FXM8625DX*55MM,FXM,Ringspann 4867.086.200.055h43 FXM8625DX*55MM INTERNAL BACKSTOP
2931178,4867.086.200.050h38,FXM8625DX*50MM,FXM,Ringspann 4867.086.200.050h38 FXM8625DX*50MM INTERNAL BACKSTOP
2931177,4867.086.200.040h33,FXM8625DX*40MM,FXM,Ringspann 4867.086.200.040h33 FXM8625DX*40MM INTERNAL BACKSTOP
2931176,4867.085.501.M00745,FXM8540SX*2+12,FXM,Ringspann 4867.085.501.M00745 FXM8540SX*2+12 INTERNAL BACKSTOP
2931175,4867.085.501.065h44,FXM8540SX*65MM,FXM,Ringspann 4867.085.501.065h44 FXM8540SX*65MM INTERNAL BACKSTOP
2931174,4867.085.501.060h44,FXM8540SX*60MM,FXM,Ringspann 4867.085.501.060h44 FXM8540SX*60MM INTERNAL BACKSTOP
2931173,4867.085.501.050h38,FXM8540SX*50MM,FXM,Ringspann 4867.085.501.050h38 FXM8540SX*50MM INTERNAL BACKSTOP
2931172,4867.085.501.045h38,FXM8540SX*45MM,FXM,Ringspann 4867.085.501.045h38 FXM8540SX*45MM INTERNAL BACKSTOP
2931171,4867.085.501.040h33,FXM8540SX*40MM,FXM,Ringspann 4867.085.501.040h33 FXM8540SX*40MM INTERNAL BACKSTOP
2931170,4867.085.501.035h33,FXM8540SX*35MM,FXM,Ringspann 4867.085.501.035h33 FXM8540SX*35MM INTERNAL BACKSTOP
2931169,4867.076.200.045h38,FXM7625DX*45MM,FXM,Ringspann 4867.076.200.045h38 FXM7625DX*45MM INTERNAL BACKSTOP
2931168,4867.076.200.040h33,FXM7625DX*40MM,FXM,Ringspann 4867.076.200.040h33 FXM7625DX*40MM INTERNAL BACKSTOP
2931167,4867.066.200.M00845,FXM6625DX*1.629,FXM,Ringspann 4867.066.200.M00845 FXM6625DX*1.629 INTERNAL BACKSTOP
2931166,4867.066.200.045h38,FXM6625DX*45MM,FXM,Ringspann 4867.066.200.045h38 FXM6625DX*45MM INTERNAL BACKSTOP
2931165,4867.066.200.040h33,FXM6625DX*40MM,FXM,Ringspann 4867.066.200.040h33 FXM6625DX*40MM INTERNAL BACKSTOP
2931164,4867.066.200.035h33,FXM6625DX*35MM,FXM,Ringspann 4867.066.200.035h33 FXM6625DX*35MM INTERNAL BACKSTOP
2931163,4867.061.200.035h33,FXM6119DX*35MM,FXM,Ringspann 4867.061.200.035h33 FXM6119DX*35MM INTERNAL BACKSTOP
2931162,4867.056.200.040h33,FXM5625DX*40MM,FXM,Ringspann 4867.056.200.040h33 FXM5625DX*40MM INTERNAL BACKSTOP
2931161,4867.056.200.035h33,FXM5625DX*35MM,FXM,Ringspann 4867.056.200.035h33 FXM5625DX*35MM INTERNAL BACKSTOP
2931160,4867.051.200.035h33,FXM5125DX*35MM,FXM,Ringspann 4867.051.200.035h33 FXM5125DX*35MM INTERNAL BACKSTOP
2931159,4867.051.200.025h33,FXM5125DX*25MM,FXM,Ringspann 4867.051.200.025h33 FXM5125DX*25MM INTERNAL BACKSTOP
2931158,4867.046.200.025h33,FXM4625DX*25MM,FXM,Ringspann 4867.046.200.025h33 FXM4625DX*25MM INTERNAL BACKSTOP
2931157,4867.038.200.025h20,FXM3817DX*25MM,FXM,Ringspann 4867.038.200.025h20 FXM3817DX*25MM INTERNAL BACKSTOP
2931156,4867.038.200.020h28,FXM3817DX*20MM,FXM,Ringspann 4867.038.200.020h28 FXM3817DX*20MM INTERNAL BACKSTOP
2931155,4867.031.200.020h28,FXM3117DX*20MM,FXM,Ringspann 4867.031.200.020h28 FXM3117DX*20MM INTERNAL BACKSTOP
2931154,4862.067.002.000000,RCD1012,RCD,Ringspann 4862.067.002.000000 RCD1012 BACKSTOP
2931153,4862.067.001.000000,RCD89,RCD,Ringspann 4862.067.001.000000 RCD89 BACKSTOP
2931152,4862.057.002.000000,RCD7,RCD,Ringspann 4862.057.002.000000 RCD7 BACKSTOP
2931151,4862.057.001.000000,RCD6,RCD,Ringspann 4862.057.001.000000 RCD6 BACKSTOP
2931150,4862.056.002.000000,RC210,RC,Ringspann 4862.056.002.000000 RC210 BACKSTOP
2931149,4862.046.002.000000,RC208,RC,Ringspann 4862.046.002.000000 RC208 BACKSTOP
2931148,4862.042.002.000000,RC207,RC,Ringspann 4862.042.002.000000 RC207 BACKSTOP
2931147,4862.032.002.000000,RC206,RC,Ringspann 4862.032.002.000000 RC206 BACKSTOP
2931146,4862.031.002.000000,RCD5,RCD,Ringspann 4862.031.002.000000 RCD5 BACKSTOP
2931145,4862.023.002.000000,RC205,RC,Ringspann 4862.023.002.000000 RC205 BACKSTOP
2931144,4862.022.001.000000,RCD4,RCD,Ringspann 4862.022.001.000000 RCD4 BACKSTOP
2931143,4862.018.001.000000,RCD3,RCD,Ringspann 4862.018.001.000000 RCD3 BACKSTOP
2931142,4861.107.102.080h31,FSN80R,FSN,Ringspann 4861.107.102.080h31 FSN80R CAM CLUTCH
2931141,4861.107.101.070h27,FSN70R,FSN,Ringspann 4861.107.101.070h27 FSN70R CAM CLUTCH
2931140,4861.082.101.060h23,FSN60R,FSN,Ringspann 4861.082.101.060h23 FSN60R CAM CLUTCH
2931139,4861.072.101.050h21,FSN50R,FSN,Ringspann 4861.072.101.050h21 FSN50R CAM CLUTCH
2931138,4861.061.103.045h21,FSN45R,FSN,Ringspann 4861.061.103.045h21 FSN45R CAM CLUTCH
2931137,4861.061.102.040h22,FSN40R,FSN,Ringspann 4861.061.102.040h22 FSN40R CAM CLUTCH
2931136,4861.049.102.035h24,FSN35R,FSN,Ringspann 4861.049.102.035h24 FSN35R CAM CLUTCH
2931135,4861.044.101.030h20,FSN30R,FSN,Ringspann 4861.044.101.030h20 FSN30R CAM CLUTCH
2931134,4861.037.112.025h20,FSN25R,FSN,Ringspann 4861.037.112.025h20 FSN25R CAM CLUTCH
2931133,4861.034.101.020h16,FSN20R,FSN,Ringspann 4861.034.101.020h16 FSN20R CAM CLUTCH
2931132,4861.029.103.017h12,FSN17R,FSN,Ringspann 4861.029.103.017h12 FSN17R CAM CLUTCH
2931131,4861.029.101.015h12,FSN15R,FSN,Ringspann 4861.029.101.015h12 FSN15R CAM CLUTCH
2931130,4861.019.102.012h18,FSN12R,FSN,Ringspann 4861.019.102.012h18 FSN12R CAM CLUTCH
2931129,4821.170.203.M00765,FRXG800*4,FRXG,Ringspann 4821.170.203.M00765 FRXG800*4 CAM CLUTCH
2931128,4821.170.203.M00763,FRXG800*3+34,FRXG,Ringspann 4821.170.203.M00763 FRXG800*3+34 CAM CLUTCH
2931127,4821.170.203.M00762,FRXG800*3+12,FRXG,Ringspann 4821.170.203.M00762 FRXG800*3+12 CAM CLUTCH
2931126,4821.170.110.M00799,FRSG900*5,FRSG,Ringspann 4821.170.110.M00799 FRSG900*5 CAM CLUTCH
2931125,4821.170.110.M00796,FRSG900*4+12,FRSG,Ringspann 4821.170.110.M00796 FRSG900*4+12 CAM CLUTCH
2931124,4821.170.110.M00763,FRSG900*3+34,FRSG,Ringspann 4821.170.110.M00763 FRSG900*3+34 CAM CLUTCH
2931123,4821.170.107.M01026,FRS900*5+716,FRS,Ringspann 4821.170.107.M01026 FRS900*5+716 CAM CLUTCH
2931122,4821.170.107.M00940,FRS900*3+58,FRS,Ringspann 4821.170.107.M00940 FRS900*3+58 CAM CLUTCH
2931121,4821.170.107.M00799,FRS900*5,FRS,Ringspann 4821.170.107.M00799 FRS900*5 CAM CLUTCH
2931120,4821.170.107.M00797,FRS900*4+34,FRS,Ringspann 4821.170.107.M00797 FRS900*4+34 CAM CLUTCH
2931119,4821.170.107.M00765,FRS900*4,FRS,Ringspann 4821.170.107.M00765 FRS900*4 CAM CLUTCH
2931118,4821.170.105.M00768,FRSG800*4+716,FRSG,Ringspann 4821.170.105.M00768 FRSG800*4+716 CAM CLUTCH
2931117,4821.170.105.M00767,FRSG800*4+14,FRSG,Ringspann 4821.170.105.M00767 FRSG800*4+14 CAM CLUTCH
2931116,4821.170.105.M00765,FRSG800*4,FRSG,Ringspann 4821.170.105.M00765 FRSG800*4 CAM CLUTCH
2931115,4821.170.105.M00763,FRSG800*3+34,FRSG,Ringspann 4821.170.105.M00763 FRSG800*3+34 CAM CLUTCH
2931114,4821.170.105.M00762,FRSG800*3+12,FRSG,Ringspann 4821.170.105.M00762 FRSG800*3+12 CAM CLUTCH
2931113,4821.170.105.M00761,FRSG800*3+716,FRSG,Ringspann 4821.170.105.M00761 FRSG800*3+716 CAM CLUTCH
2931112,4821.170.105.M00756,FRSG800*3+18,FRSG,Ringspann 4821.170.105.M00756 FRSG800*3+18 CAM CLUTCH
2931111,4821.170.105.090h54,FRSG800*90MM,FRSG,Ringspann 4821.170.105.090h54 FRSG800*90MM CAM CLUTCH
2931110,4821.170.105.075h49,FRSG800*75MM,FRSG,Ringspann 4821.170.105.075h49 FRSG800*75MM CAM CLUTCH
2931109,4821.170.102.M00783,FRX800*3+14,FRX,Ringspann 4821.170.102.M00783 FRX800*3+14 CAM CLUTCH
2931108,4821.170.102.M00769,FRX800*4+12,FRX,Ringspann 4821.170.102.M00769 FRX800*4+12 CAM CLUTCH
2931107,4821.170.102.M00763,FRX800*3+34,FRX,Ringspann 4821.170.102.M00763 FRX800*3+34 CAM CLUTCH
2931106,4821.170.102.M00762,FRX800*3+12,FRX,Ringspann 4821.170.102.M00762 FRX800*3+12 CAM CLUTCH
2931105,4821.170.101.M01083,FRS800*3+78,FRS,Ringspann 4821.170.101.M01083 FRS800*3+78 CAM CLUTCH
2931104,4821.170.101.M00768,FRS800*4+716,FRS,Ringspann 4821.170.101.M00768 FRS800*4+716 CAM CLUTCH
2931103,4821.170.101.M00767,FRS800*4+14,FRS,Ringspann 4821.170.101.M00767 FRS800*4+14 CAM CLUTCH
2931102,4821.170.101.M00765,FRS800*4,FRS,Ringspann 4821.170.101.M00765 FRS800*4 CAM CLUTCH
2931101,4821.170.101.M00764,FRS800*3+1516,FRS,Ringspann 4821.170.101.M00764 FRS800*3+1516 CAM CLUTCH
2931100,4821.170.101.M00763,FRS800*3+34,FRS,Ringspann 4821.170.101.M00763 FRS800*3+34 CAM CLUTCH
2931099,4821.170.101.M00762,FRS800*3+12,FRS,Ringspann 4821.170.101.M00762 FRS800*3+12 CAM CLUTCH
2931098,4821.170.101.M00761,FRS800*3+716,FRS,Ringspann 4821.170.101.M00761 FRS800*3+716 CAM CLUTCH
2931097,4821.170.101.M00758,FRS800*3+14,FRS,Ringspann 4821.170.101.M00758 FRS800*3+14 CAM CLUTCH
2931096,4821.170.101.M00755,FRS800*3,FRS,Ringspann 4821.170.101.M00755 FRS800*3 CAM CLUTCH
2931095,4821.170.101.M00746,FRS800*2+12,FRS,Ringspann 4821.170.101.M00746 FRS800*2+12 CAM CLUTCH
2931094,4821.170.101.110h64,FRS800*110MM,FRS,Ringspann 4821.170.101.110h64 FRS800*110MM CAM CLUTCH
2931093,4821.170.101.090f54,FRS800*90MM,FRS,Ringspann 4821.170.101.090f54 FRS800*90MM CAM CLUTCH
2931092,4821.140.116.M01156,FRXG,FRXG,Ringspann 4821.140.116.M01156 FRXG 775*3+34 W/ #60 TA KIT BACKSTOP AND TORQUE ARM
2931091,4821.140.116.M01152,FRXG,FRXG,Ringspann 4821.140.116.M01152 FRXG 775*3+12 W/ #60 TA KIT BACKSTOP AND TORQUE ARM
2931090,4821.140.116.M00758,FRXG,FRXG,Ringspann 4821.140.116.M00758 FRXG 775*3+14 W/ #60 TA KIT BACKSTOP AND TORQUE ARM
2931089,4821.140.116.M00755,FRXG,FRXG,Ringspann 4821.140.116.M00755 FRXG 775*3 W/ #60 TA KIT BACKSTOP AND TORQUE ARM
2931088,4821.140.116.M00748,FRXG,FRXG,Ringspann 4821.140.116.M00748 FRXG 775*2+34 W/ #60 TA KIT BACKSTOP AND TORQUE ARM
2931087,4821.140.116.M00746,FRXG,FRXG,Ringspann 4821.140.116.M00746 FRXG 775*2+12 W/ #60 TA KIT BACKSTOP AND TORQUE ARM
2931086,4821.140.116.M00739,FRXG,FRXG,Ringspann 4821.140.116.M00739 FRXG 775*2+14 W/ #60 TA KIT BACKSTOP AND TORQUE ARM
2931085,4821.140.116.095f54,FRXG,FRXG,Ringspann 4821.140.116.095f54 FRXG 775*95mm W/ #60 TA KIT BACKSTOP AND TORQUE ARM
2931084,4821.140.116.085h54,FRXG,FRXG,Ringspann 4821.140.116.085h54 FRXG 775*85mm W/ #60 TA KIT BACKSTOP AND TORQUE ARM
2931083,4821.140.116.075h49,FRXG,FRXG,Ringspann 4821.140.116.075h49 FRXG 775*75mm W/ #60 TA KIT BACKSTOP AND TORQUE ARM
2931082,4821.140.116.070h49,FRXG,FRXG,Ringspann 4821.140.116.070h49 FRXG 775*70mm W/ #60 TA KIT BACKSTOP AND TORQUE ARM
2931081,4821.140.116.065h44,FRXG,FRXG,Ringspann 4821.140.116.065h44 FRXG 775*65mm W/ #60 TA KIT BACKSTOP AND TORQUE ARM
2931080,4821.140.116.063h44,FRXG,FRXG,Ringspann 4821.140.116.063h44 FRXG 775*63mm W/ #60 TA KIT BACKSTOP AND TORQUE ARM
2931079,4821.140.116.060h44,FRXG,FRXG,Ringspann 4821.140.116.060h44 FRXG 775*60mm W/ #60 TA KIT BACKSTOP AND TORQUE ARM
2931078,4821.140.116.055h43,FRXG,FRXG,Ringspann 4821.140.116.055h43 FRXG 775*55mm W/ #60 TA KIT BACKSTOP AND TORQUE ARM
2931077,4821.140.114.M01156,FRXG775*3+34,FRXG,Ringspann 4821.140.114.M01156 FRXG775*3+34 CAM CLUTCH
2931076,4821.140.114.M01152,FRXG775*3+12,FRXG,Ringspann 4821.140.114.M01152 FRXG775*3+12 CAM CLUTCH
2931075,4821.140.114.M01151,FRXG775*2+1516,FRXG,Ringspann 4821.140.114.M01151 FRXG775*2+1516 CAM CLUTCH
2931074,4821.140.114.M00758,FRXG775*3+14,FRXG,Ringspann 4821.140.114.M00758 FRXG775*3+14 CAM CLUTCH
2931073,4821.140.114.M00755,FRXG775*3,FRXG,Ringspann 4821.140.114.M00755 FRXG775*3 CAM CLUTCH
2931072,4821.140.114.M00748,FRXG775*2+34,FRXG,Ringspann 4821.140.114.M00748 FRXG775*2+34 CAM CLUTCH
2931071,4821.140.114.M00746,FRXG775*2+12,FRXG,Ringspann 4821.140.114.M00746 FRXG775*2+12 CAM CLUTCH
2931070,4821.140.114.M00739,FRXG775*2+14,FRXG,Ringspann 4821.140.114.M00739 FRXG775*2+14 CAM CLUTCH
2931069,4821.140.114.085h54,FRXG775*85MM,FRXG,Ringspann 4821.140.114.085h54 FRXG775*85MM CAM CLUTCH
2931068,4821.140.114.075h49,FRXG775*75MM,FRXG,Ringspann 4821.140.114.075h49 FRXG775*75MM CAM CLUTCH
2931067,4821.140.113.M01078,FRX775*3+12,FRX,Ringspann 4821.140.113.M01078 FRX775*3+12 CAM CLUTCH
2931066,4821.140.112.M01078,FRSG775*3+12,FRSG,Ringspann 4821.140.112.M01078 FRSG775*3+12 CAM CLUTCH
2931065,4821.137.195.M00720,FRSG300*34,FRSG,Ringspann 4821.137.195.M00720 FRSG300*34 CAM CLUTCH
2931064,4821.137.195.M00719,FRSG300*58,FRSG,Ringspann 4821.137.195.M00719 FRSG300*58 CAM CLUTCH
2931063,4821.137.195.M00718,FRSG300*12,FRSG,Ringspann 4821.137.195.M00718 FRSG300*12 CAM CLUTCH
2931062,4821.137.195.019h16,FRSG300*19MM,FRSG,Ringspann 4821.137.195.019h16 FRSG300*19MM CAM CLUTCH
2931061,4821.127.128.M00747,FRZ750*2+34,FRZ,Ringspann 4821.127.128.M00747 FRZ750*2+34 CAM CLUTCH
2931060,4821.127.124.M00994,FRZ700*2+18,FRZ,Ringspann 4821.127.124.M00994 FRZ700*2+18 CAM CLUTCH
2931059,4821.127.124.M00747,FRZ700*2+34,FRZ,Ringspann 4821.127.124.M00747 FRZ700*2+34 CAM CLUTCH
2931058,4821.127.121.M00760,FRSG750*3+716,FRSG,Ringspann 4821.127.121.M00760 FRSG750*3+716 CAM CLUTCH
2931057,4821.127.121.M00759,FRSG750*3+38,FRSG,Ringspann 4821.127.121.M00759 FRSG750*3+38 CAM CLUTCH
2931056,4821.127.121.M00757,FRSG750*3+14,FRSG,Ringspann 4821.127.121.M00757 FRSG750*3+14 CAM CLUTCH
2931055,4821.127.121.M00754,FRSG750*3,FRSG,Ringspann 4821.127.121.M00754 FRSG750*3 CAM CLUTCH
2931054,4821.127.121.M00750,FRSG750*2+78,FRSG,Ringspann 4821.127.121.M00750 FRSG750*2+78 CAM CLUTCH
2931053,4821.127.121.M00748,FRSG750*2+34,FRSG,Ringspann 4821.127.121.M00748 FRSG750*2+34 CAM CLUTCH
2931052,4821.127.121.M00746,FRSG750*2+12,FRSG,Ringspann 4821.127.121.M00746 FRSG750*2+12 CAM CLUTCH
2931051,4821.127.120.M00752,FRSG700*2+1516,FRSG,Ringspann 4821.127.120.M00752 FRSG700*2+1516 CAM CLUTCH
2931050,4821.127.120.M00747,FRSG700*2+34,FRSG,Ringspann 4821.127.120.M00747 FRSG700*2+34 CAM CLUTCH
2931049,4821.127.120.M00746,FRSG700*2+12,FRSG,Ringspann 4821.127.120.M00746 FRSG700*2+12 CAM CLUTCH
2931048,4821.127.120.M00744,FRSG700*2+716,FRSG,Ringspann 4821.127.120.M00744 FRSG700*2+716 CAM CLUTCH
2931047,4821.127.120.M00739,FRSG700*2+14,FRSG,Ringspann 4821.127.120.M00739 FRSG700*2+14 CAM CLUTCH
2931046,4821.127.120.M00738,FRSG700*2+316,FRSG,Ringspann 4821.127.120.M00738 FRSG700*2+316 CAM CLUTCH
2931045,4821.127.120.M00737,FRSG700*2,FRSG,Ringspann 4821.127.120.M00737 FRSG700*2 CAM CLUTCH
2931044,4821.127.120.070h49,FRSG700*70MM,FRSG,Ringspann 4821.127.120.070h49 FRSG700*70MM CAM CLUTCH
2931043,4821.127.120.065h44,FRSG700*65MM,FRSG,Ringspann 4821.127.120.065h44 FRSG700*65MM CAM CLUTCH
2931042,4821.127.120.060h44,FRSG700*60MM,FRSG,Ringspann 4821.127.120.060h44 FRSG700*60MM CAM CLUTCH
2931041,4821.127.120.055h43,FRSG700*55MM,FRSG,Ringspann 4821.127.120.055h43 FRSG700*55MM CAM CLUTCH
2931040,4821.127.120.050h38,FRSG700*50MM,FRSG,Ringspann 4821.127.120.050h38 FRSG700*50MM CAM CLUTCH
2931039,4821.127.119.M01064,FRS750*2+58,FRS,Ringspann 4821.127.119.M01064 FRS750*2+58 CAM CLUTCH
2931038,4821.127.119.M00961,FRS750*2+1516,FRS,Ringspann 4821.127.119.M00961 FRS750*2+1516 CAM CLUTCH
2931037,4821.127.119.M00760,FRS750*3+716,FRS,Ringspann 4821.127.119.M00760 FRS750*3+716 CAM CLUTCH
2931036,4821.127.119.M00759,FRS750*2+38,FRS,Ringspann 4821.127.119.M00759 FRS750*2+38 CAM CLUTCH
2931035,4821.127.119.M00757,FRS750*3+14,FRS,Ringspann 4821.127.119.M00757 FRS750*3+14 CAM CLUTCH
2931034,4821.127.119.M00755,FRS750*3,FRS,Ringspann 4821.127.119.M00755 FRS750*3 CAM CLUTCH
2931033,4821.127.119.M00750,FRS750*2+78,FRS,Ringspann 4821.127.119.M00750 FRS750*2+78 CAM CLUTCH
2931032,4821.127.119.M00748,FRS750*2+34,FRS,Ringspann 4821.127.119.M00748 FRS750*2+34 CAM CLUTCH
2931031,4821.127.119.M00746,FRS750*2+12,FRS,Ringspann 4821.127.119.M00746 FRS750*2+12 CAM CLUTCH
2931030,4821.127.119.M00742,FRS750*3+38,FRS,Ringspann 4821.127.119.M00742 FRS750*3+38 CAM CLUTCH
2931029,4821.127.119.085h54,FRS750*85MM,FRS,Ringspann 4821.127.119.085h54 FRS750*85MM CAM CLUTCH
2931028,4821.127.119.080h54,FRS750*80MM,FRS,Ringspann 4821.127.119.080h54 FRS750*80MM CAM CLUTCH
2931027,4821.127.119.075h49,FRS750*75MM,FRS,Ringspann 4821.127.119.075h49 FRS750*75MM CAM CLUTCH
2931026,4821.127.119.065h44,FRS750*65MM,FRS,Ringspann 4821.127.119.065h44 FRS750*65MM CAM CLUTCH
2931025,4821.127.118.M00994,FRS700*2+18,FRS,Ringspann 4821.127.118.M00994 FRS700*2+18 CAM CLUTCH
2931024,4821.127.118.M00752,FRS700*2+1516,FRS,Ringspann 4821.127.118.M00752 FRS700*2+1516 CAM CLUTCH
2931023,4821.127.118.M00747,FRS700*2+34,FRS,Ringspann 4821.127.118.M00747 FRS700*2+34 CAM CLUTCH
2931022,4821.127.118.M00746,FRS700*2+12,FRS,Ringspann 4821.127.118.M00746 FRS700*2+12 CAM CLUTCH
2931021,4821.127.118.M00744,FRS700*2+716,FRS,Ringspann 4821.127.118.M00744 FRS700*2+716 CAM CLUTCH
2931020,4821.127.118.M00742,FRS700*2+38,FRS,Ringspann 4821.127.118.M00742 FRS700*2+38 CAM CLUTCH
2931019,4821.127.118.M00739,FRS700*2+14,FRS,Ringspann 4821.127.118.M00739 FRS700*2+14 CAM CLUTCH
2931018,4821.127.118.M00738,FRS700*2+316,FRS,Ringspann 4821.127.118.M00738 FRS700*2+316 CAM CLUTCH
2931017,4821.127.118.M00737,FRS700*2,FRS,Ringspann 4821.127.118.M00737 FRS700*2 CAM CLUTCH
2931016,4821.127.118.075h27,FRS700*75MM,FRS,Ringspann 4821.127.118.075h27 FRS700*75MM CAM CLUTCH
2931015,4821.127.118.070h49,FRS700*70MM,FRS,Ringspann 4821.127.118.070h49 FRS700*70MM CAM CLUTCH
2931014,4821.127.118.065h44,FRS700*65MM,FRS,Ringspann 4821.127.118.065h44 FRS700*65MM CAM CLUTCH
2931013,4821.127.118.060h44,FRS700*60MM,FRS,Ringspann 4821.127.118.060h44 FRS700*60MM CAM CLUTCH
2931012,4821.127.118.055h43,FRS700*55MM,FRS,Ringspann 4821.127.118.055h43 FRS700*55MM CAM CLUTCH
2931011,4821.127.118.050h38,FRS700*50MM,FRS,Ringspann 4821.127.118.050h38 FRS700*50MM CAM CLUTCH
2931010,4821.120.101.M00757,FRX750*3+14,FRX,Ringspann 4821.120.101.M00757 FRX750*3+14 CAM CLUTCH
2931009,4821.120.101.M00756,FRX750*3+18,FRX,Ringspann 4821.120.101.M00756 FRX750*3+18 CAM CLUTCH
2931008,4821.120.101.M00754,FRX750*3,FRX,Ringspann 4821.120.101.M00754 FRX750*3 CAM CLUTCH
2931007,4821.107.120.M00994,FRSG650*2+18,FRSG,Ringspann 4821.107.120.M00994 FRSG650*2+18 CAM CLUTCH
2931006,4821.107.120.M00745,FRSG650*2+12,FRSG,Ringspann 4821.107.120.M00745 FRSG650*2+12 CAM CLUTCH
2931005,4821.107.120.M00743,FRSG650*2+716,FRSG,Ringspann 4821.107.120.M00743 FRSG650*2+716 CAM CLUTCH
2931004,4821.107.120.M00741,FRSG650*2+38,FRSG,Ringspann 4821.107.120.M00741 FRSG650*2+38 CAM CLUTCH
2931003,4821.107.120.M00739,FRSG650*2+14,FRSG,Ringspann 4821.107.120.M00739 FRSG650*2+14 CAM CLUTCH
2931002,4821.107.120.M00737,FRSG650*2,FRSG,Ringspann 4821.107.120.M00737 FRSG650*2 CAM CLUTCH
2931001,4821.107.120.M00735,FRSG650*1+1516,FRSG,Ringspann 4821.107.120.M00735 FRSG650*1+1516 CAM CLUTCH
2931000,4821.107.120.060h44,FRSG650*60MM,FRSG,Ringspann 4821.107.120.060h44 FRSG650*60MM CAM CLUTCH
2930999,4821.107.120.058g43,FRSG650*58MM,FRSG,Ringspann 4821.107.120.058g43 FRSG650*58MM CAM CLUTCH
2930998,4821.107.120.055h43,FRSG650*55MM,FRSG,Ringspann 4821.107.120.055h43 FRSG650*55MM CAM CLUTCH
2930997,4821.107.120.052g43,FRSG650*52MM,FRSG,Ringspann 4821.107.120.052g43 FRSG650*52MM CAM CLUTCH
2930996,4821.107.120.045f38,FRSG650*45MM,FRSG,Ringspann 4821.107.120.045f38 FRSG650*45MM CAM CLUTCH
2930995,4821.107.113.M00739,FRZ650*2+14,FRZ,Ringspann 4821.107.113.M00739 FRZ650*2+14 CAM CLUTCH
2930994,4821.107.112.M00745,FRS650*2+12,FRS,Ringspann 4821.107.112.M00745 FRS650*2+12 CAM CLUTCH
2930993,4821.107.112.M00743,FRS650*1+716,FRS,Ringspann 4821.107.112.M00743 FRS650*1+716 CAM CLUTCH
2930992,4821.107.112.M00741,FRS650*2+38,FRS,Ringspann 4821.107.112.M00741 FRS650*2+38 CAM CLUTCH
2930991,4821.107.112.M00739,FRS650*2+14,FRS,Ringspann 4821.107.112.M00739 FRS650*2+14 CAM CLUTCH
2930990,4821.107.112.M00737,FRS650*2,FRS,Ringspann 4821.107.112.M00737 FRS650*2 CAM CLUTCH
2930989,4821.107.112.063h23,FRS650*63MM,FRS,Ringspann 4821.107.112.063h23 FRS650*63MM CAM CLUTCH
2930988,4821.107.112.060h44,FRS650*60MM,FRS,Ringspann 4821.107.112.060h44 FRS650*60MM CAM CLUTCH
2930987,4821.105.106.M01014,FRXG,FRXG,Ringspann 4821.105.106.M01014 FRXG 700*1+78 W/ #20 TA KIT BACKSTOP AND TORQUE ARM
2930986,4821.105.106.M00994,FRXG,FRXG,Ringspann 4821.105.106.M00994 FRXG 700*2+18 W/ #20 TA KIT BACKSTOP AND TORQUE ARM
2930985,4821.105.106.M00737,FRXG,FRXG,Ringspann 4821.105.106.M00737 FRXG 700*2 W/ #20 TA KIT BACKSTOP AND TORQUE ARM
2930984,4821.105.106.M00430,FRXG,FRXG,Ringspann 4821.105.106.M00430 FRXG 700*1+34 W/ #20 TA KIT BACKSTOP AND TORQUE ARM
2930983,4821.105.106.055h43,FRXG,FRXG,Ringspann 4821.105.106.055h43 FRXG 700*55mm W/ #20 TA KIT BACKSTOP AND TORQUE ARM
2930982,4821.105.106.050h38,FRXG,FRXG,Ringspann 4821.105.106.050h38 FRXG 700*50mm W/ #20 TA KIT BACKSTOP AND TORQUE ARM
2930981,4821.105.106.048h38,FRXG,FRXG,Ringspann 4821.105.106.048h38 FRXG 700*48mm W/ #20 TA KIT BACKSTOP AND TORQUE ARM
2930980,4821.105.106.045h38,FRXG,FRXG,Ringspann 4821.105.106.045h38 FRXG 700*45mm W/ #20 TA KIT BACKSTOP AND TORQUE ARM
2930979,4821.105.106.042h33,FRXG,FRXG,Ringspann 4821.105.106.042h33 FRXG 700*42mm W/ #20 TA KIT BACKSTOP AND TORQUE ARM
2930978,4821.105.105.M01014,FRXG700*1+78,FRXG,Ringspann 4821.105.105.M01014 FRXG700*1+78 CAM CLUTCH
2930977,4821.105.105.M00994,FRXG700*2+18,FRXG,Ringspann 4821.105.105.M00994 FRXG700*2+18 CAM CLUTCH
2930976,4821.105.105.M00752,FRXG700*2+1516,FRXG,Ringspann 4821.105.105.M00752 FRXG700*2+1516 CAM CLUTCH
2930975,4821.105.105.M00747,FRXG700*2+34,FRXG,Ringspann 4821.105.105.M00747 FRXG700*2+34 CAM CLUTCH
2930974,4821.105.105.M00746,FRXG700*2+12,FRXG,Ringspann 4821.105.105.M00746 FRXG700*2+12 CAM CLUTCH
2930973,4821.105.105.M00739,FRXG700*2+14,FRXG,Ringspann 4821.105.105.M00739 FRXG700*2+14 CAM CLUTCH
2930972,4821.105.105.M00433,FRXG700*1+34,FRXG,Ringspann 4821.105.105.M00433 FRXG700*1+34 CAM CLUTCH
2930971,4821.105.105.045h38,FRXG700*45MM,FRXG,Ringspann 4821.105.105.045h38 FRXG700*45MM CAM CLUTCH
2930970,4821.105.104.M00752,FRX700*2+1516,FRX,Ringspann 4821.105.104.M00752 FRX700*2+1516 CAM CLUTCH
2930969,4821.105.104.M00750,FRX700*2+78,FRX,Ringspann 4821.105.104.M00750 FRX700*2+78 CAM CLUTCH
2930968,4821.105.104.M00747,FRX700*2+34,FRX,Ringspann 4821.105.104.M00747 FRX700*2+34 CAM CLUTCH
2930967,4821.105.104.M00746,FRX700*2+12,FRX,Ringspann 4821.105.104.M00746 FRX700*2+12 CAM CLUTCH
2930966,4821.105.104.M00744,FRX700*2+716,FRX,Ringspann 4821.105.104.M00744 FRX700*2+716 CAM CLUTCH
2930965,4821.105.104.M00739,FRX700*2+14,FRX,Ringspann 4821.105.104.M00739 FRX700*2+14 CAM CLUTCH
2930964,4821.105.104.075h27,FRX700*75MM,FRX,Ringspann 4821.105.104.075h27 FRX700*75MM CAM CLUTCH
2930963,4821.105.104.070h49,FRX700*70MM,FRX,Ringspann 4821.105.104.070h49 FRX700*70MM CAM CLUTCH
2930962,4821.105.104.065h44,FRX700*65MM,FRX,Ringspann 4821.105.104.065h44 FRX700*65MM CAM CLUTCH
2930961,4821.105.104.060h44,FRX700*60MM,FRX,Ringspann 4821.105.104.060h44 FRX700*60MM CAM CLUTCH
2930960,4821.101.104.M00994,FRX650*2+18,FRX,Ringspann 4821.101.104.M00994 FRX650*2+18 CAM CLUTCH
2930959,4821.101.104.M00745,FRX650*2+12,FRX,Ringspann 4821.101.104.M00745 FRX650*2+12 CAM CLUTCH
2930958,4821.101.104.M00744,FRX650*2+716,FRX,Ringspann 4821.101.104.M00744 FRX650*2+716 CAM CLUTCH
2930957,4821.101.104.M00743,FRX650*1+716,FRX,Ringspann 4821.101.104.M00743 FRX650*1+716 CAM CLUTCH
2930956,4821.101.104.M00739,FRX650*2+14,FRX,Ringspann 4821.101.104.M00739 FRX650*2+14 CAM CLUTCH
2930955,4821.101.104.M00738,FRX650*2+316,FRX,Ringspann 4821.101.104.M00738 FRX650*2+316 CAM CLUTCH
2930954,4821.101.104.M00737,FRX650*2,FRX,Ringspann 4821.101.104.M00737 FRX650*2 CAM CLUTCH
2930953,4821.101.104.M00735,FRX650*1+1516,FRX,Ringspann 4821.101.104.M00735 FRX650*1+1516 CAM CLUTCH
2930952,4821.101.104.055h43,FRX650*55MM,FRX,Ringspann 4821.101.104.055h43 FRX650*55MM CAM CLUTCH
2930951,4821.082.129.M00736,FRZ600*2,FRZ,Ringspann 4821.082.129.M00736 FRZ600*2 CAM CLUTCH
2930950,4821.082.129.M00509,FRZ600*1+14,FRZ,Ringspann 4821.082.129.M00509 FRZ600*1+14 CAM CLUTCH
2930949,4821.082.125.M00736,FRS600*2,FRS,Ringspann 4821.082.125.M00736 FRS600*2 CAM CLUTCH
2930948,4821.082.125.M00733,FRS600*1+1516,FRS,Ringspann 4821.082.125.M00733 FRS600*1+1516 CAM CLUTCH
2930947,4821.082.125.M00732,FRS600*1+78,FRS,Ringspann 4821.082.125.M00732 FRS600*1+78 CAM CLUTCH
2930946,4821.082.125.M00731,FRS600*1+1116,FRS,Ringspann 4821.082.125.M00731 FRS600*1+1116 CAM CLUTCH
2930945,4821.082.125.M00729,FRS600*1+58,FRS,Ringspann 4821.082.125.M00729 FRS600*1+58 CAM CLUTCH
2930944,4821.082.125.M00727,FRS600*1+12,FRS,Ringspann 4821.082.125.M00727 FRS600*1+12 CAM CLUTCH
2930943,4821.082.125.M00726,FRS600*1+716,FRS,Ringspann 4821.082.125.M00726 FRS600*1+716 CAM CLUTCH
2930942,4821.082.125.M00509,FRS600*1+14,FRS,Ringspann 4821.082.125.M00509 FRS600*1+14 CAM CLUTCH
2930941,4821.082.125.M00433,FRS600*1+34,FRS,Ringspann 4821.082.125.M00433 FRS600*1+34 CAM CLUTCH
2930940,4821.082.125.050h38,FRS600*50MM,FRS,Ringspann 4821.082.125.050h38 FRS600*50MM CAM CLUTCH
2930939,4821.082.125.048h38,FRS600*48MM,FRS,Ringspann 4821.082.125.048h38 FRS600*48MM CAM CLUTCH
2930938,4821.082.125.045h38,FRS600*45MM,FRS,Ringspann 4821.082.125.045h38 FRS600*45MM CAM CLUTCH
2930937,4821.082.125.040h33,FRS600*40MM,FRS,Ringspann 4821.082.125.040h33 FRS600*40MM CAM CLUTCH
2930936,4821.082.120.M00897,FRSG600*1+1516,FRSG,Ringspann 4821.082.120.M00897 FRSG600*1+1516 CAM CLUTCH
2930935,4821.082.120.M00736,FRSG600*2,FRSG,Ringspann 4821.082.120.M00736 FRSG600*2 CAM CLUTCH
2930934,4821.082.120.M00733,FRSG600*1+1516,FRSG,Ringspann 4821.082.120.M00733 FRSG600*1+1516 CAM CLUTCH
2930933,4821.082.120.M00732,FRSG600*1+78,FRSG,Ringspann 4821.082.120.M00732 FRSG600*1+78 CAM CLUTCH
2930932,4821.082.120.M00729,FRSG600*1+58,FRSG,Ringspann 4821.082.120.M00729 FRSG600*1+58 CAM CLUTCH
2930931,4821.082.120.M00727,FRSG600*1+12,FRSG,Ringspann 4821.082.120.M00727 FRSG600*1+12 CAM CLUTCH
2930930,4821.082.120.M00725,FRSG600*1+38,FRSG,Ringspann 4821.082.120.M00725 FRSG600*1+38 CAM CLUTCH
2930929,4821.082.120.M00509,FRSG600*1+14,FRSG,Ringspann 4821.082.120.M00509 FRSG600*1+14 CAM CLUTCH
2930928,4821.082.120.M00433,FRSG600*1+34,FRSG,Ringspann 4821.082.120.M00433 FRSG600*1+34 CAM CLUTCH
2930927,4821.082.120.050h38,FRSG600*50MM,FRSG,Ringspann 4821.082.120.050h38 FRSG600*50MM CAM CLUTCH
2930926,4821.082.120.048h38,FRSG600*48MM,FRSG,Ringspann 4821.082.120.048h38 FRSG600*48MM CAM CLUTCH
2930925,4821.082.120.045h38,FRSG600*45MM,FRSG,Ringspann 4821.082.120.045h38 FRSG600*45MM CAM CLUTCH
2930924,4821.076.104.M00997,FRX600*1+34,FRX,Ringspann 4821.076.104.M00997 FRX600*1+34 CAM CLUTCH
2930923,4821.076.104.M00737,FRX600*2,FRX,Ringspann 4821.076.104.M00737 FRX600*2 CAM CLUTCH
2930922,4821.076.104.M00733,FRX600*1+1516,FRX,Ringspann 4821.076.104.M00733 FRX600*1+1516 CAM CLUTCH
2930921,4821.076.104.M00731,FRX600*1+1116,FRX,Ringspann 4821.076.104.M00731 FRX600*1+1116 CAM CLUTCH
2930920,4821.076.104.M00729,FRX600*1+58,FRX,Ringspann 4821.076.104.M00729 FRX600*1+58 CAM CLUTCH
2930919,4821.076.104.M00727,FRX600*1+12,FRX,Ringspann 4821.076.104.M00727 FRX600*1+12 CAM CLUTCH
2930918,4821.076.104.M00726,FRX600*1+716,FRX,Ringspann 4821.076.104.M00726 FRX600*1+716 CAM CLUTCH
2930917,4821.076.104.M00433,FRX600*1+34,FRX,Ringspann 4821.076.104.M00433 FRX600*1+34 CAM CLUTCH
2930916,4821.072.121.M00727,FRZ550*1+12,FRZ,Ringspann 4821.072.121.M00727 FRZ550*1+12 CAM CLUTCH
2930915,4821.072.116.M00984,FRSG550*1501,FRSG,Ringspann 4821.072.116.M00984 FRSG550*1501 CAM CLUTCH Bore: 1.501/1.502^
2930914,4821.072.116.M00730,FRSG550*1+58,FRSG,Ringspann 4821.072.116.M00730 FRSG550*1+58 CAM CLUTCH
2930913,4821.072.116.M00727,FRSG550*1+12,FRSG,Ringspann 4821.072.116.M00727 FRSG550*1+12 CAM CLUTCH
2930912,4821.072.116.M00509,FRSG550*1+14,FRSG,Ringspann 4821.072.116.M00509 FRSG550*1+14 CAM CLUTCH
2930911,4821.072.116.042h22,FRSG550*42MM,FRSG,Ringspann 4821.072.116.042h22 FRSG550*42MM CAM CLUTCH
2930910,4821.072.116.035h33,FRSG550*35MM,FRSG,Ringspann 4821.072.116.035h33 FRSG550*35MM CAM CLUTCH
2930909,4821.072.116.035f33,FRSG550*35MM,FRSG,Ringspann 4821.072.116.035f33 FRSG550*35MM CAM CLUTCH Nickel Plate
2930908,4821.072.116.030h33,FRSG550*30MM,FRSG,Ringspann 4821.072.116.030h33 FRSG550*30MM CAM CLUTCH
2930907,4821.072.113.M00771,FRS550*1+38,FRS,Ringspann 4821.072.113.M00771 FRS550*1+38 CAM CLUTCH
2930906,4821.072.113.M00730,FRS550*1+58,FRS,Ringspann 4821.072.113.M00730 FRS550*1+58 CAM CLUTCH
2930905,4821.072.113.M00728,FRS550*1+916,FRS,Ringspann 4821.072.113.M00728 FRS550*1+916 CAM CLUTCH
2930904,4821.072.113.M00727,FRS550*1+12,FRS,Ringspann 4821.072.113.M00727 FRS550*1+12 CAM CLUTCH
2930903,4821.072.113.M00726,FRS550*1+716,FRS,Ringspann 4821.072.113.M00726 FRS550*1+716 CAM CLUTCH
2930902,4821.072.113.M00509,FRS550*1+14,FRS,Ringspann 4821.072.113.M00509 FRS550*1+14 CAM CLUTCH
2930901,4821.066.107.M00730,FRX,FRX,Ringspann 4821.066.107.M00730 FRX 550*1+58 W/ #10 TA KIT BACKSTOP AND TORQUE ARM
2930900,4821.066.107.M00727,FRX,FRX,Ringspann 4821.066.107.M00727 FRX 550*1+12 W/ #10 TA KIT BACKSTOP AND TORQUE ARM
2930899,4821.066.107.M00723,FRX,FRX,Ringspann 4821.066.107.M00723 FRX 550*1+18 W/ #10 TA KIT BACKSTOP AND TORQUE ARM
2930898,4821.066.107.M00509,FRX,FRX,Ringspann 4821.066.107.M00509 FRX 550*1+14 W/ #10 TA KIT BACKSTOP AND TORQUE ARM
2930897,4821.066.107.042h22,FRX,FRX,Ringspann 4821.066.107.042h22 FRX 550*42mm W/ #10 TA KIT BACKSTOP AND TORQUE ARM
2930896,4821.066.107.038h33,FRX,FRX,Ringspann 4821.066.107.038h33 FRX 550*38mm W/ #10 TA KIT BACKSTOP AND TORQUE ARM
2930895,4821.066.107.030h33,FRX,FRX,Ringspann 4821.066.107.030h33 FRX 550*30mm W/ #10 TA KIT BACKSTOP AND TORQUE ARM
2930894,4821.066.107.028h33,FRX,FRX,Ringspann 4821.066.107.028h33 FRX 550*28mm W/ #10 TA KIT BACKSTOP AND TORQUE ARM
2930893,4821.066.104.M00730,FRX550*1+58,FRX,Ringspann 4821.066.104.M00730 FRX550*1+58 CAM CLUTCH
2930892,4821.066.104.M00727,FRX550*1+12,FRX,Ringspann 4821.066.104.M00727 FRX550*1+12 CAM CLUTCH
2930891,4821.057.113.M00509,FRZ500*1+14,FRZ,Ringspann 4821.057.113.M00509 FRZ500*1+14 CAM CLUTCH
2930890,4821.057.113.032h24,FRZ500*32MM,FRZ,Ringspann 4821.057.113.032h24 FRZ500*32MM CAM CLUTCH
2930889,4821.057.111.M01007,FRSG500*1251,FRSG,Ringspann 4821.057.111.M01007 FRSG500*1251 CAM CLUTCH
2930888,4821.057.111.M00844,FRSG500*118,FRSG,Ringspann 4821.057.111.M00844 FRSG500*118 CAM CLUTCH
2930887,4821.057.111.M00724,FRSG500*1+38,FRSG,Ringspann 4821.057.111.M00724 FRSG500*1+38 CAM CLUTCH
2930886,4821.057.111.M00723,FRSG500*1+18,FRSG,Ringspann 4821.057.111.M00723 FRSG500*1+18 CAM CLUTCH
2930885,4821.057.111.M00722,FRSG500*1,FRSG,Ringspann 4821.057.111.M00722 FRSG500*1 CAM CLUTCH
2930884,4821.057.111.M00521,FRSG500*78,FRSG,Ringspann 4821.057.111.M00521 FRSG500*78 CAM CLUTCH
2930883,4821.057.111.M00509,FRSG500*1+14,FRSG,Ringspann 4821.057.111.M00509 FRSG500*1+14 CAM CLUTCH
2930882,4821.057.111.032h24,FRSG500*32MM,FRSG,Ringspann 4821.057.111.032h24 FRSG500*32MM CAM CLUTCH
2930881,4821.057.109.M01093,FRS500*.999,FRS,Ringspann 4821.057.109.M01093 FRS500*.999 CAM CLUTCH Bore: .999^
2930880,4821.057.109.M00939,FRS500*1+316,FRS,Ringspann 4821.057.109.M00939 FRS500*1+316 CAM CLUTCH
2930879,4821.057.109.M00724,FRS500*1+38,FRS,Ringspann 4821.057.109.M00724 FRS500*1+38 CAM CLUTCH
2930878,4821.057.109.M00723,FRS500*1+18,FRS,Ringspann 4821.057.109.M00723 FRS500*1+18 CAM CLUTCH
2930877,4821.057.109.M00722,FRS500*1,FRS,Ringspann 4821.057.109.M00722 FRS500*1 CAM CLUTCH
2930876,4821.057.109.M00521,FRS500*78,FRS,Ringspann 4821.057.109.M00521 FRS500*78 CAM CLUTCH
2930875,4821.057.109.M00509,FRS500*1+14,FRS,Ringspann 4821.057.109.M00509 FRS500*1+14 CAM CLUTCH
2930874,4821.057.109.030h33,FRS500*30MM,FRS,Ringspann 4821.057.109.030h33 FRS500*30MM CAM CLUTCH
2930873,4821.057.109.025h23,FRS500*25MM,FRS,Ringspann 4821.057.109.025h23 FRS500*25MM CAM CLUTCH
2930872,4821.057.109.020h28,FRS500*20MM,FRS,Ringspann 4821.057.109.020h28 FRS500*20MM CAM CLUTCH
2930871,4821.051.108.M00724,FRX500*1+38,FRX,Ringspann 4821.051.108.M00724 FRX500*1+38 CAM CLUTCH
2930870,4821.051.108.M00723,FRX500*1+18,FRX,Ringspann 4821.051.108.M00723 FRX500*1+18 CAM CLUTCH
2930869,4821.051.108.M00722,FRX500*1,FRX,Ringspann 4821.051.108.M00722 FRX500*1 CAM CLUTCH
2930868,4821.051.108.M00509,FRX500*1+14,FRX,Ringspann 4821.051.108.M00509 FRX500*1+14 CAM CLUTCH
2930867,4821.051.108.030h33,FRX500*30MM,FRX,Ringspann 4821.051.108.030h33 FRX500*30MM CAM CLUTCH
2930866,4821.044.119.M00720,FRSG400*34,FRSG,Ringspann 4821.044.119.M00720 FRSG400*34 CAM CLUTCH
2930865,4821.044.119.M00719,FRSG400*58,FRSG,Ringspann 4821.044.119.M00719 FRSG400*58 CAM CLUTCH
2930864,4821.044.119.M00718,FRSG400*12,FRSG,Ringspann 4821.044.119.M00718 FRSG400*12 CAM CLUTCH
2930863,4821.044.119.M00521,FRSG400*78,FRSG,Ringspann 4821.044.119.M00521 FRSG400*78 CAM CLUTCH
2930862,4821.044.119.022h28,FRSG400*22MM,FRSG,Ringspann 4821.044.119.022h28 FRSG400*22MM CAM CLUTCH
2930861,4821.044.118.M00720,FRZ400*34,FRZ,Ringspann 4821.044.118.M00720 FRZ400*34 CAM CLUTCH
2930860,4821.044.118.M00521,FRZ400*78,FRZ,Ringspann 4821.044.118.M00521 FRZ400*78 CAM CLUTCH
2930859,4821.044.117.M00723,FRS450*1+18,FRS,Ringspann 4821.044.117.M00723 FRS450*1+18 CAM CLUTCH
2930858,4821.044.117.M00722,FRS450*1,FRS,Ringspann 4821.044.117.M00722 FRS450*1 CAM CLUTCH
2930857,4821.044.117.M00720,FRS450*34,FRS,Ringspann 4821.044.117.M00720 FRS450*34 CAM CLUTCH
2930856,4821.044.117.025h33,FRS450*25MM,FRS,Ringspann 4821.044.117.025h33 FRS450*25MM CAM CLUTCH
2930855,4821.044.116.M00720,FRS400*34,FRS,Ringspann 4821.044.116.M00720 FRS400*34 CAM CLUTCH
2930854,4821.044.116.M00718,FRS400*12,FRS,Ringspann 4821.044.116.M00718 FRS400*12 CAM CLUTCH
2930853,4821.044.116.M00521,FRS400*78,FRS,Ringspann 4821.044.116.M00521 FRS400*78 CAM CLUTCH
2930852,4821.044.116.022h28,FRS400*22MM,FRS,Ringspann 4821.044.116.022h28 FRS400*22MM CAM CLUTCH
2930851,4821.044.116.019h28,FRS400*19MM,FRS,Ringspann 4821.044.116.019h28 FRS400*19MM CAM CLUTCH
2930850,4821.044.116.018h28,FRS400*18MM,FRS,Ringspann 4821.044.116.018h28 FRS400*18MM CAM CLUTCH
2930849,4821.044.113.M01055,FRSG450*1,FRSG,Ringspann 4821.044.113.M01055 FRSG450*1 CAM CLUTCH Bore: 1.0010/1.0025^
2930848,4821.044.113.M00985,FRSG450,FRSG,Ringspann 4821.044.113.M00985 FRSG450 CAM CLUTCH Bore: 1.1225/1.126^
2930847,4821.044.113.M00723,FRSG450*1+18,FRSG,Ringspann 4821.044.113.M00723 FRSG450*1+18 CAM CLUTCH
2930846,4821.044.113.M00720,FRSG450*34,FRSG,Ringspann 4821.044.113.M00720 FRSG450*34 CAM CLUTCH
2930845,4821.044.113.025h33,FRSG450*25MM,FRSG,Ringspann 4821.044.113.025h33 FRSG450*25MM CAM CLUTCH
2930844,4821.038.106.M00720,FRX400*34,FRX,Ringspann 4821.038.106.M00720 FRX400*34 CAM CLUTCH
2930843,4821.038.106.M00521,FRX400*78,FRX,Ringspann 4821.038.106.M00521 FRX400*78 CAM CLUTCH
2930842,4821.037.196.M00521,FRSG350*78,FRSG,Ringspann 4821.037.196.M00521 FRSG350*78 CAM CLUTCH
2930841,4821.037.195.M00720,FRS300*34,FRS,Ringspann 4821.037.195.M00720 FRS300*34 CAM CLUTCH
2930840,4821.037.195.M00719,FRS300*58,FRS,Ringspann 4821.037.195.M00719 FRS300*58 CAM CLUTCH
2930839,4821.037.195.M00718,FRS300*12,FRS,Ringspann 4821.037.195.M00718 FRS300*12 CAM CLUTCH
2930838,4821.037.195.022h16,FRS300*22MM,FRS,Ringspann 4821.037.195.022h16 FRS300*22MM CAM CLUTCH
2930837,3677.165.001.000000,BWX134034,BWX,Ringspann 3677.165.001.000000 BWX134034 BW DOUBLE CAGE SPRAG FREEWHEEL
2930836,3677.123.002.000000,BWX133403A,BWX,Ringspann 3677.123.002.000000 BWX133403A BW DOUBLE CAGE SPRAG FREEWHEEL
2930835,3677.117.601.000000,BWX13236,BWX,Ringspann 3677.117.601.000000 BWX13236 BW DOUBLE CAGE SPRAG FREEWHEEL
2930834,3677.103.601.000000,BWX13261A,BWX,Ringspann 3677.103.601.000000 BWX13261A BW DOUBLE CAGE SPRAG FREEWHEEL
2930833,3677.085.001.000000,BWX134008A,BWX,Ringspann 3677.085.001.000000 BWX134008A BW DOUBLE CAGE SPRAG FREEWHEEL
2930832,3677.083.601.000000,BWX138316,BWX,Ringspann 3677.083.601.000000 BWX138316 BW DOUBLE CAGE SPRAG FREEWHEEL
2930831,3677.079.602.000000,BWX137322,BWX,Ringspann 3677.079.602.000000 BWX137322 BW DOUBLE CAGE SPRAG FREEWHEEL
2930830,3677.072.601.000000,BWX1310080,BWX,Ringspann 3677.072.601.000000 BWX1310080 BW DOUBLE CAGE SPRAG FREEWHEEL
2930829,3677.072.002.000000,BWX134012,BWX,Ringspann 3677.072.002.000000 BWX134012 BW DOUBLE CAGE SPRAG FREEWHEEL
2930828,3677.072.001.000000,BWX13168,BWX,Ringspann 3677.072.001.000000 BWX13168 BW DOUBLE CAGE SPRAG FREEWHEEL
2930827,3677.057.001.000000,BWX136324,BWX,Ringspann 3677.057.001.000000 BWX136324 BW CAGE SPRAG FREEWHEEL
2930826,3677.054.602.000000,BWX1310147,BWX,Ringspann 3677.054.602.000000 BWX1310147 BW DOUBLE CAGE SPRAG FREEWHEEL
2930825,3677.054.601.000000,BWX1310226,BWX,Ringspann 3677.054.601.000000 BWX1310226 BW CAGE SPRAG FREEWHEEL
2930824,3677.054.004.000000,BWX133780,BWX,Ringspann 3677.054.004.000000 BWX133780 BW DOUBLE CAGE SPRAG FREEWHEEL
2930823,3677.054.003.000000,BWX136709,BWX,Ringspann 3677.054.003.000000 BWX136709 BW DOUBLE CAGE SPRAG FREEWHEEL
2930822,3677.054.001.000000,BWX1310172,BWX,Ringspann 3677.054.001.000000 BWX1310172 BW CAGE SPRAG FREEWHEEL
2930821,3677.049.602.000000,BWX1310003,BWX,Ringspann 3677.049.602.000000 BWX1310003 BW DOUBLE CAGE SPRAG FREEWHEEL
2930820,3677.049.601.000000,BWX133339,BWX,Ringspann 3677.049.601.000000 BWX133339 BW DOUBLE CAGE SPRAG FREEWHEEL
2930819,3677.049.001.000000,BWX137222,BWX,Ringspann 3677.049.001.000000 BWX137222 BW CAGE SPRAG FREEWHEEL
2930818,3677.044.601.000000,BWX132909A,BWX,Ringspann 3677.044.601.000000 BWX132909A BW DOUBLE CAGE SPRAG FREEWHEEL
2930817,3677.041.601.000000,BWX1310145,BWX,Ringspann 3677.041.601.000000 BWX1310145 BW DOUBLE CAGE SPRAG FREEWHEEL
2930816,3677.038.601.000000,BWX133392,BWX,Ringspann 3677.038.601.000000 BWX133392 BW DOUBLE CAGE SPRAG FREEWHEEL
2930815,3677.027.001.000000,BWX13143A,BWX,Ringspann 3677.027.001.000000 BWX13143A BW DOUBLE CAGE SPRAG FREEWHEEL
2930814,3677.022.601.000000,BWX133590A,BWX,Ringspann 3677.022.601.000000 BWX133590A BW DOUBLE CAGE SPRAG FREEWHEEL
2930813,3662.100.133.000000,CFHTR,CFHTR,Ringspann 3662.100.133.000000 CFHTR SPRAG CHAIN ROLL OF 100 LINKS
2930812,3662.100.113.000000,CFHTH,CFHTH,Ringspann 3662.100.113.000000 CFHTH SPRAG CHAIN ROLL OF 100 LINKS
2930811,3662.002.102.000000,CFHL,CFHL,Ringspann 3662.002.102.000000 CFHL SPRAG CHAIN ROLL OF 50 DOUBLE LINKS
2930810,3662.002.101.000000,CFHR,CFHR,Ringspann 3662.002.101.000000 CFHR SPRAG CHAIN ROLL OF 50 DOUBLE LINKS
2930809,3662.001.100.000000,CFHH,CFHH,Ringspann 3662.001.100.000000 CFHH SPRAG CHAIN ROLL OF 100 LINKS
2930808,3661.001.100.000000,CZ,CZ,Ringspann 3661.001.100.000000 CZ SPRAG CHAIN ROLL OF 100 LINKS
2930807,2838.170.002.000000,TORQUEARM800,TORQUEARM,Ringspann 2838.170.002.000000 TORQUEARM800 TORQUE ARM
2930806,2838.127.003.000000,TORQUEARM750,TORQUEARM,Ringspann 2838.127.003.000000 TORQUEARM750 TORQUE ARM
2930805,2838.127.002.000000,TORQUEARM700,TORQUEARM,Ringspann 2838.127.002.000000 TORQUEARM700 TORQUE ARM
2930804,2838.107.002.000000,TORQUEARM650,TORQUEARM,Ringspann 2838.107.002.000000 TORQUEARM650 TORQUE ARM
2930803,2838.082.001.000000,TORQUEARM600,TORQUEARM,Ringspann 2838.082.001.000000 TORQUEARM600 TORQUE ARM
2930802,2838.072.001.000000,TORQUEARM550,TORQUEARM,Ringspann 2838.072.001.000000 TORQUEARM550 TORQUE ARM
2930801,2838.057.000.000000,TORQUEARM500,TORQUEARM,Ringspann 2838.057.000.000000 TORQUEARM500 TORQUE ARM
2930800,2838.044.001.000000,TORQUEARM400450,TORQUEARM,Ringspann 2838.044.001.000000 TORQUEARM400450 TORQUE ARM
2930799,2838.037.001.000000,TORQUEARM300,TORQUEARM,Ringspann 2838.037.001.000000 TORQUEARM300 TORQUE ARM
2930798,4871.105.702.095K00,FDE105CFR*95MM,FDE,Ringspann 4871.105.702.095K00 FDE105CFR*95MM CAM CLUTCH
2930797,4871.105.102.080H54,FDN105CFR,FDN,Ringspann 4871.105.102.080H54 FDN105CFR CAM CLUTCH
2930796,4871.105.101.080H54,FDN105CFP,FDN,Ringspann 4871.105.101.080H54 FDN105CFP CAM CLUTCH
2930795,4871.105.100.075h49,FDN105CFH*75MM,FDN,Ringspann 4871.105.100.075h49 FDN105CFH*75MM FREEWHEEL CAM CLUTCH
2930794,4871.080.102.060h44,FDN80CFR*60MM,FDN,Ringspann 4871.080.102.060h44 FDN80CFR*60MM FREEWHEEL CAM CLUTCH
2930793,4871.080.102.050h38,FDN80CFR*50MM,FDN,Ringspann 4871.080.102.050h38 FDN80CFR*50MM FREEWHEEL CAM CLUTCH
2930792,4871.080.102.035h33,FDN80CFR*35MM,FDN,Ringspann 4871.080.102.035h33 FDN80CFR*35MM FREEWHEEL CAM CLUTCH
2930791,4871.080.101.050h38,FDN80CFP*50MM,FDN,Ringspann 4871.080.101.050h38 FDN80CFP*50MM FREEWHEEL CAM CLUTCH
2930790,4871.080.100.060h44,FDN80CFH*60MM,FDN,Ringspann 4871.080.100.060h44 FDN80CFH*60MM FREEWHEEL CAM CLUTCH
2930789,4871.065.102.M00726,FDN65CFR*1427,FDN,Ringspann 4871.065.102.M00726 FDN65CFR*1427 FREEWHEEL CAM CLUTCH
2930788,4871.065.102.050h21,FDN65CFR*50MM,FDN,Ringspann 4871.065.102.050h21 FDN65CFR*50MM FREEWHEEL CAM CLUTCH
2930787,4871.065.101.040H33,FDN65CFP,FDN,Ringspann 4871.065.101.040H33 FDN65CFP CAM CLUTCH
2930786,4871.065.100.040H33,FDN65CFH,FDN,Ringspann 4871.065.100.040H33 FDN65CFH CAM CLUTCH
2930785,4871.050.702.045k00,FDE50CFR*45MM,FDE,Ringspann 4871.050.702.045k00 FDE50CFR*45MM FREEWHEEL CAM CLUTCH
2930784,4871.050.102.035h33,FDN50CFR*35MM,FDN,Ringspann 4871.050.102.035h33 FDN50CFR*35MM FREEWHEEL CAM CLUTCH
2930783,4871.050.101.030H33,FDN50CFP,FDN,Ringspann 4871.050.101.030H33 FDN50CFP CAM CLUTCH
2930782,4871.050.100.M00941,FDN50CFH,FDN,Ringspann 4871.050.100.M00941 FDN50CFH CAM CLUTCH
2930781,4871.050.100.035h33,FDN50CFH*35MM,FDN,Ringspann 4871.050.100.035h33 FDN50CFH*35MM FREEWHEEL CAM CLUTCH
2930780,4871.050.100.030h33,FDN50CFH*30MM,FDN,Ringspann 4871.050.100.030h33 FDN50CFH*30MM FREEWHEEL CAM CLUTCH
2930779,4871.040.102.025H33,FDN40CFR,FDN,Ringspann 4871.040.102.025H33 FDN40CFR CAM CLUTCH
2930778,4871.040.101.025H33,FDN40CFP,FDN,Ringspann 4871.040.101.025H33 FDN40CFP CAM CLUTCH
2930777,4871.040.100.025H33,FDN40CFH,FDN,Ringspann 4871.040.100.025H33 FDN40CFH CAM CLUTCH
2930776,4871.030.102.020H16,FDN30CFR,FDN,Ringspann 4871.030.102.020H16 FDN30CFR FREEWHEEL CAM CLUTCH
2930775,4871.030.101.020H16,FDN30CFP,FDN,Ringspann 4871.030.101.020H16 FDN30CFP CAM CLUTCH
2930774,4871.030.100.020H16,FDN30CFH,FDN,Ringspann 4871.030.100.020H16 FDN30CFH CAM CLUTCH
2930773,4871.025.102.000000,FDN25CFR,FDN,Ringspann 4871.025.102.000000 FDN25CFR CAM CLUTCH
2930772,4871.025.101.015H23,FDN25CFP,FDN,Ringspann 4871.025.101.015H23 FDN25CFP CAM CLUTCH
2930771,4871.025.100.015H23,FDN25CFH,FDN,Ringspann 4871.025.100.015H23 FDN25CFH CAM CLUTCH
2930770,4871.020.102.012h18,FDN20CFR,FDN,Ringspann 4871.020.102.012h18 FDN20CFR CAM CLUTCH
2930769,4871.020.101.012h18,FDN20CFP,FDN,Ringspann 4871.020.101.012h18 FDN20CFP CAM CLUTCH
2930768,4871.015.102.008h10,FDN15CFR,FDN,Ringspann 4871.015.102.008h10 FDN15CFR CAM CLUTCH
2930767,4871.015.101.008H10,FDN15CFP,FDN,Ringspann 4871.015.101.008H10 FDN15CFP CAM CLUTCH
2930765,4871.015.100.008H10,FDN15CFH,FDN,Ringspann 4871.015.100.008H10 FDN15CFH CAM CLUTCH
