id,catalog_number
5023161,96406955
5023162,96440447
5023163,96609016
5023164,96160143
5023165,91545155
5023166,91545215
5023167,91128524
5023168,96160152
5023169,13B63003
5023170,13B63603
5023171,10154514
5023172,48Z90055
5023173,48Z90113
5023174,48Z90115
5023175,48Z90116
5023176,48Z90051
5023177,48Z90021
5023178,48Z90119
5023179,91128527
5023180,91128529
5023181,48Z90056
5023182,48Z90020
5023183,48Z90057
5023184,48Z90006
5023185,48Z90117
5023186,48Z90118
5023187,48Z90120
5023188,48Z90059
5023189,48Z90060
5023190,48Z90061
5023191,48Z90062
5023192,91128533
5023193,96160161
5023194,14B74501
5023195,14B745D2
5023196,16B73604
5023197,16B70010
5023198,48Z90063
5023199,48Z90121
5023200,48Z90064
5023201,11153609
5023202,11890009
5023203,11894515
5023204,96160132
5023205,96160134
5023206,96160135
5023207,7113612
5023208,12B64504
5023209,59896877
5023210,59896832
5023211,59896878
5023212,59896833
5023213,59896879
5023214,59896834
5023215,00SV0040
5023216,00SV0343
5023217,00SV0853
5023218,97690629
5023219,96534214
5023220,96534215
5023221,96527109
5023222,96527111
5023223,97523217
5023224,96824797
5023225,96753735
5023226,97568557
5023227,96807035
5023228,97568412
5023229,97568456
5023230,96935914
5023231,00SV0313
5023232,00SV0448
5023233,155544
5023234,155971
5023235,96522979
5023236,96523178
5023237,96523190
5023238,96522658
5023239,96523181
5023240,96523001
5023241,96522987
5023242,96126733
5023243,96523171
5023244,96523173
5023245,96522831
5023246,96523174
5023247,96523176
5023248,96523177
5023249,96081959
5023250,96082029
5023251,96082099
5023252,97747797
5023253,96082194
5023254,96081960
5023255,96081983
5023256,96081984
5023257,96082030
5023258,96082053
5023259,96082054
5023260,96082100
5023261,96082128
5023262,96082129
5023263,96082195
5023264,96082223
5023265,96082224
5023266,96081961
5023267,96081985
5023268,96081986
5023269,96082031
5023270,96082055
5023271,96082056
5023272,96082101
5023273,96082130
5023274,96082131
5023275,96082196
5023276,96082225
5023277,96082226
5023278,96081962
5023279,96081987
5023280,96081988
5023281,96082032
5023282,96082057
5023283,96082058
5023284,96082102
5023285,96082132
5023286,96082133
5023287,96082197
5023288,96082227
5023289,96082228
5023290,96081963
5023291,96081989
5023292,96081990
5023293,96082033
5023294,96082059
5023295,96082060
5023296,96082103
5023297,96082134
5023298,96082135
5023299,96082198
5023300,96082229
5023301,96082230
5023302,96081964
5023303,96081991
5023304,96081992
5023305,96082020
5023306,96082034
5023307,96082061
5023308,96082062
5023309,96082104
5023310,96082136
5023311,96082137
5023312,96082199
5023313,96082231
5023314,96082232
5023315,96081951
5023316,96081965
5023317,96081966
5023318,96082021
5023319,96082035
5023320,96082036
5023321,96082091
5023322,96082110
5023323,96082111
5023324,96082186
5023325,96082205
5023326,96082206
5023327,96932679
5023328,96082106
5023329,96082140
5023330,96082141
5023331,96082201
5023332,96082235
5023333,96082236
5023334,96082107
5023335,96082142
5023336,96082143
5023337,96082202
5023338,96082237
5023339,96082238
5023340,96082108
5023341,96082144
5023342,96082145
5023343,96082203
5023344,96082239
5023345,96082240
5023346,96082109
5023347,96082146
5023348,96082147
5023349,96082204
5023350,96082241
5023351,96082242
5023352,96081952
5023353,96081967
5023354,96081968
5023355,96082022
5023356,96082037
5023357,96082038
5023358,96082092
5023359,96082112
5023360,96082113
5023361,96082187
5023362,96082207
5023363,96082208
5023364,96081953
5023365,96081969
5023366,96081970
5023367,96082023
5023368,96082039
5023369,96082040
5023370,96082093
5023371,96082114
5023372,96082115
5023373,96082188
5023374,96082209
5023375,96082210
5023376,96081954
5023377,96081971
5023378,96081972
5023379,96082024
5023380,96082041
5023381,96082042
5023382,96082094
5023383,96082116
5023384,96082117
5023385,96082189
5023386,96082211
5023387,96082212
5023388,95922567
5023389,96938996
5023390,96523395
5023391,96523621
5023392,96523761
5023393,96126919
5023394,96126910
5023395,96523616
5023396,96126915
5023397,96523634
5023398,96081955
5023399,96081973
5023400,96081974
5023401,96082025
5023402,96082043
5023403,96082044
5023404,96082095
5023405,96082118
5023406,96082119
5023407,96082190
5023408,96082213
5023409,96082214
5023410,96081956
5023411,96081975
5023412,96081976
5023413,96082026
5023414,96082045
5023415,96082046
5023416,96082096
5023417,96082120
5023418,96082121
5023419,96082191
5023420,96082215
5023421,96082216
5023422,96081957
5023423,96081977
5023424,96081978
5023425,96082027
5023426,96082047
5023427,96082048
5023428,96082097
5023429,96082122
5023430,96082123
5023431,96082192
5023432,96082217
5023433,96082218
5023434,96081958
5023435,96081979
5023436,96081980
5023437,96082028
5023438,96082049
5023439,96082050
5023440,96082098
5023441,96082124
5023442,96082125
5023443,96082193
5023444,96082219
5023445,96082220
5023446,96080869
5023447,96080891
5023448,96080892
5023449,96080939
5023450,96080961
5023451,96080962
5023452,96081009
5023453,96081036
5023454,96081037
5023455,96081104
5023456,96081131
5023457,96081132
5023458,96080870
5023459,96080893
5023460,96080894
5023461,96080940
5023462,96080963
5023463,96080964
5023464,96081010
5023465,96081038
5023466,96081039
5023467,96081105
5023468,96081133
5023469,96081134
5023470,96080871
5023471,96080895
5023472,96080896
5023473,96080941
5023474,96080965
5023475,96080966
5023476,96081011
5023477,96081040
5023478,96081041
5023479,96081106
5023480,96081135
5023481,96081136
5023482,96080872
5023483,96080897
5023484,96080898
5023485,96080942
5023486,96080967
5023487,96080968
5023488,96081012
5023489,96081042
5023490,96081043
5023491,96081107
5023492,96081137
5023493,96081138
5023494,96080873
5023495,96080899
5023496,96080900
5023497,96080943
5023498,96080969
5023499,96080970
5023500,96081013
5023501,96081044
5023502,96081045
5023503,96081108
5023504,96081139
5023505,96081140
5023506,96080874
5023507,96080901
5023508,96080902
5023509,96080944
5023510,96080971
5023511,96080972
5023512,96081014
5023513,96081046
5023514,96081047
5023515,96081109
5023516,96081141
5023517,96081142
5023518,96081015
5023519,96081048
5023520,96081049
5023521,96081110
5023522,96081143
5023523,96081144
5023524,96080861
5023525,96080875
5023526,96080876
5023527,96080931
5023528,96080945
5023529,96080946
5023530,96081001
5023531,96081020
5023532,96081021
5023533,96081096
5023534,96081115
5023535,96081116
5023536,96081016
5023537,96081050
5023538,96081051
5023539,96081111
5023540,96081145
5023541,96081146
5023542,96081017
5023543,96081052
5023544,96081053
5023545,96081112
5023546,96081147
5023547,96081148
5023548,96081018
5023549,96081054
5023550,96081055
5023551,96081113
5023552,96081149
5023553,96081150
5023554,96081019
5023555,96081056
5023556,96081057
5023557,96081114
5023558,96081151
5023559,96081152
5023560,96080862
5023561,96080877
5023562,96080878
5023563,96080932
5023564,96080947
5023565,96080948
5023566,96081002
5023567,96081022
5023568,96081023
5023569,96081097
5023570,96081117
5023571,96081118
5023572,96080863
5023573,96080879
5023574,96080880
5023575,96080933
5023576,96080949
5023577,96080950
5023578,96081003
5023579,96081024
5023580,96081025
5023581,96081098
5023582,96081119
5023583,96081120
5023584,96080864
5023585,96080881
5023586,96080882
5023587,96080934
5023588,96080951
5023589,96080952
5023590,96081004
5023591,96081026
5023592,96081027
5023593,96081099
5023594,96081121
5023595,96081122
5023596,96080865
5023597,96080883
5023598,96080884
5023599,96080935
5023600,96080953
5023601,96080954
5023602,96081005
5023603,96081028
5023604,96081029
5023605,96081100
5023606,96081123
5023607,96081124
5023608,96080866
5023609,96080885
5023610,96080886
5023611,96080936
5023612,96080955
5023613,96080956
5023614,96081006
5023615,96081030
5023616,96081031
5023617,96081101
5023618,96081125
5023619,96081126
5023620,96080867
5023621,96080887
5023622,96080888
5023623,96080937
5023624,96080957
5023625,96080958
5023626,96081007
5023627,96081032
5023628,96081033
5023629,96081102
5023630,96081127
5023631,96081128
5023632,96080868
5023633,96080889
5023634,96080890
5023635,96080938
5023636,96080959
5023637,96080960
5023638,96081008
5023639,96081034
5023640,96081035
5023641,96081103
5023642,96081129
5023643,96081130
5023644,96524009
5023645,96083049
5023646,96083071
5023647,96083072
5023648,96083119
5023649,96083141
5023650,96083142
5023651,96083189
5023652,96083215
5023653,96083216
5023654,96083279
5023655,96083305
5023656,96083306
5023657,96083050
5023658,96083073
5023659,96083074
5023660,96083120
5023661,96083143
5023662,96083144
5023663,96083190
5023664,96083217
5023665,96083218
5023666,96083280
5023667,96083307
5023668,96083308
5023669,96083051
5023670,96083075
5023671,96083076
5023672,96083121
5023673,96083145
5023674,96083146
5023675,96083191
5023676,96083219
5023677,96083220
5023678,96083281
5023679,96083309
5023680,96083310
5023681,96083052
5023682,96083077
5023683,96083078
5023684,96083122
5023685,96083147
5023686,96083148
5023687,96083192
5023688,96083221
5023689,96083222
5023690,96083282
5023691,96083311
5023692,96083312
5023693,96083053
5023694,96083079
5023695,96083080
5023696,96083123
5023697,96083149
5023698,96083150
5023699,96083193
5023700,96083223
5023701,96083224
5023702,96083283
5023703,96083313
5023704,96083314
5023705,96083194
5023706,96083225
5023707,96083226
5023708,96083284
5023709,96083315
5023710,96083316
5023711,96083195
5023712,96083285
5023713,96083041
5023714,96083055
5023715,96083056
5023716,96083111
5023717,96083125
5023718,96083126
5023719,96083181
5023720,96083199
5023721,96083200
5023722,96083271
5023723,96083289
5023724,96083290
5023725,96083196
5023726,96083229
5023727,96083230
5023728,96083286
5023729,96083319
5023730,96083320
5023731,29Z53003
5023732,96416356
5023733,96419547
5023734,96423640
5023735,96425917
5023736,96416370
5023737,96419679
5023738,96423641
5023739,96425919
5023740,29Z53004
5023741,29Z53039
5023742,29Z53040
5023743,96416366
5023744,96419543
5023745,96419566
5023746,96416380
5023747,96419676
5023748,96419698
5023749,96418599
5023750,96419542
5023751,96419565
5023752,96418609
5023753,96419675
5023754,96419697
5023755,96423638
5023756,96416369
5023757,96423639
5023758,96416355
5023759,96418610
5023760,96416358
5023761,96423647
5023762,96416372
5023763,96423648
5023764,96416357
5023765,96419549
5023766,96423645
5023767,96425928
5023768,96416371
5023769,96419681
5023770,96423646
5023771,96425932
5023772,29Z53007
5023773,29Z53008
5023774,29Z53043
5023775,29Z53044
5023776,96418591
5023777,96419548
5023778,96423642
5023779,96425921
5023780,96418601
5023781,96419680
5023782,96423644
5023783,96425924
5023784,29Z53005
5023785,29Z53006
5023786,29Z53041
5023787,29Z53042
5023788,96083197
5023789,96083231
5023790,96083232
5023791,96083287
5023792,96083321
5023793,96083322
5023794,96416359
5023795,96419529
5023796,96419552
5023797,96423651
5023798,96425944
5023799,96425945
5023800,96416373
5023801,96419662
5023802,96419684
5023803,96423652
5023804,96425946
5023805,96425947
5023806,29Z53011
5023807,96418592
5023808,96419551
5023809,96423649
5023810,96425941
5023811,96418602
5023812,96419683
5023813,96423650
5023814,96425943
5023815,29Z53012
5023816,29Z53047
5023817,29Z53048
5023818,96416360
5023819,96423655
5023820,96416374
5023821,96423656
5023822,96418593
5023823,96419530
5023824,96419553
5023825,96423653
5023826,96425948
5023827,96425949
5023828,96418603
5023829,96419663
5023830,96419685
5023831,96423654
5023832,96425950
5023833,96425951
5023834,96083198
5023835,96083233
5023836,96083234
5023837,96083288
5023838,96083323
5023839,96083324
5023840,96416361
5023841,96419533
5023842,96419556
5023843,96423659
5023844,96425960
5023845,96425961
5023846,96416375
5023847,96419666
5023848,96419688
5023849,96423660
5023850,96425962
5023851,96425963
5023852,96418594
5023853,96419532
5023854,96419555
5023855,96423657
5023856,96425956
5023857,96425957
5023858,96418604
5023859,96419665
5023860,96419687
5023861,96423658
5023862,96425958
5023863,96425959
5023864,96416362
5023865,96419535
5023866,96419558
5023867,96423663
5023868,96425968
5023869,96425969
5023870,96416376
5023871,96419668
5023872,96419690
5023873,96423664
5023874,96425970
5023875,96425971
5023876,96418595
5023877,96419534
5023878,96419557
5023879,96423661
5023880,96425964
5023881,96425965
5023882,96418605
5023883,96419667
5023884,96419689
5023885,96423662
5023886,96425966
5023887,96425967
5023888,96416363
5023889,96419537
5023890,96419560
5023891,96423667
5023892,96425976
5023893,96425977
5023894,96416377
5023895,96419670
5023896,96419692
5023897,96423668
5023898,96425978
5023899,96425979
5023900,96418596
5023901,96423665
5023902,96418606
5023903,96423666
5023904,96416364
5023905,97762905
5023906,97763490
5023907,96423671
5023908,96416378
5023909,96423672
5023910,96418597
5023911,96419538
5023912,96419561
5023913,96423669
5023914,96425980
5023915,96425981
5023916,96418607
5023917,96419671
5023918,96419693
5023919,96423670
5023920,96425982
5023921,96425983
5023923,96416365
5023924,96419541
5023925,96419564
5023926,96419674
5023927,96419696
5023928,96418598
5023929,96419540
5023930,96419563
5023931,96416379
5023932,96418608
5023933,96419673
5023934,96419695
5023935,96083042
5023936,96083057
5023937,96083058
5023938,96083112
5023939,96083127
5023940,96083128
5023941,96083182
5023942,96083201
5023943,96083202
5023944,96083272
5023945,96083291
5023946,96083292
5023947,96083043
5023948,96083059
5023949,96083060
5023950,96083113
5023951,96083129
5023952,96083130
5023953,96083183
5023954,96083203
5023955,96083204
5023956,96083273
5023957,96083293
5023958,96083294
5023959,96083044
5023960,96083061
5023961,96083062
5023962,96083114
5023963,96083131
5023964,96083132
5023965,96083184
5023966,96083205
5023967,96083206
5023968,96083274
5023969,96083295
5023970,96083296
5023971,96083045
5023972,96083063
5023973,96083064
5023974,96083115
5023975,96083133
5023976,96083134
5023977,96083185
5023978,96083207
5023979,96083208
5023980,96083275
5023981,96083297
5023982,96083298
5023983,96083046
5023984,96083065
5023985,96083066
5023986,96083116
5023987,96083135
5023988,96083136
5023989,96083186
5023990,96083209
5023991,96083210
5023992,96083276
5023993,96083299
5023994,96083300
5023995,96083047
5023996,96083067
5023997,96083068
5023998,96083117
5023999,96083137
5024000,96083138
5024001,96083187
5024002,96083211
5024003,96083212
5024004,96083277
5024005,96083301
5024006,96083302
5024007,96083048
5024008,96083069
5024009,96083070
5024010,96083118
5024011,96083139
5024012,96083140
5024013,96083188
5024014,96083213
5024015,96083214
5024016,96083278
5024017,96083303
5024018,96083304
5024019,96415814
5024020,96423675
5024021,96415829
5024022,96423676
5024023,96415813
5024024,96419134
5024025,96423673
5024026,96425992
5024027,96415828
5024028,96419239
5024029,96423674
5024030,96425997
5024031,35Z53000
5024032,35Z53001
5024033,35Z53012
5024034,35Z53013
5024035,96415817
5024036,96419121
5024037,96419138
5024038,96423681
5024039,96426040
5024040,96426041
5024041,96415832
5024042,96419226
5024043,96419243
5024044,96423682
5024045,96426042
5024046,96426043
5024047,96415816
5024048,96419120
5024049,96419137
5024050,96423679
5024051,96426036
5024052,96426037
5024053,96415831
5024054,96419225
5024055,96419242
5024056,96423680
5024057,96426038
5024058,96426039
5024059,96415815
5024060,96419119
5024061,96419136
5024062,96423677
5024063,96426032
5024064,96426033
5024065,96415830
5024066,96419224
5024067,96419241
5024068,96423678
5024069,96426034
5024070,96426035
5024071,96415819
5024072,96419124
5024073,96419141
5024074,96423687
5024075,96426052
5024076,96426053
5024077,96415834
5024078,96419229
5024079,96419246
5024080,96423688
5024081,96426054
5024082,96426055
5024083,96417833
5024084,96419123
5024085,96419140
5024086,96423685
5024087,96426048
5024088,96426049
5024089,96417836
5024090,96419228
5024091,96419245
5024092,96423686
5024093,96426050
5024094,96426051
5024095,96415818
5024096,96419122
5024097,96419139
5024098,96423683
5024099,96426044
5024100,96426045
5024101,96415833
5024102,96419227
5024103,96419244
5024104,96423684
5024105,96426046
5024106,96426047
5024107,96415821
5024108,96419127
5024109,96419144
5024110,96423693
5024111,96426064
5024112,96426072
5024113,96415836
5024114,96419232
5024115,96419249
5024116,96423694
5024117,96426073
5024118,96426074
5024119,96417834
5024120,96419126
5024121,96419143
5024122,96423691
5024123,96426060
5024124,96426061
5024125,96417837
5024126,96419231
5024127,96419248
5024128,96423692
5024129,96426062
5024130,96426063
5024131,96415820
5024132,96419125
5024133,96419142
5024134,96423689
5024135,96426056
5024136,96426057
5024137,96415835
5024138,96419230
5024139,96419247
5024140,96423690
5024141,96426058
5024142,96426059
5024143,96415824
5024144,96419130
5024145,96419147
5024146,96423699
5024147,96426113
5024148,96426114
5024149,96415838
5024150,96419235
5024151,96419252
5024152,96423700
5024153,96426115
5024154,96426116
5024155,96415822
5024156,96419129
5024157,96419146
5024158,96423697
5024159,96426109
5024160,96426110
5024161,96415837
5024162,96419234
5024163,96419251
5024164,96423698
5024165,96426111
5024166,96426112
5024167,96417835
5024168,96419128
5024169,96419145
5024170,96423695
5024171,96426105
5024172,96426106
5024173,96417838
5024174,96419233
5024175,96419250
5024176,96423696
5024177,96426107
5024178,96426108
5024179,96415826
5024180,96419132
5024181,96419149
5024182,96423703
5024183,96423704
5024184,96426121
5024185,96426122
5024186,96415840
5024187,96419237
5024188,96419254
5024189,96426123
5024190,96426124
5024191,96415825
5024192,96419131
5024193,96419148
5024194,96423701
5024195,96426117
5024196,96426118
5024197,96415839
5024198,96419236
5024199,96419253
5024200,96423702
5024201,96426119
5024202,96426120
5024203,96417839
5024204,96419133
5024205,96419150
5024206,96417840
5024207,96419238
5024208,96419255
5024209,96084089
5024210,96084164
5024211,96084239
5024212,97742741
5024213,96084334
5024214,96084090
5024215,96084114
5024216,96084115
5024217,96084165
5024218,96084189
5024219,96084190
5024220,96084240
5024221,96084268
5024222,96084269
5024223,96084335
5024224,96084363
5024225,96084364
5024226,96084091
5024227,96084116
5024228,96084117
5024229,96084166
5024230,96084191
5024231,96084192
5024232,96084241
5024233,96084270
5024234,96084271
5024235,96084336
5024236,96084365
5024237,96084366
5024238,96084092
5024239,96084118
5024240,96084119
5024241,96084167
5024242,96084193
5024243,96084194
5024244,96084242
5024245,96084272
5024246,96084273
5024247,96084337
5024248,96084367
5024249,96084368
5024250,96084093
5024251,96084120
5024252,96084121
5024253,96084168
5024254,96084195
5024255,96084196
5024256,96084243
5024257,96084274
5024258,96084275
5024259,96084338
5024260,96084369
5024261,96084370
5024262,96084094
5024263,96084122
5024264,96084123
5024265,96084169
5024266,96084197
5024267,96084198
5024268,96084244
5024269,96084276
5024270,96084277
5024271,96084339
5024272,96084371
5024273,96084372
5024274,96084095
5024275,96084124
5024276,96084125
5024277,96084170
5024278,96084199
5024279,96084200
5024280,96084245
5024281,96084278
5024282,96084279
5024283,96084340
5024284,96084373
5024285,96084374
5024286,96084246
5024287,96084280
5024288,96084281
5024289,96084341
5024290,96084375
5024291,96084376
5024292,96084081
5024293,96084096
5024294,96084097
5024295,96084156
5024296,96084171
5024297,96084172
5024298,96084231
5024299,96084250
5024300,96084251
5024301,96084326
5024302,96084345
5024303,96084346
5024304,96084247
5024305,96084282
5024306,96084283
5024307,96084342
5024308,96084377
5024309,96084378
5024310,96084248
5024311,96084284
5024312,96084285
5024313,96084343
5024314,96084379
5024315,96084380
5024316,96084249
5024317,96084286
5024318,96084287
5024319,96084344
5024320,96084381
5024321,96084382
5024322,96084082
5024323,96084098
5024324,96084099
5024325,96084157
5024326,96084173
5024327,96084174
5024328,96084232
5024329,96084252
5024330,96084327
5024331,96084347
5024332,96084348
5024333,96084083
5024334,96084100
5024335,96084101
5024336,96084158
5024337,96084175
5024338,96084176
5024339,96084233
5024340,96084254
5024341,96084255
5024342,96084328
5024343,96084349
5024344,96084350
5024345,96084084
5024346,96084159
5024347,96084234
5024348,96084329
5024349,96084085
5024350,96084104
5024351,96084105
5024352,96084160
5024353,96084179
5024354,96084180
5024355,96084235
5024356,96084258
5024357,96084259
5024358,96084330
5024359,96084353
5024360,96084354
5024361,96084087
5024362,96084108
5024363,96084109
5024364,96084162
5024365,96084183
5024366,96084184
5024367,96084237
5024368,96084262
5024369,96084263
5024370,96084332
5024371,96084357
5024372,96084358
5024373,96084088
5024374,96084110
5024375,96084111
5024376,96084163
5024377,96084185
5024378,96084186
5024379,96084238
5024380,96084264
5024381,96084265
5024382,96084333
5024383,96084359
5024384,96084360
5024385,96415997
5024386,96418847
5024387,96418858
5024388,96423708
5024389,96426129
5024390,96426130
5024391,96416010
5024392,96418914
5024393,96418925
5024394,96423709
5024395,96426131
5024396,96426132
5024397,96415996
5024398,96423706
5024399,96416009
5024400,96423707
5024401,96416000
5024402,96418850
5024403,96418861
5024404,96423714
5024405,96426141
5024406,96426142
5024407,96416013
5024408,96418917
5024409,96418928
5024410,96423715
5024411,96426143
5024412,96426144
5024413,96415999
5024414,96418849
5024415,96418860
5024416,96423712
5024417,96426137
5024418,96426138
5024419,96416012
5024420,96418916
5024421,96418927
5024422,96423713
5024423,96426139
5024424,96426140
5024425,96415998
5024426,96423710
5024427,96416011
5024428,97761575
5024429,96423711
5024430,96416003
5024431,96418853
5024432,96418864
5024433,96423720
5024434,96426153
5024435,96426154
5024436,96416016
5024437,96418920
5024438,96418931
5024439,96423721
5024440,96426155
5024441,96426156
5024442,96416002
5024443,96418852
5024444,96418863
5024445,96423718
5024446,96426149
5024447,96426150
5024448,96416015
5024449,96418919
5024450,96418930
5024451,96423719
5024452,96426151
5024453,96426152
5024454,96416001
5024455,96418851
5024456,96418862
5024457,96423716
5024458,96426145
5024459,96426146
5024460,96416014
5024461,96418918
5024462,96418929
5024463,96423717
5024464,96426147
5024465,96426148
5024466,96416006
5024467,96418856
5024468,96418867
5024469,96423726
5024470,96426165
5024471,96426166
5024472,96416019
5024473,96418923
5024474,96418934
5024475,96423727
5024476,96426167
5024477,96426168
5024478,96416005
5024479,96418855
5024480,96418866
5024481,96423724
5024482,96426161
5024483,96426162
5024484,96416018
5024485,96418922
5024486,96418933
5024487,96423725
5024488,96426163
5024489,96426164
5024490,96416004
5024491,96418854
5024492,96418865
5024493,96423722
5024494,96426157
5024495,96426158
5024496,96416017
5024497,96418921
5024498,96418932
5024499,96426159
5024500,96423723
5024501,96426160
5024502,96416172
5024503,97761590
5024504,96423730
5024505,96416182
5024506,96423731
5024507,96416156
5024508,96418752
5024509,96418762
5024510,96423728
5024511,96426169
5024512,96426170
5024513,96416181
5024514,96418772
5024515,96418782
5024516,96423729
5024517,96426171
5024518,96426172
5024519,96416175
5024520,96418756
5024521,96418766
5024522,96423736
5024523,96426185
5024524,96426186
5024525,96416185
5024526,96418776
5024527,96418786
5024528,96423737
5024529,96426187
5024530,96426188
5024531,96416174
5024532,96418755
5024533,96418765
5024534,96423734
5024535,96426181
5024536,96426182
5024537,96416184
5024538,96418775
5024539,96418785
5024540,96423735
5024541,96426183
5024542,96426184
5024543,96416173
5024544,96418754
5024545,96418764
5024546,96423732
5024547,96426177
5024548,96426178
5024549,96416183
5024550,96418774
5024551,96418784
5024552,96423733
5024553,96426179
5024554,96426180
5024555,96416178
5024556,96418759
5024557,96418769
5024558,96423742
5024559,96426197
5024560,96426198
5024561,96416188
5024562,96418779
5024563,96418789
5024564,96423743
5024565,96426199
5024566,96426200
5024567,96416177
5024568,96418758
5024569,96418768
5024570,96423740
5024571,96426193
5024572,96426194
5024573,96416187
5024574,96418778
5024575,96418788
5024576,96423741
5024577,96426195
5024578,96426196
5024579,96416176
5024580,96418757
5024581,96418767
5024582,96423738
5024583,96426189
5024584,96426190
5024585,96416186
5024586,96418777
5024587,96418787
5024588,96423739
5024589,96426191
5024590,96426192
5024591,96416180
5024592,96418761
5024593,96418771
5024594,96423746
5024595,96426205
5024596,96426206
5024597,96416190
5024598,96418781
5024599,96418791
5024600,96423747
5024601,96426207
5024602,96426208
5024603,96416179
5024604,96418760
5024605,96418770
5024606,96423744
5024607,96426201
5024608,96426202
5024609,96416189
5024610,96418780
5024611,96418790
5024612,96423745
5024613,96426203
5024614,96426204
5024615,96541218
5024616,96082289
5024617,96082384
5024618,96082479
5024619,96082574
5024620,96082290
5024621,96082318
5024622,96082319
5024623,96082385
5024624,96082413
5024625,96082414
5024626,96082480
5024627,96082508
5024628,96082509
5024629,96082575
5024630,96082603
5024631,96082604
5024632,96082291
5024633,96082320
5024634,96082321
5024635,96082386
5024636,96082415
5024637,96082416
5024638,96082481
5024639,96082510
5024640,96082511
5024641,96082576
5024642,96082605
5024643,96082606
5024644,96082292
5024645,96082322
5024646,96082323
5024647,96082387
5024648,96082417
5024649,96082418
5024650,96082482
5024651,96082512
5024652,96082513
5024653,96082577
5024654,96082607
5024655,96082608
5024656,96082293
5024657,96082324
5024658,96082325
5024659,96082388
5024660,96082419
5024661,96082420
5024662,96082483
5024663,96082514
5024664,96082515
5024665,96082578
5024666,96082609
5024667,96082610
5024668,96082294
5024669,96082326
5024670,96082327
5024671,96082389
5024672,96082421
5024673,96082422
5024674,96082484
5024675,96082516
5024676,96082517
5024677,96082579
5024678,96082611
5024679,96082612
5024680,96082281
5024681,96082300
5024682,96082301
5024683,96082376
5024684,96082395
5024685,96082396
5024686,96082471
5024687,96082490
5024688,96082491
5024689,96082566
5024690,96082585
5024691,96082586
5024692,96082486
5024693,96082520
5024694,96082521
5024695,96082581
5024696,96082615
5024697,96082616
5024698,96082487
5024699,96082522
5024700,96082523
5024701,96082582
5024702,96082617
5024703,96082618
5024704,96082488
5024705,96082524
5024706,96082525
5024707,96082583
5024708,96082619
5024709,96082620
5024710,96082489
5024711,96082526
5024712,96082527
5024713,96082584
5024714,96082621
5024715,96082622
5024716,96082282
5024717,96082302
5024718,96082303
5024719,96082377
5024720,96082397
5024721,96082398
5024722,96082472
5024723,96082492
5024724,96082493
5024725,96082567
5024726,96082587
5024727,96082588
5024728,96082283
5024729,96082304
5024730,96082305
5024731,96082378
5024732,96082399
5024733,96082400
5024734,96082473
5024735,96082494
5024736,96082495
5024737,96082568
5024738,96082589
5024739,96082590
5024740,96082284
5024741,96082306
5024742,96082307
5024743,96082379
5024744,96082401
5024745,96082402
5024746,96082474
5024747,96082496
5024748,96082497
5024749,96082569
5024750,96082591
5024751,96082592
5024752,96082285
5024753,96082308
5024754,96082309
5024755,96082380
5024756,96082403
5024757,96082404
5024758,96082475
5024759,96082498
5024760,96082499
5024761,96082570
5024762,96082593
5024763,96082594
5024764,96082286
5024765,96082310
5024766,96082311
5024767,96082381
5024768,96082405
5024769,96082406
5024770,96082476
5024771,96082500
5024772,96082501
5024773,96082571
5024774,96082595
5024775,96082596
5024776,96082287
5024777,96082312
5024778,96082313
5024779,96082382
5024780,96082407
5024781,96082408
5024782,96082477
5024783,96082502
5024784,96082503
5024785,96082572
5024786,96082597
5024787,96082598
5024788,96082288
5024789,96082314
5024790,96082315
5024791,96082383
5024792,96082409
5024793,96082410
5024794,96082478
5024795,96082504
5024796,96082505
5024797,96082573
5024798,96082599
5024799,96082600
5024800,96081199
5024801,96081226
5024802,96081227
5024803,96081294
5024804,96081321
5024805,96081322
5024806,96081389
5024807,96081416
5024808,96081417
5024809,96081484
5024810,96081511
5024811,96081512
5024812,96081200
5024813,96081228
5024814,96081229
5024815,96081295
5024816,96081323
5024817,96081324
5024818,96081390
5024819,96081418
5024820,96081419
5024821,96081485
5024822,96081513
5024823,96081514
5024824,96081201
5024825,96081230
5024826,96081231
5024827,96081296
5024828,96081325
5024829,96081326
5024830,96081391
5024831,96081420
5024832,96081421
5024833,96081486
5024834,96081515
5024835,96081516
5024836,96081202
5024837,96081232
5024838,96081233
5024839,96081297
5024840,96081327
5024841,96081328
5024842,96081392
5024843,96081422
5024844,96081423
5024845,96081487
5024846,96081517
5024847,96081518
5024848,96081203
5024849,96081234
5024850,96081235
5024851,96081298
5024852,96081329
5024853,96081330
5024854,96081393
5024855,96081424
5024856,96081425
5024857,96081488
5024858,96081519
5024859,96081520
5024860,96081204
5024861,96081236
5024862,96081237
5024863,96081299
5024864,96081331
5024865,96081332
5024866,96081394
5024867,96081426
5024868,96081427
5024869,96081489
5024870,96081521
5024871,96081522
5024872,96081395
5024873,96081428
5024874,96081429
5024875,96081490
5024876,96081523
5024877,96081524
5024878,96081191
5024879,96081210
5024880,96081211
5024881,96081286
5024882,96081305
5024883,96081306
5024884,96081381
5024885,96081400
5024886,96081401
5024887,96081476
5024888,96081495
5024889,96081496
5024890,96081396
5024891,96081430
5024892,96081431
5024893,96081491
5024894,96081525
5024895,96081526
5024896,96081397
5024897,96081432
5024898,96081433
5024899,96081492
5024900,96081527
5024901,96081528
5024902,96081398
5024903,96081434
5024904,96081435
5024905,96081493
5024906,96081529
5024907,96081530
5024908,96081399
5024909,96081436
5024910,96081437
5024911,96081494
5024912,96081531
5024913,96081532
5024914,96081192
5024915,96081212
5024916,96081213
5024917,96081287
5024918,96081307
5024919,96081308
5024920,96081382
5024921,96081402
5024922,96081403
5024923,96081477
5024924,96081497
5024925,96081498
5024926,96081193
5024927,96081214
5024928,96081215
5024929,96081288
5024930,96081309
5024931,96081310
5024932,96081383
5024933,96081404
5024934,96081405
5024935,96081478
5024936,96081499
5024937,96081500
5024938,96081194
5024939,96081216
5024940,96081217
5024941,96081289
5024942,96081311
5024943,96081312
5024944,96081384
5024945,96081406
5024946,96081407
5024947,96081479
5024948,96081501
5024949,96081502
5024950,96081195
5024951,96081218
5024952,96081219
5024953,96081290
5024954,96081313
5024955,96081314
5024956,96081385
5024957,96081408
5024958,96081409
5024959,96081480
5024960,96081503
5024961,96081504
5024962,96081196
5024963,96081220
5024964,96081221
5024965,96081291
5024966,96081315
5024967,96081316
5024968,96081386
5024969,96081410
5024970,96081411
5024971,96081481
5024972,96081505
5024973,96081506
5024974,96081197
5024975,96081222
5024976,96081223
5024977,96081292
5024978,96081317
5024979,96081318
5024980,96081387
5024981,96081412
5024982,96081413
5024983,96081482
5024984,96081507
5024985,96081508
5024986,96081198
5024987,96081224
5024988,96081225
5024989,96081293
5024990,96081319
5024991,96081320
5024992,96081388
5024993,96081414
5024994,96081415
5024995,96081483
5024996,96081509
5024997,96081510
5024998,96083369
5024999,96083395
5025000,96083396
5025001,96083459
5025002,96083485
5025003,96083486
5025004,96083549
5025005,96083575
5025006,96083576
5025007,96083639
5025008,96083665
5025009,96083666
5025010,96083370
5025011,96083397
5025012,96083398
5025013,96083460
5025014,96083487
5025015,96083488
5025016,96083550
5025017,96083577
5025018,96083578
5025019,96083640
5025020,96083667
5025021,96083668
5025022,96083371
5025023,96083399
5025024,96083400
5025025,96083461
5025026,96083489
5025027,96083490
5025028,96083551
5025029,96083579
5025030,96083580
5025031,96083641
5025032,96083669
5025033,96083670
5025034,96083372
5025035,96083401
5025036,96083402
5025037,96083462
5025038,96083491
5025039,96083492
5025040,96083552
5025041,96083581
5025042,96083582
5025043,96083642
5025044,96083671
5025045,96083672
5025046,96083373
5025047,96083403
5025048,96083404
5025049,96083463
5025050,96083493
5025051,96083494
5025052,96083553
5025053,96083583
5025054,96083584
5025055,96083643
5025056,96083673
5025057,96083674
5025058,96083554
5025059,96083585
5025060,96083586
5025061,96083644
5025062,96083675
5025063,96083676
5025064,96083555
5025065,96083645
5025066,96083361
5025067,96083379
5025068,96083380
5025069,96083451
5025070,96083469
5025071,96083470
5025072,96083541
5025073,96083559
5025074,96083560
5025075,96083631
5025076,96083649
5025077,96083650
5025078,96083556
5025079,96083589
5025080,96083590
5025081,96083646
5025082,96083679
5025083,96083680
5025084,96083557
5025085,96083591
5025086,96083592
5025087,96083647
5025088,96083681
5025089,96083682
5025090,96083558
5025091,96083593
5025092,96083594
5025093,96083648
5025094,96083683
5025095,96083684
5025096,96083362
5025097,96083381
5025098,96083382
5025099,96083452
5025100,96083471
5025101,96083472
5025102,96083542
5025103,96083561
5025104,96083562
5025105,96083632
5025106,96083651
5025107,96083652
5025108,96083363
5025109,96083383
5025110,96083384
5025111,96083453
5025112,96083473
5025113,96083474
5025114,96083543
5025115,96083563
5025116,96083564
5025117,96083633
5025118,96083653
5025119,96083654
5025120,96083364
5025121,96083385
5025122,96083386
5025123,96083454
5025124,96083475
5025125,96083476
5025126,96083544
5025127,96083565
5025128,96083566
5025129,96083634
5025130,96083655
5025131,96083656
5025132,96083365
5025133,96083387
5025134,96083388
5025135,96083455
5025136,96083477
5025137,96083478
5025138,96083545
5025139,96083567
5025140,96083568
5025141,96083635
5025142,96083657
5025143,96083658
5025144,96083366
5025145,96083389
5025146,96083390
5025147,96083456
5025148,96083479
5025149,96083480
5025150,96083546
5025151,96083569
5025152,96083570
5025153,96083636
5025154,96083659
5025155,96083660
5025156,96083367
5025157,96083391
5025158,96083392
5025159,96083457
5025160,96083481
5025161,96083482
5025162,96083547
5025163,96083571
5025164,96083572
5025165,96083637
5025166,96083661
5025167,96083662
5025168,96083368
5025169,96083393
5025170,96083394
5025171,96083458
5025172,96083483
5025173,96083484
5025174,96083548
5025175,96083573
5025176,96083574
5025177,96083638
5025178,96083663
5025179,96083664
5025180,96084429
5025181,96084524
5025182,96084619
5025183,96084714
5025184,96084430
5025185,96084458
5025186,96084459
5025187,96084525
5025188,96084553
5025189,96084554
5025190,96084620
5025191,96084648
5025192,96084649
5025193,96084715
5025194,96084743
5025195,96084744
5025196,96084431
5025197,96084460
5025198,96084461
5025199,96084526
5025200,96084555
5025201,96084556
5025202,96084621
5025203,96084650
5025204,96084651
5025205,96084716
5025206,96084745
5025207,96084746
5025208,96084432
5025209,96084462
5025210,96084463
5025211,96084527
5025212,96084557
5025213,96084558
5025214,96084622
5025215,96084652
5025216,96084653
5025217,96084717
5025218,96084747
5025219,96084748
5025220,96084433
5025221,96084464
5025222,96084465
5025223,96084528
5025224,96084559
5025225,96084560
5025226,96084623
5025227,96084654
5025228,96084655
5025229,96084718
5025230,96084749
5025231,96084750
5025232,96084434
5025233,96084466
5025234,96084467
5025235,96084529
5025236,96084561
5025237,96084562
5025238,96084624
5025239,96084656
5025240,96084657
5025241,96084719
5025242,96084751
5025243,96084752
5025244,96084435
5025245,96084468
5025246,96084469
5025247,96084530
5025248,96084563
5025249,96084564
5025250,96084625
5025251,96084658
5025252,96084659
5025253,96084720
5025254,96084753
5025255,96084754
5025256,96084626
5025257,96084660
5025258,96084661
5025259,96084721
5025260,96084755
5025261,96084756
5025262,96084421
5025263,96084440
5025264,96084441
5025265,96084516
5025266,96084535
5025267,96084536
5025268,96084611
5025269,96084630
5025270,96084631
5025271,96084706
5025272,96084725
5025273,96084726
5025274,96084627
5025275,96084662
5025276,96084663
5025277,96084722
5025278,96084757
5025279,96084758
5025280,96084628
5025281,96084664
5025282,96084665
5025283,96084723
5025284,96084759
5025285,96084760
5025286,96084629
5025287,96084666
5025288,96084667
5025289,96084724
5025290,96084761
5025291,96084762
5025292,96084422
5025293,96084442
5025294,96084443
5025295,96084517
5025296,96084537
5025297,96084538
5025298,96084612
5025299,96084632
5025300,96084633
5025301,96084707
5025302,96084727
5025303,96084728
5025304,96084423
5025305,96084444
5025306,96084445
5025307,96084518
5025308,96084539
5025309,96084540
5025310,96084613
5025311,96084634
5025312,96084635
5025313,96084708
5025314,96084729
5025315,96084730
5025316,96084424
5025317,96084519
5025318,96084614
5025319,96084709
5025320,96084425
5025321,96084448
5025322,96084449
5025323,96084520
5025324,96084543
5025325,96084544
5025326,96084615
5025327,96084638
5025328,96084639
5025329,96084710
5025330,96084733
5025331,96084734
5025332,96084427
5025333,96084452
5025334,96084453
5025335,96084522
5025336,96084547
5025337,96084548
5025338,96084617
5025339,96084642
5025340,96084643
5025341,96084712
5025342,96084737
5025343,96084738
5025344,96084428
5025345,96084454
5025346,96084455
5025347,96084549
5025348,96084550
5025349,96084618
5025350,96084644
5025351,96084645
5025352,96084713
5025353,96084739
5025354,96084740
5025355,96523118
5025356,96082859
5025357,96082954
5025358,96082669
5025359,96082764
5025360,96082860
5025361,96082888
5025362,96082889
5025363,96082955
5025364,96082983
5025365,96082984
5025366,96082670
5025367,96082698
5025368,96082699
5025369,96082765
5025370,96082793
5025371,96082794
5025372,96082861
5025373,96082890
5025374,96082891
5025375,96082956
5025376,96082985
5025377,96082986
5025378,96082671
5025379,96082700
5025380,96082701
5025381,96082766
5025382,96082795
5025383,96082796
5025384,96082862
5025385,96082892
5025386,96082893
5025387,96082957
5025388,96082987
5025389,96082988
5025390,96082672
5025391,96082702
5025392,96082703
5025393,96082767
5025394,96082797
5025395,96082798
5025396,96082863
5025397,96082894
5025398,96082895
5025399,96082958
5025400,96082989
5025401,96082990
5025402,96082673
5025403,96082704
5025404,96082705
5025405,96082768
5025406,96082799
5025407,96082800
5025408,96082864
5025409,96082896
5025410,96082897
5025411,96082959
5025412,96082991
5025413,96082992
5025414,96082674
5025415,96082706
5025416,96082707
5025417,96082769
5025418,96082801
5025419,96082802
5025420,96082851
5025421,96082870
5025422,96082871
5025423,96082946
5025424,96082965
5025425,96082966
5025426,96082661
5025427,96082680
5025428,96082681
5025429,96082756
5025430,96082775
5025431,96082776
5025432,96082866
5025433,96082900
5025434,96082901
5025435,96082961
5025436,96082995
5025437,96082996
5025438,96082676
5025439,96082710
5025440,96082711
5025441,96082771
5025442,96082805
5025443,96082806
5025444,96082867
5025445,96082902
5025446,96082903
5025447,96082962
5025448,96082997
5025449,96082998
5025450,96082677
5025451,96082712
5025452,96082713
5025453,96082772
5025454,96082807
5025455,96082808
5025456,96082868
5025457,96082904
5025458,96082905
5025459,96082963
5025460,96082999
5025461,96083000
5025462,96082678
5025463,96082714
5025464,96082715
5025465,96082773
5025466,96082809
5025467,96082810
5025468,96082869
5025469,96082906
5025470,96082907
5025471,96082964
5025472,96083001
5025473,96083002
5025474,96082679
5025475,96082716
5025476,96082717
5025477,96082774
5025478,96082811
5025479,96082812
5025480,96082852
5025481,96082872
5025482,96082873
5025483,96082947
5025484,96082967
5025485,96082968
5025486,96082662
5025487,96082682
5025488,96082683
5025489,96082757
5025490,96082777
5025491,96082778
5025492,96082853
5025493,96082874
5025494,96082875
5025495,96082948
5025496,96082969
5025497,96082970
5025498,96082663
5025499,96082684
5025500,96082685
5025501,96082758
5025502,96082779
5025503,96082780
5025504,96082854
5025505,96082876
5025506,96082877
5025507,96082949
5025508,96082971
5025509,96082972
5025510,96082664
5025511,96082686
5025512,96082687
5025513,96082759
5025514,96082781
5025515,96082782
5025516,96523719
5025517,96082855
5025518,96082878
5025519,96082879
5025520,96082950
5025521,96082973
5025522,96082974
5025523,96082665
5025524,96082688
5025525,96082689
5025526,96082760
5025527,96082783
5025528,96082784
5025529,96082856
5025530,96082880
5025531,96082881
5025532,96082951
5025533,96082975
5025534,96082976
5025535,96082666
5025536,96082690
5025537,96082691
5025538,96082761
5025539,96082785
5025540,96082786
5025541,96082857
5025542,96082882
5025543,96082883
5025544,96082952
5025545,96082977
5025546,96082978
5025547,96082667
5025548,96082692
5025549,96082693
5025550,96082762
5025551,96082787
5025552,96082788
5025553,96082858
5025554,96082884
5025555,96082885
5025556,96082953
5025557,96082979
5025558,96082980
5025559,96082668
5025560,96082694
5025561,96082695
5025562,96082763
5025563,96082789
5025564,96082790
5025565,96081769
5025566,96081796
5025567,96081797
5025568,96081864
5025569,96081891
5025570,96081892
5025571,96081579
5025572,96081606
5025573,96081607
5025574,96081674
5025575,96081701
5025576,96081702
5025577,96081770
5025578,96081798
5025579,96081799
5025580,96081865
5025581,96081893
5025582,96081894
5025583,96081580
5025584,96081608
5025585,96081609
5025586,96081675
5025587,96081703
5025588,96081704
5025589,96081771
5025590,96081800
5025591,96081801
5025592,96081866
5025593,96081895
5025594,96081896
5025595,96081581
5025596,96081610
5025597,96081611
5025598,96081676
5025599,96081705
5025600,96081706
5025601,96081772
5025602,96081802
5025603,96081803
5025604,96081867
5025605,96081897
5025606,96081898
5025607,96081582
5025608,96081612
5025609,96081613
5025610,96081677
5025611,96081707
5025612,96081708
5025613,96081773
5025614,96081804
5025615,96081805
5025616,96081868
5025617,96081899
5025618,96081900
5025619,96081583
5025620,96081614
5025621,96081615
5025622,96081678
5025623,96081709
5025624,96081710
5025625,96081774
5025626,96081806
5025627,96081807
5025628,96081869
5025629,96081901
5025630,96081902
5025631,96081584
5025632,96081616
5025633,96081617
5025634,96081679
5025635,96081711
5025636,96081712
5025637,96081775
5025638,96081808
5025639,96081809
5025640,96081870
5025641,96081903
5025642,96081904
5025643,96081585
5025644,96081618
5025645,96081619
5025646,96081680
5025647,96081713
5025648,96081714
5025649,96081761
5025650,96081780
5025651,96081781
5025652,96081856
5025653,96081875
5025654,96081876
5025655,96081571
5025656,96081590
5025657,96081591
5025658,96081666
5025659,96081685
5025660,96081686
5025661,96081776
5025662,96081810
5025663,96081811
5025664,96081871
5025665,96081905
5025666,96081906
5025667,96081586
5025668,96081620
5025669,96081621
5025670,96081681
5025671,96081715
5025672,96081716
5025673,96081777
5025674,96081812
5025675,96081813
5025676,96081872
5025677,96081907
5025678,96081908
5025679,96081587
5025680,96081622
5025681,96081623
5025682,96081682
5025683,96081717
5025684,96081718
5025685,96081778
5025686,96081814
5025687,96081815
5025688,96081873
5025689,96081909
5025690,96081910
5025691,96081588
5025692,96081624
5025693,96081625
5025694,96081683
5025695,96081719
5025696,96081720
5025697,96081779
5025698,96081816
5025699,96081817
5025700,96081874
5025701,96081911
5025702,96081912
5025703,96081589
5025704,96081626
5025705,96081627
5025706,96081684
5025707,96081721
5025708,96081722
5025709,96081762
5025710,96081782
5025711,96081783
5025712,96081857
5025713,96081877
5025714,96081878
5025715,96081572
5025716,96081592
5025717,96081593
5025718,96081667
5025719,96081687
5025720,96081688
5025721,96081763
5025722,96081784
5025723,96081785
5025724,96081858
5025725,96081879
5025726,96081880
5025727,96081573
5025728,96081594
5025729,96081595
5025730,96081668
5025731,96081689
5025732,96081690
5025733,96081764
5025734,96081786
5025735,96081787
5025736,96081859
5025737,96081881
5025738,96081882
5025739,96081574
5025740,96081596
5025741,96081597
5025742,96081669
5025743,96081691
5025744,96081692
5025745,96081765
5025746,96081788
5025747,96081789
5025748,96081860
5025749,96081883
5025750,96081884
5025751,96081575
5025752,96081598
5025753,96081599
5025754,96081670
5025755,96081693
5025756,96081694
5025757,96081766
5025758,96081790
5025759,96081791
5025760,96081861
5025761,96081885
5025762,96081886
5025763,96081576
5025764,96081600
5025765,96081601
5025766,96081671
5025767,96081695
5025768,96081696
5025769,96081767
5025770,96081792
5025771,96081793
5025772,96081862
5025773,96081887
5025774,96081888
5025775,96081577
5025776,96081602
5025777,96081603
5025778,96081672
5025779,96081697
5025780,96081698
5025781,96081768
5025782,96081794
5025783,96081795
5025784,96081863
5025785,96081889
5025786,96081890
5025787,96081578
5025788,96081604
5025789,96081605
5025790,96081673
5025791,96081699
5025792,96081700
5025793,96083909
5025794,96083935
5025795,96083936
5025796,96083999
5025797,96084025
5025798,96084026
5025799,96083729
5025800,96083755
5025801,96083756
5025802,96083819
5025803,96083845
5025804,96083846
5025805,96083910
5025806,96083937
5025807,96083938
5025808,96084000
5025809,96084027
5025810,96084028
5025811,96083730
5025812,96083757
5025813,96083758
5025814,96083820
5025815,96083847
5025816,96083848
5025817,96083911
5025818,96083939
5025819,96083940
5025820,96084001
5025821,96084029
5025822,96084030
5025823,96083731
5025824,96083759
5025825,96083760
5025826,96083821
5025827,96083849
5025828,96083850
5025829,96083912
5025830,96083941
5025831,96083942
5025832,96084002
5025833,96084031
5025834,96084032
5025835,96083732
5025836,96083761
5025837,96083762
5025838,96083822
5025839,96083851
5025840,96083852
5025841,96083913
5025842,96083943
5025843,96083944
5025844,96084003
5025845,96084033
5025846,96084034
5025847,96083733
5025848,96083763
5025849,96083764
5025850,96083823
5025851,96083853
5025852,96083854
5025853,96083914
5025854,96083945
5025855,96083946
5025856,96084004
5025857,96084035
5025858,96084036
5025859,96083734
5025860,96083765
5025861,96083766
5025862,96083824
5025863,96083855
5025864,96083856
5025865,96083915
5025866,96084005
5025867,96083735
5025868,96083825
5025869,96083901
5025870,96083919
5025871,96083920
5025872,96083991
5025873,96084009
5025874,96084010
5025875,96083721
5025876,96083739
5025877,96083740
5025878,96083811
5025879,96083829
5025880,96083830
5025881,96083916
5025882,96083949
5025883,96083950
5025884,96084006
5025885,96084039
5025886,96084040
5025887,96416382
5025888,96419591
5025889,96423752
5025890,96426219
5025891,96416394
5025892,96419723
5025893,96423753
5025894,96426221
5025895,96083736
5025896,96083769
5025897,96083770
5025898,96083826
5025899,96083859
5025900,96083860
5025901,29Z53015
5025902,29Z53016
5025903,29Z53051
5025904,29Z53052
5025905,96416381
5025906,96423748
5025907,96416393
5025908,96423749
5025909,96416384
5025910,96423764
5025911,96416396
5025912,96423765
5025913,96416383
5025914,96419593
5025915,96423760
5025916,96426235
5025917,96416395
5025918,96419725
5025919,96423761
5025920,96426237
5025921,29Z53019
5025922,29Z53020
5025923,29Z53055
5025924,29Z53056
5025925,96418673
5025926,96419592
5025927,96423756
5025928,96426227
5025929,96418684
5025930,96419724
5025931,96423757
5025932,96426229
5025933,29Z53017
5025934,29Z53018
5025935,29Z53053
5025936,29Z53054
5025937,96083917
5025938,96083951
5025939,96083952
5025940,96084007
5025941,96084041
5025942,96084042
5025943,96416385
5025944,96419574
5025945,96419596
5025946,96423772
5025947,96426258
5025948,96426259
5025949,96416397
5025950,96419706
5025951,96419728
5025952,96423773
5025953,96426260
5025954,96426261
5025955,96083737
5025956,96083771
5025957,96083772
5025958,96083827
5025959,96083861
5025960,96083862
5025961,96418674
5025962,96419595
5025963,96423768
5025964,96426251
5025965,96418685
5025966,96419727
5025967,96423769
5025968,96426253
5025969,29Z53023
5025970,29Z53024
5025971,29Z53059
5025972,29Z53060
5025973,96416386
5025974,96423780
5025975,96416398
5025976,96423781
5025977,96418675
5025978,96419575
5025979,96419597
5025980,96423776
5025981,96426266
5025982,96426267
5025983,96418686
5025984,96419707
5025985,96419729
5025986,96423777
5025987,96426268
5025988,96426269
5025989,96083918
5025990,96083953
5025991,96083954
5025992,96084008
5025993,96084043
5025994,96084044
5025995,96416387
5025996,96419578
5025997,96419600
5025998,96423788
5025999,96426290
5026000,96426291
5026001,96416399
5026002,96419710
5026003,96419732
5026004,96423789
5026005,96426292
5026006,96426293
5026007,96083738
5026008,96083773
5026009,96083774
5026010,96083828
5026011,96083863
5026012,96083864
5026013,96418676
5026014,96419577
5026015,96419599
5026016,96423784
5026017,96426282
5026018,96426283
5026019,96418687
5026020,96419709
5026021,96419731
5026022,96423785
5026023,96426284
5026024,96426285
5026025,96416388
5026026,96419580
5026027,96419602
5026028,96423796
5026029,96426306
5026030,96426307
5026031,96416400
5026032,96419712
5026033,96419734
5026034,96423797
5026035,96426308
5026036,96426309
5026037,96418677
5026038,96419579
5026039,96419601
5026040,96423792
5026041,96426298
5026042,96426299
5026043,96418688
5026044,96419711
5026045,96419733
5026046,96423793
5026047,96426300
5026048,96426301
5026049,96416389
5026050,96419582
5026051,96419604
5026052,96423804
5026053,96426322
5026054,96426323
5026055,96416401
5026056,96419714
5026057,96419736
5026058,96423805
5026059,96426324
5026060,96426325
5026061,96418678
5026062,96423800
5026063,96418689
5026064,96423801
5026065,96423812
5026066,96423813
5026067,96418679
5026068,96419583
5026069,96419605
5026070,96423808
5026071,96426330
5026072,96426331
5026073,96418690
5026074,96419715
5026075,96419737
5026076,96423809
5026077,96426332
5026078,96426333
5026079,96083902
5026080,96083921
5026081,96083922
5026082,96083992
5026083,96084011
5026084,96084012
5026085,96083722
5026086,96083741
5026087,96083742
5026088,96083812
5026089,96083831
5026090,96083832
5026091,96083903
5026092,96083923
5026093,96083924
5026094,96083993
5026095,96084013
5026096,96084014
5026097,96083723
5026098,96083743
5026099,96083744
5026100,96083813
5026101,96083833
5026102,96083834
5026103,96083904
5026104,96083925
5026105,96083926
5026106,96083994
5026107,96084015
5026108,96084016
5026109,96083724
5026110,96083745
5026111,96083746
5026112,96083814
5026113,96083835
5026114,96083836
5026115,96083905
5026116,96083927
5026117,96083928
5026118,96083995
5026119,96084017
5026120,96084018
5026121,96083725
5026122,96083747
5026123,96083748
5026124,96083815
5026125,96083837
5026126,96083838
5026127,96083906
5026128,96083929
5026129,96083930
5026130,96083996
5026131,96084019
5026132,96084020
5026133,96083726
5026134,96083749
5026135,96083750
5026136,96083816
5026137,96083839
5026138,96083840
5026139,96083907
5026140,96083931
5026141,96083932
5026142,96083997
5026143,96084021
5026144,96084022
5026145,96083727
5026146,96083751
5026147,96083752
5026148,96083817
5026149,96083841
5026150,96083842
5026151,96083908
5026152,96083933
5026153,96083934
5026154,96083998
5026155,96084023
5026156,96084024
5026157,96083728
5026158,96083753
5026159,96083754
5026160,96083818
5026161,96083843
5026162,96083844
5026163,96415843
5026164,96423820
5026165,96415869
5026166,96423821
5026167,96415842
5026168,96419168
5026169,96423816
5026170,96426347
5026171,96415868
5026172,96419273
5026173,96423817
5026174,96426349
5026175,35Z53004
5026176,35Z53005
5026177,35Z53016
5026178,35Z53017
5026179,96415846
5026180,96419155
5026181,96419172
5026182,96423832
5026183,96426378
5026184,96426379
5026185,96415872
5026186,96419260
5026187,96419277
5026188,96423833
5026189,96426380
5026190,96426381
5026191,96415845
5026192,96419154
5026193,96419171
5026194,96423828
5026195,96426370
5026196,96426371
5026197,96415871
5026198,96419259
5026199,96419276
5026200,96423829
5026201,96426372
5026202,96426373
5026203,96415844
5026204,96419153
5026205,96419170
5026206,96423824
5026207,96426362
5026208,96426363
5026209,96415870
5026210,96419258
5026211,96419275
5026212,96423825
5026213,96426364
5026214,96426365
5026215,96415848
5026216,96419158
5026217,96419176
5026218,96423844
5026219,96426402
5026220,96426403
5026221,96415874
5026222,96419263
5026223,96419280
5026224,96423845
5026225,96426404
5026226,96426405
5026227,96417841
5026228,96419157
5026229,96419175
5026230,96423840
5026231,96426394
5026232,96426395
5026233,96417844
5026234,96419262
5026235,96419279
5026236,96423841
5026237,96426396
5026238,96426397
5026239,96415847
5026240,96419156
5026241,96419174
5026242,96423836
5026243,96426386
5026244,96426387
5026245,96415873
5026246,96419261
5026247,96419278
5026248,96423837
5026249,96426388
5026250,96426389
5026251,96415850
5026252,96419161
5026253,96419180
5026254,96423856
5026255,96426427
5026256,96426430
5026257,96415876
5026258,96419266
5026259,96419283
5026260,96423857
5026261,96426431
5026262,96426432
5026263,96417842
5026264,96419160
5026265,96419178
5026266,96423852
5026267,96426418
5026268,96426419
5026269,96417845
5026270,96419265
5026271,96419282
5026272,96423853
5026273,96426420
5026274,96426421
5026275,96415849
5026276,96419159
5026277,96419177
5026278,96423848
5026279,96426410
5026280,96426411
5026281,96415875
5026282,96419264
5026283,96419281
5026284,96423849
5026285,96426412
5026286,96426413
5026287,96750653
5026288,96423868
5026289,96426453
5026290,96426454
5026291,96419286
5026292,96423869
5026293,96426455
5026294,96426456
5026295,96423864
5026296,96426445
5026297,96426446
5026298,96423865
5026299,96426447
5026300,96426448
5026301,96423860
5026302,96426437
5026303,96426438
5026304,96423861
5026305,96426439
5026306,96426440
5026307,96415854
5026308,96419166
5026309,96419185
5026310,96423876
5026311,96426469
5026312,96426470
5026313,96415880
5026314,96419271
5026315,96419288
5026316,96423877
5026317,96426471
5026318,96426472
5026319,96415853
5026320,96419165
5026321,96419184
5026322,96423872
5026323,96426461
5026324,96426462
5026325,96415879
5026326,96419270
5026327,96419287
5026328,96423873
5026329,96426463
5026330,96426464
5026331,96417847
5026332,96419167
5026333,96419186
5026334,96417848
5026335,96419272
5026336,96419289
5026337,96084999
5026338,96085094
5026339,96084809
5026340,96084904
5026341,96085000
5026342,96085028
5026343,96085029
5026344,96085095
5026345,96085123
5026346,96085124
5026347,96084810
5026348,96084838
5026349,96084839
5026350,96084905
5026351,96084933
5026352,96084934
5026353,96085001
5026354,96085030
5026355,96085031
5026356,96085096
5026357,96085125
5026358,96085126
5026359,96084811
5026360,96084840
5026361,96084841
5026362,96084906
5026363,96084935
5026364,96084936
5026365,96085002
5026366,96085032
5026367,96085033
5026368,96085097
5026369,96085127
5026370,96085128
5026371,96084812
5026372,96084842
5026373,96084843
5026374,96084907
5026375,96084937
5026376,96084938
5026377,96085003
5026378,96085034
5026379,96085035
5026380,96085098
5026381,96085129
5026382,96085130
5026383,96084813
5026384,96084844
5026385,96084845
5026386,96084908
5026387,96084939
5026388,96084940
5026389,96085004
5026390,96085036
5026391,96085037
5026392,96085099
5026393,96085131
5026394,96085132
5026395,96084814
5026396,96084846
5026397,96084847
5026398,96084909
5026399,96084941
5026400,96084942
5026401,96085005
5026402,96085038
5026403,96085039
5026404,96085100
5026405,96085133
5026406,96085134
5026407,96084815
5026408,96084848
5026409,96084849
5026410,96084910
5026411,96084943
5026412,96084944
5026413,96085006
5026414,96085040
5026415,96085041
5026416,96085101
5026417,96085135
5026418,96085136
5026419,96084816
5026420,96084850
5026421,96084851
5026422,96084911
5026423,96084945
5026424,96084946
5026425,96084991
5026426,96085010
5026427,96085011
5026428,96085086
5026429,96085105
5026430,96085106
5026431,96084801
5026432,96084820
5026433,96084821
5026434,96084896
5026435,96084915
5026436,96084916
5026437,96085007
5026438,96085042
5026439,96085043
5026440,96085102
5026441,96085137
5026442,96085138
5026443,96084817
5026444,96084852
5026445,96084853
5026446,96084912
5026447,96084947
5026448,96084948
5026449,96085008
5026450,96085044
5026451,96085045
5026452,96085103
5026453,96085139
5026454,96085140
5026455,96084818
5026456,96084854
5026457,96084855
5026458,96084913
5026459,96084949
5026460,96084950
5026461,96085009
5026462,96085046
5026463,96085047
5026464,96085104
5026465,96085141
5026466,96085142
5026467,96084819
5026468,96084856
5026469,96084857
5026470,96084914
5026471,96084951
5026472,96084952
5026473,96084992
5026474,96085012
5026475,96085013
5026476,96085087
5026477,96085107
5026478,96085108
5026479,96084802
5026480,96084822
5026481,96084823
5026482,96084897
5026483,96084917
5026484,96084918
5026485,96084993
5026486,96085014
5026487,96085015
5026488,96085088
5026489,96085109
5026490,96085110
5026491,96084803
5026492,96084824
5026493,96084825
5026494,96084898
5026495,96084919
5026496,96084920
5026497,96084994
5026498,96085089
5026499,96084804
5026500,96084899
5026501,96084995
5026502,96085018
5026503,96085019
5026504,96085090
5026505,96085113
5026506,96085114
5026507,96084805
5026508,96084828
5026509,96084829
5026510,96084900
5026511,96084923
5026512,96084924
5026513,96084997
5026514,96085022
5026515,96085023
5026516,96085092
5026517,96085117
5026518,96085118
5026519,96084807
5026520,96084832
5026521,96084833
5026522,96084902
5026523,96084927
5026524,96084928
5026525,96084998
5026526,96085024
5026527,96085025
5026528,96085093
5026529,96085119
5026530,96085120
5026531,96084808
5026532,96084834
5026533,96084835
5026534,96084903
5026535,96084929
5026536,96084930
5026537,96416021
5026538,96418869
5026539,96418880
5026540,96423884
5026541,96426486
5026542,96426487
5026543,96416032
5026544,96418939
5026545,96418950
5026546,96423885
5026547,96426488
5026548,96426489
5026549,96416020
5026550,96423880
5026551,96416031
5026552,96423881
5026553,96416024
5026554,96418872
5026555,96418883
5026556,96423896
5026557,96426510
5026558,96426511
5026559,96416048
5026560,96418942
5026561,96418953
5026562,96423897
5026563,96426512
5026564,96426513
5026565,96416023
5026566,96418871
5026567,96418882
5026568,96423892
5026569,96426502
5026570,96426503
5026571,96416047
5026572,96418941
5026573,96418952
5026574,96423893
5026575,96426504
5026576,96426505
5026577,96416022
5026578,96423888
5026579,96416033
5026580,96423889
5026581,96423908
5026582,96426534
5026583,96426535
5026584,96423909
5026585,96426536
5026586,96426537
5026587,96423904
5026588,96426526
5026589,96426527
5026590,96423905
5026591,96426528
5026592,96426529
5026593,96416025
5026594,96418873
5026595,96418884
5026596,96423900
5026597,96426518
5026598,96426519
5026599,96416049
5026600,96418943
5026601,96418954
5026602,96423901
5026603,96426520
5026604,96426521
5026605,96416030
5026606,96418878
5026607,96418889
5026608,96423920
5026609,96426558
5026610,96426559
5026611,96416054
5026612,96418948
5026613,96418959
5026614,96423921
5026615,96426560
5026616,96426561
5026617,96416029
5026618,96418877
5026619,96418888
5026620,96423916
5026621,96426550
5026622,96426551
5026623,96416053
5026624,96418947
5026625,96418958
5026626,96423917
5026627,96426552
5026628,96426553
5026629,96423912
5026630,96426542
5026631,96426543
5026632,96423913
5026633,96426544
5026634,96426545
5026635,96454171
5026636,96454175
5026637,96454170
5026638,96454173
5026639,96454178
5026640,96458206
5026641,96458207
5026642,96454181
5026643,96458214
5026644,96458216
5026645,96454176
5026646,96458205
5026647,96458208
5026648,96454180
5026649,96458212
5026650,96458215
5026651,96454183
5026652,96458217
5026653,96458224
5026654,96454186
5026655,96458220
5026656,96458221
5026657,96454192
5026658,96458229
5026659,96458231
5026660,96454193
5026661,96458236
5026662,96458237
5026663,96454191
5026664,96458230
5026665,96458232
5026666,96454194
5026667,96458233
5026668,96458235
5026669,96454201
5026670,96458241
5026671,96458247
5026672,96454197
5026673,96458248
5026674,96458252
5026675,96454195
5026676,96458242
5026677,96458244
5026678,96454199
5026679,96458245
5026680,96458249
5026681,96454207
5026682,96458254
5026683,96458262
5026684,96454208
5026685,96458263
5026686,96454204
5026687,96458255
5026688,96458260
5026689,96454209
5026690,96458264
5026691,96458256
5026692,96454211
5026693,96458267
5026694,96458274
5026695,96454214
5026696,96458265
5026697,96458276
5026698,96454215
5026699,96458269
5026700,96458272
5026701,96454212
5026702,96458266
5026703,96458273
5026704,96454221
5026705,96458279
5026706,96458282
5026707,96454219
5026708,96458278
5026709,96458280
5026710,96454223
5026711,96458290
5026712,96458291
5026713,96454225
5026714,96458299
5026715,96458301
5026716,96454227
5026717,96458289
5026718,96458294
5026719,96454226
5026720,96458292
5026721,96458295
5026722,96454233
5026723,96458302
5026724,96458315
5026725,96454231
5026726,96458309
5026727,96458310
5026728,96454234
5026729,96458307
5026730,96458308
5026731,96454232
5026732,96458311
5026733,96458312
5026734,91121987
5026735,91128636
5026736,97722484
5026737,97722590
5026738,96528928
5026739,625468
5026740,579801
5026741,620480
5026742,98046408
5026743,00SV0043
5026744,00SV0045
5026745,105029
5026746,004N5005
5026747,97855075
5026748,00SV0874
5026749,00SV2107
5026750,00SV2007
5026751,96416577
5026752,96416578
5026753,96416579
5026754,435006
5026755,96416580
5026756,96416573
5026757,365112
5026758,96453507
5026759,335069
5026760,335221
5026761,335222
5026762,335227
5026763,365088
5026764,365094
5026765,405104
5026766,405110
5026767,405112
5026768,405208
5026769,405209
5026770,405210
5026771,415254
5026772,415255
5026773,415262
5026774,415270
5026775,415273
5026776,415275
5026777,415276
5026778,425052
5026779,425055
5026780,425220
5026781,425229
5026782,96453501
5026783,96453509
5026784,96453510
5026785,96453530
5026786,96453545
5026787,96453547
5026788,96453550
5026789,96453552
5026790,96453554
5026791,96453563
5026792,96453566
5026793,96453582
5026794,96453585
5026795,96453598
5026796,96453599
5026797,96453601
5026798,96453605
5026799,96453612
5026800,96479080
5026801,96508459
5026802,96416226
5026803,96416229
5026804,96416234
5026805,96416246
5026806,96416257
5026807,96416279
5026808,96416280
5026809,96416294
5026810,96416296
5026811,96416323
5026812,96416328
5026813,96416905
5026814,96416909
5026815,96416919
5026816,96416920
5026817,96458128
5026818,96450697
5026819,96416589
5026820,339138
5026821,339142
5026822,96416591
5026823,96416592
5026824,415063
5026825,415065
5026826,96416590
5026827,415314
5026828,425261
5026829,425262
5026830,425263
5026831,485134
5026832,96440745
5026833,96634763
5026834,96450698
5026835,96416600
5026836,96416602
5026837,96416601
5026838,96416597
5026839,96416599
5026840,96455090
5026841,96416598
5026842,96455091
5026843,96932440
5026844,415232
5026845,405083
5026846,15784
5026847,96488396
5026848,96488397
5026849,16728
5026850,16729
5026851,96457923
5026852,96526653
5026853,97751325
5026854,96440233
5026855,96440237
5026856,96440241
5026857,96440249
5026858,96440374
5026859,96440246
5026860,96440248
5026861,96440250
5026862,96440252
5026863,96440254
5026864,985844
5026865,96511356
5026866,96511829
5026867,345189
5026868,345190
5026869,345199
5026870,345201
5026871,345211
5026872,365103
5026873,365104
5026874,96455100
5026875,96455101
5026876,96455107
5026877,96455114
5026878,96460142
5026879,96460143
5026880,96421725
5026881,96513598
5026882,485114
5026883,495063
5026884,96409266
5026885,485113
5026886,96416347
5026887,985848
5026888,345015
5026889,345122
5026890,985167
5026891,985204
5026892,405146
5026893,415080
5026894,345180
5026895,345182
5026896,485278
5026897,345181
5026898,004F5012
5026899,004H5007
5026900,004F5013
5026901,004H5008
5026902,004F5019
5026903,004H5009
5026904,405096
5026905,425062
5026906,485351
5026907,485352
5026908,495078
5026909,96409265
5026910,004F5020
5026911,004H5010
5026912,405097
5026913,415085
5026914,425063
5026915,445068
5026916,985769
5026917,985838
5026918,985874
5026919,96511840
5026920,96455089
5026921,96455082
5026922,96455083
5026923,96417021
5026924,425303
5026925,004N5012
5026926,004N5013
5026927,985164
5026928,395008
5026929,485122
5026930,96455088
5026931,96511844
5026932,96525458
5026933,96455086
5026934,96525490
5026935,96511845
5026936,96436727
5026937,96455084
5026938,96436728
5026939,96455085
5026940,485371
5026941,485372
5026942,96416348
5026943,985845
5026944,985909
5026945,985720
5026946,495079
5026947,985205
5026948,96427783
5026949,96427784
5026950,97751427
5026951,97751439
5026952,335093
5026953,365111
5026954,425067
5026955,435002
5026956,445004
5026957,445017
5026958,96430767
5026959,96430773
5026960,96430775
5026961,185034
5026962,185035
5026963,335083
5026964,96414028
5026965,96430819
5026966,96440262
5026967,205117
5026968,96414031
5026969,395090
5026970,96440256
5026971,96440715
5026972,96440375
5026973,405098
5026974,96440369
5026975,96409269
5026976,96416730
5026977,96440258
5026978,96440716
5026979,485279
5026980,96455103
5026981,335078
5026982,435033
5026983,96416728
5026984,96416732
5026985,96416734
5026986,96416737
5026987,96416738
5026988,335079
5026989,335080
5026990,415288
5026991,415286
5026992,415093
5026993,415092
5026994,335092
5026995,335091
5026996,405134
5026997,335081
5026998,335082
5026999,335089
5027000,405131
5027001,405130
5027002,415290
5027003,415289
5027004,415291
5027005,96434809
5027006,96434802
5027007,96416729
5027008,96416735
5027009,96511824
5027010,96511827
5027011,96440371
5027012,96455097
5027013,96440373
5027014,96455098
5027015,96455110
5027016,96455104
5027017,96455092
5027018,96455099
5027019,96455108
5027020,96455111
5027021,96455105
5027022,96455093
5027023,96455112
5027024,96455106
5027025,96455094
5027026,96455096
5027027,96460141
5027028,345200
5027029,405133
5027030,96455095
5027031,96460140
5027032,96455102
5027033,96279759
5027034,96556430
5027035,98071396
5027036,98126819
5027037,98126821
5027038,98126799
5027039,98126855
5027040,98126860
5027041,98126826
5027042,98126832
5027043,98126808
5027044,98126836
5027045,98126828
5027046,98124696
5027047,98126854
5027048,00SV0049
5027049,00SV0195
5027050,96079927
5027051,96860172
5027052,96860201
5027053,96860195
5027054,96405801
5027055,96405802
5027056,96405805
5027057,96405810
5027058,96405811
5027059,96405814
5027060,96440318
5027061,96449947
5027062,96449948
5027063,96449949
5027064,79084508
5027065,96465608
5027066,96465610
5027067,96465612
5027068,96465626
5027069,96465627
5027070,96465629
5027071,96465630
5027072,96465639
5027073,96465650
5027074,96465651
5027075,96465652
5027076,97770057
5027077,43634455
5027078,44634444
5027079,96516226
5027080,96515396
5027081,00SV0619
5027082,96509609
5027083,00ID6742
5027084,105564
5027085,155542
5027086,155973
5027087,105563
5027088,105565
5027089,155543
5027090,155972
5027091,415521
5027092,100517
5027093,100971
5027094,150574
5027095,96416743
5027096,96416744
5027097,96416745
5027098,100534
5027099,100965
5027100,00ID2279
5027101,00ID6786
5027102,96415463
5027103,96416739
5027104,400132
5027105,420138
5027106,00SV0239
5027107,00SV0119
5027108,00SV0025
5027109,00SV0027
5027110,00SV0029
5027111,00SV0136
5027112,00SV0867
5027113,00SV0258
5027114,00SV0385
5027115,00SV0295
5027116,00SV0530
5027117,00SV0055
5027118,00SV0056
5027119,00SV0122
5027120,97748908
5027121,97748949
5027122,96509610
5027123,00SV0869
5027124,99030082
5027125,99030083
5027126,00SV5223
5027127,00SV0298
5027128,00SV0296
5027129,00SV0297
5027130,00SV0390
5027131,00SV0008
5027132,00SV0187
5027133,00SV0285
5027134,00SV0217
5027135,00SV0885
5027136,00SV0137
5027137,00SV0189
5027138,97992210
5027139,96587204
5027140,96546004
5027141,00SV0289
5027142,00SV0288
5027143,00SV0524
5027144,00SV0875
5027145,00SV0153
5027146,00SV2014
5027147,00SV0896
5027148,00SV0897
5027149,00SV0898
5027150,00SV0899
5027151,00SV0900
5027152,00SV0269
5027153,00SV0292
5027154,91122120
5027155,96411850
5027156,96411851
5027157,96411852
5027158,96411853
5027159,91122138
5027160,91122118
5027161,96411842
5027162,96411843
5027163,96411844
5027164,96411845
5027165,91122136
5027166,91122119
5027167,96411846
5027168,96411847
5027169,96411848
5027170,96411849
5027171,91122137
5027172,91122105
5027173,96411786
5027174,96411787
5027175,96411788
5027176,96411789
5027177,91122123
5027178,91122103
5027179,96411778
5027180,96411779
5027181,96411780
5027182,96411781
5027183,91122121
5027184,91122104
5027185,96411782
5027186,96411783
5027187,96411784
5027188,96411785
5027189,91122122
5027190,91122108
5027191,96411798
5027192,96411799
5027193,96411800
5027194,96411801
5027195,91122126
5027196,91122109
5027197,96411802
5027198,96411803
5027199,96411804
5027200,96411805
5027201,91122127
5027202,91122106
5027203,96411790
5027204,96411791
5027206,96411792
5027207,96411793
5027208,91122124
5027209,91122107
5027210,96411794
5027211,96411795
5027212,96411796
5027213,96411797
5027214,91122125
5027215,91122112
5027216,96411814
5027217,96411815
5027218,96411816
5027219,96411817
5027220,91122130
5027221,91122113
5027222,96411818
5027223,96411819
5027224,96411820
5027225,96411821
5027226,91122131
5027227,91122110
5027228,96411806
5027229,96411807
5027230,96411808
5027231,96411809
5027232,91122128
5027233,91122111
5027234,96411810
5027235,96411811
5027236,96411812
5027237,96411813
5027238,91122129
5027239,91122116
5027240,96411831
5027241,96411832
5027242,96411833
5027243,96411834
5027244,91122134
5027245,91122117
5027246,96411836
5027247,96411839
5027248,96411840
5027249,96411841
5027250,91122135
5027251,91122114
5027252,96411823
5027253,96411824
5027254,96411825
5027255,96411826
5027256,91122132
5027257,91122115
5027258,96411827
5027259,96411828
5027260,96411829
5027261,96411830
5027262,91122133
5027263,96011036
5027264,96847166
5027265,96847167
5027266,96010658
5027267,96010664
5027268,96847173
5027269,96847184
5027270,011DC001
5027271,011DC201
5027272,96847425
5027273,96847186
5027274,012DC001
5027275,012DC201
5027276,96847640
5027277,96847798
5027278,013DC201
5027279,98420222
5027280,98420223
5027281,98420224
5027282,59896213
5027283,59896214
5027284,59896215
5027285,59896226
5027286,59896209
5027287,59896210
5027288,59896225
5027289,59896237
5027290,59896238
5027291,59896241
5027292,59896239
5027293,59896240
5027294,59896248
5027295,59896249
5027296,59896300
5027297,59896114
5027298,59896118
5027299,59896211
5027300,59896212
5027301,59896119
5027302,59896121
5027303,59896229
5027304,59896230
5027305,59896123
5027306,59896124
5027307,59896130
5027308,59896771
5027309,59896775
5027310,59896142
5027311,59896145
5027312,59896233
5027313,59896234
5027314,59896146
5027315,59896149
5027316,59896235
5027317,59896236
5027318,59896150
5027319,59896151
5027320,59896155
5027321,59896173
5027322,59896167
5027323,59896274
5027324,52722323
5027325,52722324
5027326,52722393
5027327,52722377
5027328,52722435
5027329,52722436
5027330,52722327
5027331,52722330
5027332,52722334
5027333,52722338
5027334,52722341
5027335,52722351
5027336,52722355
5027337,96439643
5027338,52722439
5027339,52722440
5027340,52722437
5027341,52722438
5027342,96439644
5027343,52722369
5027344,52722370
5027345,52722372
5027346,52722373
5027347,52722441
5027348,52722352
5027349,52722353
5027350,96633576
5027351,96633591
5027352,96402934
5027353,96402935
5027354,96402937
5027355,96402938
5027356,59896180
5027357,59896773
5027358,59896341
5027359,59896343
5027360,52588344
5027361,59546515
5027362,95906630
5027363,95906631
5027364,52722519
5027365,52722512
5027366,52722513
5027367,96402730
5027368,96402733
5027369,96402736
5027370,96402737
5027371,96402739
5027372,96402740
5027373,96402741
5027374,96402742
5027375,96402694
5027376,96402695
5027377,96402696
5027378,96402697
5027379,96402699
5027380,96402700
5027381,96402701
5027382,96402702
5027383,96402708
5027384,96402709
5027385,96402710
5027386,96402711
5027387,96402713
5027388,96402714
5027389,96402715
5027390,96402716
5027391,96402782
5027392,96402783
5027393,96402784
5027394,96402785
5027395,96402787
5027396,96402788
5027397,96402789
5027398,96402790
5027399,96402797
5027400,96402798
5027401,96402799
5027402,96402804
5027403,96402805
5027404,96402807
5027405,96402748
5027406,96402749
5027407,96402750
5027408,96402751
5027409,96402753
5027410,96402754
5027411,96402755
5027412,96402756
5027413,96402762
5027414,96402763
5027415,96402764
5027416,96402765
5027417,96402767
5027418,96402768
5027419,96402769
5027420,96402770
5027421,96404948
5027422,96404949
5027423,96404950
5027424,96404951
5027425,96404953
5027426,96404954
5027427,96404955
5027428,96404956
5027429,95906636
5027430,95906637
5027431,52722514
5027432,96402860
5027433,96402861
5027434,96411613
5027435,96402866
5027436,96402868
5027437,96411614
5027438,96402882
5027439,96402883
5027440,96402885
5027441,96402886
5027442,96402814
5027443,96402815
5027444,96402816
5027445,96402817
5027446,96402819
5027447,96402820
5027448,96402821
5027449,96402822
5027450,97523134
5027451,96402834
5027452,96402836
5027453,96402838
5027454,96402840
5027455,96402843
5027456,96402844
5027457,96402845
5027458,96402846
5027459,96404958
5027460,96404959
5027461,96404960
5027462,96404961
5027463,96404963
5027464,96404964
5027465,96404965
5027466,96404966
5027467,96654373
5027468,96654375
5027469,96654379
5027470,96654390
5027471,96402920
5027472,96402921
5027473,96402923
5027474,96402924
5027475,96402894
5027476,96402895
5027477,96402899
5027478,96402900
5027479,96402908
5027480,96402913
5027481,7110012
5027482,7113012
