id,catalog_number,main_image,aux_description,name,URL
2982462,V041,,,,
2982461,8613C,,,,
2982460,8612C,,,,
2982459,8614C,,,,
2982458,8610CJ,,,,
2982457,8610C,,,,
2982456,8600C,,,,
2982455,8600,,,,
2982454,8610,,,,
2982453,VP3204XXL,,,,
2982452,VP3204S,,,,
2982451,8620C,,,,
2982450,8621C,,,,
2982449,4600LH,,,,
2982448,4921LH,,,,
2982447,4320LH,,,,
2982446,4850RH,,,,
2982445,4850LH,,,,
2982444,4150LH,,,,
2982443,1400RH,,,,
2982442,1400LH,,,,
2982441,9178NFOXXL,,,,
2982440,9178NFOXL,,,,
2982439,9178NFOS,,,,
2982438,9178NFOM,,,,
2982437,9178NFOL,,,,
2982436,2528,,,,
2982435,F2529,,,,
2982434,F2528,,,,
2982433,F2527,,,,
2982432,F25211,,,,
2982431,F25210,,,,
2982430,F2019,,,,
2982429,F2018,,,,
2982428,F2017,,,,
2982427,F20111,,,,
2982426,F20110,,,,
2982425,2018,,,,
2982424,2017,,,,
2982423,F2159,,,,
2982422,F2158,,,,
2982421,F2157,,,,
2982420,F21511,,,,
2982419,F21510,,,,
2982418,F3009,,,,
2982417,F3008,,,,
2982416,F3007,,,,
2982415,F30011,,,,
2982414,F30010,,,,
2982413,F3509,,,,
2982412,F3508,,,,
2982411,F3507,,,,
2982410,F35011,,,,
2982409,F35010,,,,
2982408,CHEV2OT,,,,
2982407,CHEV2L,,,,
2982406,CHEV2O,,,,
2982405,CHEV2LP,,,,
2982404,V231R,,,,
2982403,V211RXL,,,,
2982402,V201R,,,,
2982401,V200R,,,,
2982400,V200FS,,,,
2982399,S221R,,,,
2982398,S220WR,,,,
2982397,S220R,,,,
2982396,V211WR,,,,
2982395,V211SR,,,,
2982394,V211R1,,,,
2982393,V211R,,,,
2982392,V201BA,,,,
2982391,V201,,,,
2982390,V200,,,,
2982389,HVH100,,,,
2982388,9318DT510T,,,,
2982387,9318DT10,,,,
2982386,9318D10TMD,,,,
2982385,9318D10T,,,,
2982384,9318D10,,,,
2982383,9318K13T,,,,
2982382,9318D7T,,,,
2982381,9318D7,,,,
2982380,9314D10,,,,
2982379,9318K13,,,,
2982378,9312D10,,,,
2982377,9318K7T,,,,
2982376,9318K7,,,,
2982375,9178T,,,,
2982374,9378T,,,,
2982373,9378B,,,,
2982372,9374TL,,,,
2982371,9218M13,,,,
2982370,9214M13,,,,
2982369,9379,,,,
2982368,9378,,,,
2982367,9378TES,,,,
2982366,9378TE,,,,
2982365,9378E,,,,
2982364,9378BE,,,,
2982363,9372T,,,,
2982362,9372,,,,
2982361,9379KCT,,,,
2982360,9378KCT,,,,
2982359,9378KC,,,,
2982358,9374T,,,,
2982357,9212M13,,,,
2982356,9375,,,,
2982355,9374,,,,
2982354,9379KCTJ,,,,
2982353,9304,,,,
2982352,9307,,,,
2982351,9378P,,,,
2982350,9374E,,,,
2982349,9372E,,,,
2982348,9371TE,,,,
2982347,9371E,,,,
2982346,9371BE,,,,
2982345,9379KCTE,,,,
2982344,9371T,,,,
2982343,9371,,,,
2982342,9370,,,,
2982341,BBS1609,,,,
2982340,BBS1608,,,,
2982339,BBS1607,,,,
2982338,BBS16010,,,,
2982337,BGP1609,,,,
2982336,BGP1608,,,,
2982335,BGP1607,,,,
2982334,BGP16012,,,,
2982333,BGP16011,,,,
2982332,BGP16010,,,,
2982331,CP25XL,,,,
2982330,CP25S,,,,
2982329,CP25M,,,,
2982328,CP25L,,,,
2982327,HV200XXXL,,,,
2982326,HV200XXL,,,,
2982325,HV200XL,,,,
2982324,HV200M,,,,
2982323,HV200L,,,,
2982322,ML300AXXL,,,,
2982321,ML300AXL,,,,
2982320,ML300AM,,,,
2982319,ML300AL,,,,
2982318,6950,,,,
2982317,MG3211AXXL,,,,
2982316,MG3211AXL,,,,
2982315,MG3211AM,,,,
2982314,MG3211AL,,,,
2982313,ZB100XXL,,,,
2982312,ZB100XL,,,,
2982311,ZB100M,,,,
2982310,ZB100L,,,,
2982309,1717AXXL,,,,
2982308,1717AXL,,,,
2982307,1717AM,,,,
2982306,1717AL,,,,
2982305,CP14RS,,,,
2982304,PD2905AXL,,,,
2982303,PD2905AM,,,,
2982302,PD2905AL,,,,
2982301,PD2095AXXL,,,,
2982300,CP14RXL,,,,
2982299,CP14RM,,,,
2982298,CP14RL,,,,
2982297,HV100XXXL,,,,
2982296,HV100XXL,,,,
2982295,HV100XL,,,,
2982294,HV100M,,,,
2982293,HV100L,,,,
2982292,KV200XXL,,,,
2982291,KV200XL,,,,
2982290,KV200M,,,,
2982289,KV200L,,,,
2982288,38425MW,,,,
2982287,38423MW,,,,
2982286,CP14XL,,,,
2982285,CP14S,,,,
2982284,CP14M,,,,
2982283,CP14L,,,,
2982282,Y300XXL,,,,
2982281,Y300XL,,,,
2982280,Y300M,,,,
2982279,Y300L,,,,
2982278,MC500XXL,,,,
2982277,MC500XL,,,,
2982276,MC500S,,,,
2982275,MC500M,,,,
2982274,MC500L,,,,
2982273,HV300XXL,,,,
2982272,HV300XL,,,,
2982271,HV300S,,,,
2982270,HV300M,,,,
2982269,HV300L,,,,
2982268,B100XXL,,,,
2982267,B100XL,,,,
2982266,B100M,,,,
2982265,B100L,,,,
2982264,Y200XXL,,,,
2982263,Y200XL,,,,
2982262,Y200M,,,,
2982261,Y200L,,,,
2982260,PD2903XXL,,,,
2982259,PD2903XL,,,,
2982258,PD2903M,,,,
2982257,PD2903L,,,,
2982256,BYR1008,,,,
2982255,BYR1007,,,,
2982254,BYR1006,,,,
2982253,BYR10017,,,,
2982252,BYR1009,,,,
2982251,BYR10018,,,,
2982250,BYR10016,,,,
2982249,BYR10015,,,,
2982248,BYR10014,,,,
2982247,BYR10013,,,,
2982246,BYR10012,,,,
2982245,BYR10011,,,,
2982244,BYR10010,,,,
2982243,PD2902XXL,,,,
2982242,PD2902XL,,,,
2982241,PD2902M,,,,
2982240,PD2902L,,,,
2982239,4840KXL,,,,
2982238,38418MW,,,,
2982237,4840KL,,,,
2982236,PD2901XXL,,,,
2982235,PD2901XL,,,,
2982234,PD2901M,,,,
2982233,PD2901L,,,,
2982232,N6464XXL,,,,
2982231,N6464XL,,,,
2982230,N6464M,,,,
2982229,N6464L,,,,
2982228,PD2904XXL,,,,
2982227,PD2904XL,,,,
2982226,PD2904M,,,,
2982225,PD2904L,,,,
2982224,925XXL,,,,
2982223,925XL,,,,
2982222,925S,,,,
2982221,925M,,,,
2982220,925L,,,,
2982219,4620A,,,,
2982218,PBS1209,,,,
2982217,PBS1208,,,,
2982216,PBS1207,,,,
2982215,PBS1206,,,,
2982214,PBS12014,,,,
2982213,PBS12013,,,,
2982212,PBS12012,,,,
2982211,PBS12011,,,,
2982210,PBS12010,,,,
2982209,915XXXL,,,,
2982208,915XXL,,,,
2982207,915XL,,,,
2982206,915S,,,,
2982205,915M,,,,
2982204,915L,,,,
2982203,908XXL,,,,
2982202,908XL,,,,
2982201,908S,,,,
2982200,908M,,,,
2982199,908L,,,,
2982198,PBP1209,,,,
2982197,PBP1208,,,,
2982196,PBP1207,,,,
2982195,PBP1206,,,,
2982194,PBP12014,,,,
2982193,PBP12013,,,,
2982192,PBP12012,,,,
2982191,PBP12011,,,,
2982190,PBP12010,,,,
2982189,N9676GXL,,,,
2982188,N9676GS,,,,
2982187,N9676GM,,,,
2982186,N9676GL,,,,
2982185,N9676GKDXL,,,,
2982184,N9676GKDS,,,,
2982183,N9676GKDM,,,,
2982182,N9676GKDL,,,,
2982181,DN100XL,,,,
2982180,DN100M,,,,
2982179,DN100L,,,,
2982178,944XXXL,,,,
2982177,944XXL,,,,
2982176,944XL,,,,
2982175,944M,,,,
2982174,944L,,,,
2982173,968XL,,,,
2982172,968S,,,,
2982171,968M,,,,
2982170,968L,,,,
2982169,924XXL,,,,
2982168,924XL,,,,
2982167,924S,,,,
2982166,924M,,,,
2982165,924L,,,,
2982164,906XXL,,,,
2982163,906XL,,,,
2982162,906S,,,,
2982161,906M,,,,
2982160,906L,,,,
2982159,38505MW,,,,
2982158,N9878BNFXXL,,,,
2982157,N9878BNFXL,,,,
2982156,N9878BNFS,,,,
2982155,N9878BNFM,,,,
2982154,N9878BNFL,,,,
2982153,9672DT5XXL,,,,
2982152,9672DT5XS,,,,
2982151,9672DT5XL,,,,
2982150,9672DT5S,,,,
2982149,9672DT5PUXXL,,,,
2982148,9672DT5PUXL,,,,
2982147,9672DT5PUS,,,,
2982146,9672DT5PUM,,,,
2982145,9672DT5PUL,,,,
2982144,9672DT5M,,,,
2982143,9672DT5L,,,,
2982142,9389XXL,,,,
2982141,N9690TCXXL,,,,
2982140,N9690TCXL,,,,
2982139,N9690TCS,,,,
2982138,N9690TCM,,,,
2982137,N9690TCL,,,,
2982136,975XXL,,,,
2982135,975XL,,,,
2982134,975M,,,,
2982133,975L,,,,
2982132,926XXL,,,,
2982131,926XL,,,,
2982130,926S,,,,
2982129,926M,,,,
2982128,926L,,,,
2982127,909XL,,,,
2982126,909S,,,,
2982125,909M,,,,
2982124,909L,,,,
2982123,MG9796XL,,,,
2982122,MG9796S,,,,
2982121,MG9796M,,,,
2982120,MG9796L,,,,
2982119,N96780XXL,,,,
2982118,N96780XL,,,,
2982117,N96780S,,,,
2982116,N96780M,,,,
2982115,N96780L,,,,
2982114,N9676DTXXL,,,,
2982113,N9676DTXL,,,,
2982112,N9676DTS,,,,
2982111,N9676DTM,,,,
2982110,N9676DTL,,,,
2982109,9389XL,,,,
2982108,9389S,,,,
2982107,9389M,,,,
2982106,9389L,,,,
2982105,9379ARCXXL,,,,
2982104,9379ARCXL,,,,
2982103,9379ARCS,,,,
2982102,9379ARCM,,,,
2982101,9379ARCL,,,,
2982100,KV100XL,,,,
2982099,KV100M,,,,
2982098,KV100L,,,,
2982097,904XL,,,,
2982096,904S,,,,
2982095,904M,,,,
2982094,904L,,,,
2982093,901XXL,,,,
2982092,901XL,,,,
2982091,901M,,,,
2982090,901L,,,,
2982089,N9677XXL,,,,
2982088,N9677XL,,,,
2982087,N9677S,,,,
2982086,N9677M,,,,
2982085,N9677L,,,,
2982084,9178NFXXL,,,,
2982083,9178NFXS,,,,
2982082,9178NFXL,,,,
2982081,9178NFS,,,,
2982080,9178NFM,,,,
2982079,9178NFL,,,,
2982078,995XXL,,,,
2982077,995XS,,,,
2982076,995XL,,,,
2982075,995S,,,,
2982074,995M,,,,
2982073,995L,,,,
2982072,9672HVOXXL,,,,
2982071,9672HVOXS,,,,
2982070,9672HVOXL,,,,
2982069,9672HVOS,,,,
2982068,9672HVOM,,,,
2982067,9672HVOL,,,,
2982066,9672HVGXXL,,,,
2982065,9672HVGXS,,,,
2982064,9672HVGXL,,,,
2982063,9672HVGS,,,,
2982062,9672HVGM,,,,
2982061,9672HVGL,,,,
2982060,907XL,,,,
2982059,907S,,,,
2982058,907M,,,,
2982057,907L,,,,
2982056,905XXL,,,,
2982055,905XL,,,,
2982054,905S,,,,
2982053,905M,,,,
2982052,905L,,,,
2982051,903XXL,,,,
2982050,903XL,,,,
2982049,903S,,,,
2982048,903M,,,,
2982047,903L,,,,
2982046,9672DTXXL,,,,
2982045,9672DTXL,,,,
2982044,9672DTS,,,,
2982043,9672DTM,,,,
2982042,9672DTL,,,,
2982041,MR100XXL,,,,
2982040,MR100XL,,,,
2982039,MR100M,,,,
2982038,MR100L,,,,
2982037,MB100XXL,,,,
2982036,MB100XL,,,,
2982035,MB100M,,,,
2982034,MB100L,,,,
2982033,902XL,,,,
2982032,902S,,,,
2982031,902M,,,,
2982030,902L,,,,
2982029,9672DT2XXL,,,,
2982028,9672DT2XL,,,,
2982027,9672DT2S,,,,
2982026,9672DT2M,,,,
2982025,9672DT2L,,,,
2982024,943XXXL,,,,
2982023,943XXL,,,,
2982022,943XL,,,,
2982021,943M,,,,
2982020,943L,,,,
2982019,39423,,,,
2982018,990XXL,,,,
2982017,990XS,,,,
2982016,990XL,,,,
2982015,990S,,,,
2982014,990M,,,,
2982013,990L,,,,
2982012,935CHXXL,,,,
2982011,935CHXL,,,,
2982010,935CHS,,,,
2982009,935CHM,,,,
2982008,935CHL,,,,
2982007,900XXL,,,,
2982006,900XL,,,,
2982005,900S,,,,
2982004,900M,,,,
2982003,900L,,,,
2982002,554423L,,,,
2982001,92720NFXXL,,,,
2982000,92720NFXL,,,,
2981999,92720NFS,,,,
2981998,92720NFM,,,,
2981997,92720NFL,,,,
2981996,39418,,,,
2981995,940XXL,,,,
2981994,940XL,,,,
2981993,940HVXXL,,,,
2981992,940HVXL,,,,
2981991,940HVS,,,,
2981990,940HVM,,,,
2981989,940HVL,,,,
2981988,921XL,,,,
2981987,921S,,,,
2981986,921M,,,,
2981985,921L,,,,
2981984,92743PUXXL,,,,
2981983,92743PUXL,,,,
2981982,92743PUS,,,,
2981981,92743PUM,,,,
2981980,92743PUL,,,,
2981979,92743BPXXL,,,,
2981978,92743BPXL,,,,
2981977,92743BPS,,,,
2981976,92743BPM,,,,
2981975,92743BPL,,,,
2981974,39518,,,,
2981973,940S,,,,
2981972,940M,,,,
2981971,940L,,,,
2981970,911DPXL,,,,
2981969,911DPS,,,,
2981968,911DPM,,,,
2981967,911DPL,,,,
2981966,92733PUXXL,,,,
2981965,92733PUXL,,,,
2981964,92733PUS,,,,
2981963,92733PUM,,,,
2981962,92733PUL,,,,
2981961,3115XL,,,,
2981960,3115M,,,,
2981959,3115L,,,,
2981958,39818,,,,
2981957,DC5BX5T,,,,
2981956,DC5BX5,,,,
2981955,DC5BX4T,,,,
2981954,DC5BX4,,,,
2981953,DC5BX3T,,,,
2981952,DC5BX3,,,,
2981951,DC3NX5T,,,,
2981950,DC3NX5,,,,
2981949,DC3NX4T,,,,
2981948,DC3NX4,,,,
2981947,DC3NX3T,,,,
2981946,DC3NX3,,,,
2981945,DC5BXLT,,,,
2981944,DC5BXL,,,,
2981943,DC5BX2T,,,,
2981942,DC5BX2,,,,
2981941,DC5BS,,,,
2981940,DC5BM,,,,
2981939,DC5BLT,,,,
2981938,DC5BL,,,,
2981937,DC3NXLT,,,,
2981936,DC3NXL,,,,
2981935,DC3NX2T,,,,
2981934,DC3NX2,,,,
2981933,DC3NS,,,,
2981932,DC3NM,,,,
2981931,DC3NLT,,,,
2981930,DC3NL,,,,
2981929,BP4TX5T,,,,
2981928,BP4TX5,,,,
2981927,BP4TX4T,,,,
2981926,BP4TX4,,,,
2981925,BP4TX3T,,,,
2981924,BP4TX3,,,,
2981923,BP5BX5T,,,,
2981922,BP5BX5,,,,
2981921,BP5BX4T,,,,
2981920,BP5BX4,,,,
2981919,BP5BX3T,,,,
2981918,BP5BX3,,,,
2981917,BP3NX5T,,,,
2981916,BP3NX5,,,,
2981915,BP3NX4T,,,,
2981914,BP3NX4,,,,
2981913,BP3NX3T,,,,
2981912,BP3NX3,,,,
2981911,BP3GX5T,,,,
2981910,BP3GX5,,,,
2981909,BP3GX4T,,,,
2981908,BP3GX4,,,,
2981907,BP3GX3T,,,,
2981906,BP3GX3,,,,
2981905,PK5BX5T,,,,
2981904,PK5BX5,,,,
2981903,PK5BX4T,,,,
2981902,PK5BX4,,,,
2981901,PK5BX3T,,,,
2981900,PK5BX3,,,,
2981899,BP5BXLT,,,,
2981898,BP5BXL,,,,
2981897,BP5BX2T,,,,
2981896,BP5BX2,,,,
2981895,BP5BS,,,,
2981894,BP5BM,,,,
2981893,BP5BLT,,,,
2981892,BP5BL,,,,
2981891,PK3NX5T,,,,
2981890,PK3NX5,,,,
2981889,PK3NX4T,,,,
2981888,PK3NX4,,,,
2981887,PK3NX3T,,,,
2981886,PK3NX3,,,,
2981885,PK3GX5T,,,,
2981884,PK3GX5,,,,
2981883,PK3GX4T,,,,
2981882,PK3GX4,,,,
2981881,PK3GX3T,,,,
2981880,PK3GX3,,,,
2981879,BP4TXLT,,,,
2981878,BP4TXL,,,,
2981877,BP4TX2T,,,,
2981876,BP4TX2,,,,
2981875,BP4TS,,,,
2981874,BP4TM,,,,
2981873,BP4TLT,,,,
2981872,BP4TL,,,,
2981871,BP3NXLT,,,,
2981870,BP3NXL,,,,
2981869,BP3NX2T,,,,
2981868,BP3NX2,,,,
2981867,BP3NS,,,,
2981866,BP3NM,,,,
2981865,BP3NLT,,,,
2981864,BP3NL,,,,
2981863,BP3GXLT,,,,
2981862,BP3GXL,,,,
2981861,BP3GX2T,,,,
2981860,BP3GX2,,,,
2981859,BP3GS,,,,
2981858,BP3GM,,,,
2981857,BP3GLT,,,,
2981856,BP3GL,,,,
2981855,PK5BXLT,,,,
2981854,PK5BXL,,,,
2981853,PK5BX2T,,,,
2981852,PK5BX2,,,,
2981851,PK5BS,,,,
2981850,PK5BM,,,,
2981849,PK5BLT,,,,
2981848,PK5BL,,,,
2981847,B3NX5T,,,,
2981846,B3NX5,,,,
2981845,B3NX4T,,,,
2981844,B3NX4,,,,
2981843,B3NX3T,,,,
2981842,B3NX3,,,,
2981841,PK3NXLT,,,,
2981840,PK3NXL,,,,
2981839,PK3NX2T,,,,
2981838,PK3NX2,,,,
2981837,PK3NS,,,,
2981836,PK3NM,,,,
2981835,PK3NLT,,,,
2981834,PK3NL,,,,
2981833,PK3GXLT,,,,
2981832,PK3GXL,,,,
2981831,PK3GX2T,,,,
2981830,PK3GX2,,,,
2981829,PK3GS,,,,
2981828,PK3GM,,,,
2981827,PK3GLT,,,,
2981826,PK3GL,,,,
2981825,B3NXLT,,,,
2981824,B3NXL,,,,
2981823,B3NX2T,,,,
2981822,B3NX2,,,,
2981821,B3NS,,,,
2981820,B3NM,,,,
2981819,B3NLT,,,,
2981818,B3NL,,,,
2981817,SS2BKX5,,,,
2981816,SS2BKX4,,,,
2981815,SS2BKX3,,,,
2981814,SS1NX5,,,,
2981813,SS1NX4,,,,
2981812,SS1NX3,,,,
2981811,DC4B66T,,,,
2981810,DC4B64T,,,,
2981809,DC4B62T,,,,
2981808,DC4B60T,,,,
2981807,DC4B60,,,,
2981806,DC4B58T,,,,
2981805,DC4B58,,,,
2981804,BJ38JHX5,,,,
2981803,SS2BKXL,,,,
2981802,SS2BKX2,,,,
2981801,SS2BKS,,,,
2981800,SS2BKM,,,,
2981799,SS2BKL,,,,
2981798,SS1NXL,,,,
2981797,SS1NX2,,,,
2981796,SS1NS,,,,
2981795,SS1NM,,,,
2981794,SS1NL,,,,
2981793,BJ38JHX4,,,,
2981792,BJ38JHX3,,,,
2981791,DC1RR66T,,,,
2981790,DC1RR64T,,,,
2981789,DC1RR62T,,,,
2981788,DC1RR60T,,,,
2981787,DC1RR60,,,,
2981786,DC1RR58T,,,,
2981785,DC1RR58,,,,
2981784,DC1RG66T,,,,
2981783,DC1RG64T,,,,
2981782,DC1RG62T,,,,
2981781,DC1RG60T,,,,
2981780,DC1RG60,,,,
2981779,DC1RG58T,,,,
2981778,DC1RG58,,,,
2981777,BJ38JHX2,,,,
2981776,DC4B56T,,,,
2981775,DC4B56,,,,
2981774,DC4B54T,,,,
2981773,DC4B54,,,,
2981772,DC4B52T,,,,
2981771,DC4B52,,,,
2981770,DC4B50T,,,,
2981769,DC4B50,,,,
2981768,DC4B48T,,,,
2981767,DC4B48,,,,
2981766,DC4B46T,,,,
2981765,DC4B46,,,,
2981764,DC4B44T,,,,
2981763,DC4B44,,,,
2981762,DC4B42T,,,,
2981761,DC4B42,,,,
2981760,DC4B40T,,,,
2981759,DC4B40,,,,
2981758,DC4B38T,,,,
2981757,DC4B38,,,,
2981756,DC4B36T,,,,
2981755,DC4B36,,,,
2981754,DC4B34,,,,
2981753,DC1RR56T,,,,
2981752,DC1RR56,,,,
2981751,DC1RR54T,,,,
2981750,DC1RR54,,,,
2981749,DC1RR52T,,,,
2981748,DC1RR52,,,,
2981747,DC1RG56T,,,,
2981746,DC1RG56,,,,
2981745,DC1RG54T,,,,
2981744,DC1RG54,,,,
2981743,DC1RG52T,,,,
2981742,DC1RG52,,,,
2981741,BJ38JHXL,,,,
2981740,BJ38JHM,,,,
2981739,BJ38JHL,,,,
2981738,DC1RR50T,,,,
2981737,DC1RR50,,,,
2981736,DC1RR48T,,,,
2981735,DC1RR48,,,,
2981734,DC1RR46T,,,,
2981733,DC1RR46,,,,
2981732,DC1RR44T,,,,
2981731,DC1RR44,,,,
2981730,DC1RR42T,,,,
2981729,DC1RR42,,,,
2981728,DC1RR40T,,,,
2981727,DC1RR40,,,,
2981726,DC1RR38T,,,,
2981725,DC1RR38,,,,
2981724,DC1RR36T,,,,
2981723,DC1RR36,,,,
2981722,DC1RR34,,,,
2981721,DC1RG50T,,,,
2981720,DC1RG50,,,,
2981719,DC1RG48T,,,,
2981718,DC1RG48,,,,
2981717,DC1RG46T,,,,
2981716,DC1RG46,,,,
2981715,DC1RG44T,,,,
2981714,DC1RG44,,,,
2981713,DC1RG42T,,,,
2981712,DC1RG42,,,,
2981711,DC1RG40T,,,,
2981710,DC1RG40,,,,
2981709,DC1RG38T,,,,
2981708,DC1RG38,,,,
2981707,DC1RG36T,,,,
2981706,DC1RG36,,,,
2981705,DC1RG34,,,,
2981704,5182SX4,,,,
2981703,DC1T66T,,,,
2981702,DC1T64T,,,,
2981701,DC1T62T,,,,
2981700,DC1T60T,,,,
2981699,DC1T60,,,,
2981698,DC1T58T,,,,
2981697,DC1T58,,,,
2981696,DC1R66T,,,,
2981695,DC1R64T,,,,
2981694,DC1R62T,,,,
2981693,DC1R60T,,,,
2981692,DC1R60,,,,
2981691,DC1R58T,,,,
2981690,DC1R58,,,,
2981689,DC1N66T,,,,
2981688,DC1N64T,,,,
2981687,DC1N62T,,,,
2981686,DC1N60T,,,,
2981685,DC1N60,,,,
2981684,DC1N58T,,,,
2981683,DC1N58,,,,
2981682,DC1G66T,,,,
2981681,DC1G64T,,,,
2981680,DC1G62T,,,,
2981679,DC1G60T,,,,
2981678,DC1G60,,,,
2981677,DC1G58T,,,,
2981676,DC1G58,,,,
2981675,DC1B66T,,,,
2981674,DC1B64T,,,,
2981673,DC1B62T,,,,
2981672,DC1B60T,,,,
2981671,DC1B60,,,,
2981670,DC1B58T,,,,
2981669,DC1B58,,,,
2981668,5182SX3,,,,
2981667,DC1T56T,,,,
2981666,DC1T56,,,,
2981665,DC1T54T,,,,
2981664,DC1T54,,,,
2981663,DC1T52T,,,,
2981662,DC1T52,,,,
2981661,DC1R56T,,,,
2981660,DC1R56,,,,
2981659,DC1R54T,,,,
2981658,DC1R54,,,,
2981657,DC1R52T,,,,
2981656,DC1R52,,,,
2981655,DC1N56T,,,,
2981654,DC1N56,,,,
2981653,DC1N54T,,,,
2981652,DC1N54,,,,
2981651,DC1N52T,,,,
2981650,DC1N52,,,,
2981649,DC1G56T,,,,
2981648,DC1G56,,,,
2981647,DC1G54T,,,,
2981646,DC1G54,,,,
2981645,DC1G52T,,,,
2981644,DC1G52,,,,
2981643,DC1B56T,,,,
2981642,DC1B56,,,,
2981641,DC1B54T,,,,
2981640,DC1B54,,,,
2981639,DC1B52T,,,,
2981638,DC1B52S,,,,
2981637,DC1B52,,,,
2981636,5182SX2,,,,
2981635,BPCL3LX4,,,,
2981634,DC1T50T,,,,
2981633,DC1T50,,,,
2981632,DC1T48T,,,,
2981631,DC1T48,,,,
2981630,DC1T46T,,,,
2981629,DC1T46,,,,
2981628,DC1T44T,,,,
2981627,DC1T44,,,,
2981626,DC1T42T,,,,
2981625,DC1T42,,,,
2981624,DC1T40T,,,,
2981623,DC1T40,,,,
2981622,DC1T38T,,,,
2981621,DC1T38,,,,
2981620,DC1T36T,,,,
2981619,DC1T36,,,,
2981618,DC1T34,,,,
2981617,DC1R50T,,,,
2981616,DC1R50,,,,
2981615,DC1R48T,,,,
2981614,DC1R48,,,,
2981613,DC1R46T,,,,
2981612,DC1R46,,,,
2981611,DC1R44T,,,,
2981610,DC1R44,,,,
2981609,DC1R42T,,,,
2981608,DC1R42,,,,
2981607,DC1R40T,,,,
2981606,DC1R40,,,,
2981605,DC1R38T,,,,
2981604,DC1R38,,,,
2981603,DC1R36T,,,,
2981602,DC1R36,,,,
2981601,DC1R34,,,,
2981600,DC1N50T,,,,
2981599,DC1N50,,,,
2981598,DC1N48T,,,,
2981597,DC1N48,,,,
2981596,DC1N46T,,,,
2981595,DC1N46,,,,
2981594,DC1N44T,,,,
2981593,DC1N44,,,,
2981592,DC1N42T,,,,
2981591,DC1N42,,,,
2981590,DC1N40T,,,,
2981589,DC1N40,,,,
2981588,DC1N38T,,,,
2981587,DC1N38,,,,
2981586,DC1N36T,,,,
2981585,DC1N36,,,,
2981584,DC1N34,,,,
2981583,DC1G50T,,,,
2981582,DC1G50,,,,
2981581,DC1G48T,,,,
2981580,DC1G48,,,,
2981579,DC1G46T,,,,
2981578,DC1G46,,,,
2981577,DC1G44T,,,,
2981576,DC1G44,,,,
2981575,DC1G42T,,,,
2981574,DC1G42,,,,
2981573,DC1G40T,,,,
2981572,DC1G40,,,,
2981571,DC1G38T,,,,
2981570,DC1G38,,,,
2981569,DC1G36T,,,,
2981568,DC1G36,,,,
2981567,DC1G34,,,,
2981566,DC1B50T,,,,
2981565,DC1B50,,,,
2981564,DC1B48T,,,,
2981563,DC1B48,,,,
2981562,DC1B46T,,,,
2981561,DC1B46,,,,
2981560,DC1B44T,,,,
2981559,DC1B44,,,,
2981558,DC1B42T,,,,
2981557,DC1B42,,,,
2981556,DC1B40T,,,,
2981555,DC1B40,,,,
2981554,DC1B38T,,,,
2981553,DC1B38,,,,
2981552,DC1B36T,,,,
2981551,DC1B36,,,,
2981550,DC1B34,,,,
2981549,5182SXL,,,,
2981548,5182SM,,,,
2981547,5182SL,,,,
2981546,BPCL3LX3,,,,
2981545,5182X4,,,,
2981544,8402X5,,,,
2981543,BPCL3LX2,,,,
2981542,38030MWXXXL,,,,
2981541,5182X3,,,,
2981540,8402X4,,,,
2981539,BPCL3LXL,,,,
2981538,BPCL3LL,,,,
2981537,CC1T66T,,,,
2981536,CC1T64T,,,,
2981535,CC1T62T,,,,
2981534,CC1T60T,,,,
2981533,CC1T60,,,,
2981532,CC1T58T,,,,
2981531,CC1T58,,,,
2981530,CC1R66T,,,,
2981529,CC1R64T,,,,
2981528,CC1R62T,,,,
2981527,CC1R60T,,,,
2981526,CC1R60,,,,
2981525,CC1R58T,,,,
2981524,CC1R58,,,,
2981523,CC1N66T,,,,
2981522,CC1N64T,,,,
2981521,CC1N62T,,,,
2981520,CC1N60T,,,,
2981519,CC1N60,,,,
2981518,CC1N58T,,,,
2981517,CC1N58,,,,
2981516,CC1G66T,,,,
2981515,CC1G64T,,,,
2981514,CC1G62T,,,,
2981513,CC1G60T,,,,
2981512,CC1G60,,,,
2981511,CC1G58T,,,,
2981510,CC1G58,,,,
2981509,CC1B66T,,,,
2981508,CC1B64T,,,,
2981507,CC1B62T,,,,
2981506,CC1B60T,,,,
2981505,CC1B60,,,,
2981504,CC1B58T,,,,
2981503,CC1B58,,,,
2981502,5182X2,,,,
2981501,38030MWXXL,,,,
2981500,8402X3,,,,
2981499,5182XL,,,,
2981498,5182M,,,,
2981497,5182L,,,,
2981496,CC1T56T,,,,
2981495,CC1T56,,,,
2981494,CC1T54T,,,,
2981493,CC1T54,,,,
2981492,CC1T52T,,,,
2981491,CC1T52,,,,
2981490,CC1R56T,,,,
2981489,CC1R56,,,,
2981488,CC1R54T,,,,
2981487,CC1R54,,,,
2981486,CC1R52T,,,,
2981485,CC1R52,,,,
2981484,CC1N56T,,,,
2981483,CC1N56,,,,
2981482,CC1N54T,,,,
2981481,CC1N54,,,,
2981480,CC1N52T,,,,
2981479,CC1N52,,,,
2981478,CC1G56T,,,,
2981477,CC1G56,,,,
2981476,CC1G54T,,,,
2981475,CC1G54,,,,
2981474,CC1G52T,,,,
2981473,CC1G52,,,,
2981472,CC1B56T,,,,
2981471,CC1B56,,,,
2981470,CC1B54T,,,,
2981469,CC1B54,,,,
2981468,CC1B52T,,,,
2981467,CC1B52,,,,
2981466,VT38JHXL,,,,
2981465,VT38JHX5,,,,
2981464,VT38JHX4,,,,
2981463,VT38JHX3,,,,
2981462,VT38JHX2,,,,
2981461,VT38JHS,,,,
2981460,VT38JHM,,,,
2981459,VT38JHL,,,,
2981458,8402X2,,,,
2981457,598SJHX4,,,,
2981456,BJ38BPX5,,,,
2981455,38030MWXL,,,,
2981454,CC2T66T,,,,
2981453,CC2T64T,,,,
2981452,CC2T62T,,,,
2981451,CC2T60T,,,,
2981450,CC2T60,,,,
2981449,CC2T58T,,,,
2981448,CC2T58,,,,
2981447,CC2N66T,,,,
2981446,CC2N64T,,,,
2981445,CC2N62T,,,,
2981444,CC2N60T,,,,
2981443,CC2N60,,,,
2981442,CC2N58T,,,,
2981441,CC2N58,,,,
2981440,CC1T50T,,,,
2981439,CC1T50,,,,
2981438,CC1T48T,,,,
2981437,CC1T48,,,,
2981436,CC1T46T,,,,
2981435,CC1T46,,,,
2981434,CC1T44T,,,,
2981433,CC1T44,,,,
2981432,CC1T42T,,,,
2981431,CC1T42,,,,
2981430,CC1T40T,,,,
2981429,CC1T40,,,,
2981428,CC1T38T,,,,
2981427,CC1T38,,,,
2981426,CC1T36T,,,,
2981425,CC1T36,,,,
2981424,CC1T34,,,,
2981423,CC1R50T,,,,
2981422,CC1R50,,,,
2981421,CC1R48T,,,,
2981420,CC1R48,,,,
2981419,CC1R46T,,,,
2981418,CC1R46,,,,
2981417,CC1R44T,,,,
2981416,CC1R44,,,,
2981415,CC1R42T,,,,
2981414,CC1R42,,,,
2981413,CC1R40T,,,,
2981412,CC1R40,,,,
2981411,CC1R38T,,,,
2981410,CC1R38,,,,
2981409,CC1R36T,,,,
2981408,CC1R36,,,,
2981407,CC1R34,,,,
2981406,CC1N50T,,,,
2981405,CC1N50,,,,
2981404,CC1N48T,,,,
2981403,CC1N48,,,,
2981402,CC1N46T,,,,
2981401,CC1N46,,,,
2981400,CC1N44T,,,,
2981399,CC1N44,,,,
2981398,CC1N42T,,,,
2981397,CC1N42,,,,
2981396,CC1N40T,,,,
2981395,CC1N40,,,,
2981394,CC1N38T,,,,
2981393,CC1N38,,,,
2981392,CC1N36T,,,,
2981391,CC1N36,,,,
2981390,CC1N34,,,,
2981389,CC1G50T,,,,
2981388,CC1G50,,,,
2981387,CC1G48T,,,,
2981386,CC1G48,,,,
2981385,CC1G46T,,,,
2981384,CC1G46,,,,
2981383,CC1G44T,,,,
2981382,CC1G44,,,,
2981381,CC1G42T,,,,
2981380,CC1G42,,,,
2981379,CC1G40T,,,,
2981378,CC1G40,,,,
2981377,CC1G38T,,,,
2981376,CC1G38,,,,
2981375,CC1G36T,,,,
2981374,CC1G36,,,,
2981373,CC1G34,,,,
2981372,CC1B50T,,,,
2981371,CC1B50,,,,
2981370,CC1B48T,,,,
2981369,CC1B48,,,,
2981368,CC1B46T,,,,
2981367,CC1B46,,,,
2981366,CC1B44T,,,,
2981365,CC1B44,,,,
2981364,CC1B42T,,,,
2981363,CC1B42,,,,
2981362,CC1B40T,,,,
2981361,CC1B40,,,,
2981360,CC1B38T,,,,
2981359,CC1B38,,,,
2981358,CC1B36T,,,,
2981357,CC1B36,,,,
2981356,CC1B34,,,,
2981355,38030MWM,,,,
2981354,38030MWL,,,,
2981353,8402XL,,,,
2981352,8402S,,,,
2981351,8402M,,,,
2981350,8402L,,,,
2981349,598SJHX3,,,,
2981348,BJ38BPX4,,,,
2981347,598SJHX2,,,,
2981346,598RJHX4,,,,
2981345,BRCL3LXL,,,,
2981344,BRCL3LX4,,,,
2981343,BRCL3LX3,,,,
2981342,BRCL3LX2,,,,
2981341,BRCL3LM,,,,
2981340,BRCL3LL,,,,
2981339,2013CL3X2,,,,
2981338,BJ38BPX3,,,,
2981337,BBCL3LX4,,,,
2981336,598RJHX3,,,,
2981335,598SJHXL,,,,
2981334,598SJHM,,,,
2981333,598SJHL,,,,
2981332,591SJHX4,,,,
2981331,CC2T56T,,,,
2981330,CC2T56,,,,
2981329,CC2T54T,,,,
2981328,CC2T54,,,,
2981327,CC2T52T,,,,
2981326,CC2T52,,,,
2981325,CC2N56T,,,,
2981324,CC2N56,,,,
2981323,CC2N54T,,,,
2981322,CC2N54,,,,
2981321,CC2N52T,,,,
2981320,CC2N52,,,,
2981319,BJ38BPX2,,,,
2981318,SF101D,,,,
2981317,2013CL3L,,,,
2981316,BBCL3LX3,,,,
2981315,UT38JHXL,,,,
2981314,UT38JHX5,,,,
2981313,UT38JHX4,,,,
2981312,UT38JHX3,,,,
2981311,UT38JHX2,,,,
2981310,UT38JHS,,,,
2981309,UT38JHM,,,,
2981308,UT38JHL,,,,
2981307,598RJHX2,,,,
2981306,591SJHX3,,,,
2981305,518CX4,,,,
2981304,H1TX5,,,,
2981303,H1TX4,,,,
2981302,H1TX3,,,,
2981301,H1NX5,,,,
2981300,H1NX4,,,,
2981299,H1NX3,,,,
2981298,H1GX5,,,,
2981297,H1GX4,,,,
2981296,H1GX3,,,,
2981295,BBCL3LX2,,,,
2981294,BJ38BPXL,,,,
2981293,BJ38BPM,,,,
2981292,BJ38BPL,,,,
2981291,BP2CL3OXL,,,,
2981290,BP2CL3OX5,,,,
2981289,BP2CL3OX4,,,,
2981288,BP2CL3OX3,,,,
2981287,BP2CL3OX2,,,,
2981286,BP2CL3OM,,,,
2981285,BP2CL3OL,,,,
2981284,598RJHXL,,,,
2981283,598RJHM,,,,
2981282,598RJHL,,,,
2981281,591SJHX2,,,,
2981280,518CX3,,,,
2981279,BBCL3LXL,,,,
2981278,BBCL3LL,,,,
2981277,598SPWX4,,,,
2981276,201CL3X3,,,,
2981275,FRMCL2MLXL,,,,
2981274,FRMCL2MLX4,,,,
2981273,FRMCL2MLX3,,,,
2981272,FRMCL2MLX2,,,,
2981271,FRMCL2MLM,,,,
2981270,FRMCL2MLL,,,,
2981269,BMRCL3LX4,,,,
2981268,591SJHXL,,,,
2981267,591SJHM,,,,
2981266,591SJHL,,,,
2981265,38063,,,,
2981264,CC2T50T,,,,
2981263,CC2T50,,,,
2981262,CC2T48T,,,,
2981261,CC2T48,,,,
2981260,CC2T46T,,,,
2981259,CC2T46,,,,
2981258,CC2T44T,,,,
2981257,CC2T44,,,,
2981256,CC2T42T,,,,
2981255,CC2T42,,,,
2981254,CC2T40T,,,,
2981253,CC2T40,,,,
2981252,CC2T38T,,,,
2981251,CC2T38,,,,
2981250,CC2T36T,,,,
2981249,CC2T36,,,,
2981248,CC2T34,,,,
2981247,CC2N50T,,,,
2981246,CC2N50,,,,
2981245,CC2N48T,,,,
2981244,CC2N48,,,,
2981243,CC2N46T,,,,
2981242,CC2N46S,,,,
2981241,CC2N46,,,,
2981240,CC2N44T,,,,
2981239,CC2N44,,,,
2981238,CC2N42T,,,,
2981237,CC2N42,,,,
2981236,CC2N40T,,,,
2981235,CC2N40,,,,
2981234,CC2N38T,,,,
2981233,CC2N38,,,,
2981232,CC2N36T,,,,
2981231,CC2N36,,,,
2981230,CC2N34,,,,
2981229,800CNX4,,,,
2981228,VT38BPXL,,,,
2981227,VT38BPX5,,,,
2981226,VT38BPX4,,,,
2981225,VT38BPX3,,,,
2981224,VT38BPX2,,,,
2981223,VT38BPS,,,,
2981222,VT38BPM,,,,
2981221,VT38BPL,,,,
2981220,598SPWX3,,,,
2981219,518CX2,,,,
2981218,201CL3X2,,,,
2981217,FRMBCL2LXL,,,,
2981216,FRMBCL2LX4,,,,
2981215,FRMBCL2LX3,,,,
2981214,FRMBCL2LX2,,,,
2981213,FRMBCL2LM,,,,
2981212,FRMBCL2LL,,,,
2981211,598RPWX4,,,,
2981210,5182YX4,,,,
2981209,FRMCL2LXL,,,,
2981208,FRMCL2LX4,,,,
2981207,FRMCL2LX3,,,,
2981206,FRMCL2LX2,,,,
2981205,FRMCL2LM,,,,
2981204,FRMCL2LL,,,,
2981203,2013RX5,,,,
2981202,BMRCL3LX3,,,,
2981201,598SPWX2,,,,
2981200,518CXL,,,,
2981199,518CM,,,,
2981198,518CL,,,,
2981197,38100MWXXXL,,,,
2981196,201CL3S,,,,
2981195,P1D5036,,,,
2981194,P1D5034,,,,
2981193,P1D5032,,,,
2981192,P1D5030,,,,
2981191,P1D4836,,,,
2981190,P1D4834,,,,
2981189,P1D4832,,,,
2981188,P1D4830,,,,
2981187,P1D4636,,,,
2981186,P1D4634,,,,
2981185,P1D4632,,,,
2981184,P1D4630,,,,
2981183,P1D4436,,,,
2981182,P1D4434,,,,
2981181,P1D4432,,,,
2981180,P1D4430,,,,
2981179,P1D4236,,,,
2981178,P1D4234,,,,
2981177,P1D4232,,,,
2981176,P1D4230,,,,
2981175,P1D4036,,,,
2981174,P1D4034,,,,
2981173,P1D4032,,,,
2981172,P1D4030,,,,
2981171,P1D3836,,,,
2981170,P1D3834,,,,
2981169,P1D3832,,,,
2981168,P1D3830,,,,
2981167,P1D3636,,,,
2981166,P1D3634,,,,
2981165,P1D3632,,,,
2981164,P1D3630,,,,
2981163,P1D3436,,,,
2981162,P1D3434,,,,
2981161,P1D3432,,,,
2981160,P1D3430,,,,
2981159,P1D3236,,,,
2981158,P1D3234,,,,
2981157,P1D3232,,,,
2981156,P1D3230,,,,
2981155,P1D3036,,,,
2981154,P1D3034,,,,
2981153,P1D3032,,,,
2981152,P1D3030,,,,
2981151,P1D2834,,,,
2981150,P1D2832,,,,
2981149,P1D2830,,,,
2981148,800CNX3,,,,
2981147,598RPWX3,,,,
2981146,5182YX3,,,,
2981145,201CL3XL,,,,
2981144,201CL3M,,,,
2981143,201CL3L,,,,
2981142,S1TX4T,,,,
2981141,S1TX4,,,,
2981140,S1TX3T,,,,
2981139,S1TX3,,,,
2981138,S1NX4T,,,,
2981137,S1NX4,,,,
2981136,S1NX3T,,,,
2981135,S1NX3,,,,
2981134,S1GX4T,,,,
2981133,S1GX4,,,,
2981132,S1GX3T,,,,
2981131,S1GX3,,,,
2981130,H1TXL,,,,
2981129,H1TX2,,,,
2981128,H1TS,,,,
2981127,H1TM,,,,
2981126,H1TL,,,,
2981125,H1NXL,,,,
2981124,H1NX2,,,,
2981123,H1NS,,,,
2981122,H1NM,,,,
2981121,H1NL,,,,
2981120,H1GXL,,,,
2981119,H1GX2,,,,
2981118,H1GS,,,,
2981117,H1GM,,,,
2981116,H1GL,,,,
2981115,598SPWXL,,,,
2981114,598SPWM,,,,
2981113,598SPWL,,,,
2981112,591SPWX4,,,,
2981111,2013RX4,,,,
2981110,BMRCL3LX2,,,,
2981109,800CNX2,,,,
2981108,5182YXL,,,,
2981107,5182YX2,,,,
2981106,5182YM,,,,
2981105,5182YL,,,,
2981104,38100MWXXL,,,,
2981103,2083SRX4,,,,
2981102,598RPWX2,,,,
2981101,591SPWX3,,,,
2981100,2013RX3,,,,
2981099,UT38BPXL,,,,
2981098,UT38BPX5,,,,
2981097,UT38BPX4,,,,
2981096,UT38BPX3,,,,
2981095,UT38BPX2,,,,
2981094,UT38BPS,,,,
2981093,UT38BPM,,,,
2981092,UT38BPL,,,,
2981091,BMRCL3LXL,,,,
2981090,BMRCL3LL,,,,
2981089,800CNXL,,,,
2981088,800CNM,,,,
2981087,800CNL,,,,
2981086,597JHX4,,,,
2981085,38100MWXL,,,,
2981084,2083SRX3,,,,
2981083,7368CRX3,,,,
2981082,591SPWX2,,,,
2981081,2013RX2,,,,
2981080,S1TXLT,,,,
2981079,S1TXL,,,,
2981078,S1TX2T,,,,
2981077,S1TX2,,,,
2981076,S1TMT,,,,
2981075,S1TM,,,,
2981074,S1TLT,,,,
2981073,S1TL,,,,
2981072,S1NXLT,,,,
2981071,S1NXL,,,,
2981070,S1NX2T,,,,
2981069,S1NX2,,,,
2981068,S1NMT,,,,
2981067,S1NM,,,,
2981066,S1NLT,,,,
2981065,S1NL,,,,
2981064,S1GXLT,,,,
2981063,S1GXL,,,,
2981062,S1GX2T,,,,
2981061,S1GX2,,,,
2981060,S1GMT,,,,
2981059,S1GM,,,,
2981058,S1GLT,,,,
2981057,S1GL,,,,
2981056,598RPWXL,,,,
2981055,598RPWM,,,,
2981054,598RPWL,,,,
2981053,597JHX3,,,,
2981052,591SPWXL,,,,
2981051,591SPWM,,,,
2981050,591SPWL,,,,
2981049,38100MWM,,,,
2981048,38100MWL,,,,
2981047,2083SRX2,,,,
2981046,BWCL2LX4,,,,
2981045,7368CRX2,,,,
2981044,2013RXL,,,,
2981043,2013RS,,,,
2981042,2013RM,,,,
2981041,2013RL,,,,
2981040,S2CL3LZXL,,,,
2981039,S2CL3LZX5,,,,
2981038,S2CL3LZX4,,,,
2981037,S2CL3LZX3,,,,
2981036,S2CL3LZX2,,,,
2981035,S2CL3LZM,,,,
2981034,S2CL3LZL,,,,
2981033,597JHX2,,,,
2981032,2083SRXL,,,,
2981031,2083SRS,,,,
2981030,2083SRM,,,,
2981029,2083SRL,,,,
2981028,800JHX4,,,,
2981027,PFCL3LS,,,,
2981026,BWCL2LX3,,,,
2981025,7368CRXL,,,,
2981024,7368CRM,,,,
2981023,7368CRL,,,,
2981022,597JHXL,,,,
2981021,597JHM,,,,
2981020,3882X7,,,,
2981019,800JNX4,,,,
2981018,500RJHX4,,,,
2981017,800JHX3,,,,
2981016,BWCL2LX2,,,,
2981015,BMRCL3LPX4,,,,
2981014,800JNX3,,,,
2981013,BMRCL3LPX3,,,,
2981012,3882X6,,,,
2981011,500RJHX3,,,,
2981010,800JHX2,,,,
2981009,BWCL2LXL,,,,
2981008,BWCL2LL,,,,
2981007,3882X5,,,,
2981006,500RJHX2,,,,
2981005,800JNX2,,,,
2981004,800JHXL,,,,
2981003,800JHS,,,,
2981002,800JHM,,,,
2981001,800JHL,,,,
2981000,BMRCL3LPX2,,,,
2980999,201CRX4,,,,
2980998,3981X4,,,,
2980997,BMRCL3LPXL,,,,
2980996,3981X3,,,,
2980995,3882X4,,,,
2980994,3881X5,,,,
2980993,800JNS,,,,
2980992,38600MW,,,,
2980991,550CX3,,,,
2980990,500RJHXL,,,,
2980989,500RJHS,,,,
2980988,500RJHM,,,,
2980987,500RJHL,,,,
2980986,800JNXL,,,,
2980985,800JNM,,,,
2980984,800JNL,,,,
2980983,3981X2,,,,
2980982,3902X5,,,,
2980981,201CRX3,,,,
2980980,3882X3,,,,
2980979,550CX2,,,,
2980978,201CRX2,,,,
2980977,3882X2,,,,
2980976,3881X4,,,,
2980975,SF101R,,,,
2980974,SF051D,,,,
2980973,340JX3,,,,
2980972,BMRCL3LPL,,,,
2980971,3981L,,,,
2980970,3902X4,,,,
2980969,201CRXL,,,,
2980968,201CRM,,,,
2980967,201CRL,,,,
2980966,3981XL,,,,
2980965,3981S,,,,
2980964,3981M,,,,
2980963,3881X3,,,,
2980962,38242MW,,,,
2980961,550CXL,,,,
2980960,550CM,,,,
2980959,550CL,,,,
2980958,3902X3,,,,
2980957,3882XL,,,,
2980956,3882S,,,,
2980955,3882M,,,,
2980954,3882L,,,,
2980953,3881X2,,,,
2980952,38236MW,,,,
2980951,340JX2,,,,
2980950,800BFX4,,,,
2980949,3902X2,,,,
2980948,800BPX3,,,,
2980947,800BFX3,,,,
2980946,3881XL,,,,
2980945,3881M,,,,
2980944,3881L,,,,
2980943,38142MW,,,,
2980942,7032X4,,,,
2980941,7032X3,,,,
2980940,340JXL,,,,
2980939,340JL,,,,
2980938,800BPX2,,,,
2980937,800BFX2,,,,
2980936,6003X3,,,,
2980935,3902XL,,,,
2980934,3902L,,,,
2980933,39045XL,,,,
2980932,7032X2,,,,
2980931,7002X2,,,,
2980930,800BPXL,,,,
2980929,800BPM,,,,
2980928,800BPL,,,,
2980927,FR267CRX7,,,,
2980926,6003X2,,,,
2980925,CL3SOVX4,,,,
2980924,38136MW,,,,
2980923,39045L,,,,
2980922,7032XL,,,,
2980921,7032S,,,,
2980920,7032M,,,,
2980919,7032L,,,,
2980918,7002M,,,,
2980917,7002L,,,,
2980916,500RPWX4,,,,
2980915,800BFXL,,,,
2980914,800BFS,,,,
2980913,800BFM,,,,
2980912,800BFL,,,,
2980911,SSCL3LZXL,,,,
2980910,SSCL3LZX5,,,,
2980909,SSCL3LZX4,,,,
2980908,SSCL3LZX3,,,,
2980907,SSCL3LZX2,,,,
2980906,SSCL3LZS,,,,
2980905,SSCL3LZM,,,,
2980904,SSCL3LZL,,,,
2980903,FR267CRX6,,,,
2980902,7002XL,,,,
2980901,6003XL,,,,
2980900,6003M,,,,
2980899,6003L,,,,
2980898,FR2603X7,,,,
2980897,CL3SOVX3,,,,
2980896,500RPWX3,,,,
2980895,FR267CRX5,,,,
2980894,38100M,,,,
2980893,3003X7,,,,
2980892,FR2603X6,,,,
2980891,PSV308A,,,,
2980890,PSV304A,,,,
2980889,PSV303A,,,,
2980888,CL3SOVXL,,,,
2980887,CL3SOVX2,,,,
2980886,CL3SOVL,,,,
2980885,550JX3,,,,
2980884,38130MW,,,,
2980883,39030X5,,,,
2980882,39030X4,,,,
2980881,500RPWX2,,,,
2980880,FR267CRX4,,,,
2980879,360CX3,,,,
2980878,3003X6,,,,
2980877,FR2603X5,,,,
2980876,SURVOVX4,,,,
2980875,PSV300A,,,,
2980874,550JX2,,,,
2980873,500RPWXL,,,,
2980872,500RPWM,,,,
2980871,500RPWL,,,,
2980870,FR267CRX3,,,,
2980869,388JHX5,,,,
2980868,360CX2,,,,
2980867,3003X5,,,,
2980866,FR2603X4,,,,
2980865,2603X6,,,,
2980864,SURVOVX3,,,,
2980863,550JXL,,,,
2980862,550JS,,,,
2980861,550JM,,,,
2980860,550JL,,,,
2980859,FR267CRXL,,,,
2980858,FR267CRX2,,,,
2980857,FR267CRM,,,,
2980856,FR267CRL,,,,
2980855,388JX3,,,,
2980854,388JHX4,,,,
2980853,388JHX3,,,,
2980852,360CXL,,,,
2980851,360CM,,,,
2980850,360CL,,,,
2980849,3003X4,,,,
2980848,2981X4,,,,
2980847,2013X3,,,,
2980846,FR2603X3,,,,
2980845,2603X5,,,,
2980844,LFTU708XL,,,,
2980843,LFTU708X4,,,,
2980842,LFTU708X3,,,,
2980841,LFTU708X2,,,,
2980840,LFTU708M,,,,
2980839,LFTU708L,,,,
2980838,CL2MOVX4,,,,
2980837,39030XXX,,,,
2980836,600CX2,,,,
2980835,388JX2,,,,
2980834,388JHX2,,,,
2980833,3003X3,,,,
2980832,2981X3,,,,
2980831,2013X2,,,,
2980830,9321,,,,
2980829,FR2603XL,,,,
2980828,FR2603X2,,,,
2980827,FR2603M,,,,
2980826,FR2603L,,,,
2980825,2603X4,,,,
2980824,WCCL2OFRX4,,,,
2980823,WCCL2OFRX3,,,,
2980822,PSV403,,,,
2980821,PSV402,,,,
2980820,LFTU707XL,,,,
2980819,LFTU707X4,,,,
2980818,LFTU707X3,,,,
2980817,LFTU707X2,,,,
2980816,LFTU707M,,,,
2980815,LFTU707L,,,,
2980814,CL2MOVX3,,,,
2980813,39030XXL,,,,
2980812,2403RX4,,,,
2980811,FR267CX5,,,,
2980810,600CXL,,,,
2980809,600CL,,,,
2980808,388JXL,,,,
2980807,388JM,,,,
2980806,388JL,,,,
2980805,388JHXL,,,,
2980804,388JHS,,,,
2980803,388JHM,,,,
2980802,388JHL,,,,
2980801,300CX6,,,,
2980800,3003X2,,,,
2980799,2981XL,,,,
2980798,2981X2,,,,
2980797,2981S,,,,
2980796,2981M,,,,
2980795,2981L,,,,
2980794,2013XL,,,,
2980793,2013M,,,,
2980792,2013L,,,,
2980791,2603X3,,,,
2980790,2603X2,,,,
2980789,WCCL2OFRXL,,,,
2980788,WCCL2OFRX2,,,,
2980787,WCCL2OFRM,,,,
2980786,WCCL2OFRL,,,,
2980785,WCCL2LFRX4,,,,
2980784,CL2MOVXL,,,,
2980783,CL2MOVX2,,,,
2980782,CL2MOVM,,,,
2980781,CL2MOVL,,,,
2980780,550BPX3,,,,
2980779,800S4P,,,,
2980778,39030XL,,,,
2980777,39030S,,,,
2980776,39030M,,,,
2980775,39030L,,,,
2980774,FR267CX4,,,,
2980773,300CX5,,,,
2980772,3003XL,,,,
2980771,3003S,,,,
2980770,3003M,,,,
2980769,3003L,,,,
2980768,2603M,,,,
2980767,2603L,,,,
2980766,2403RX3,,,,
2980765,201CX3,,,,
2980764,9318,,,,
2980763,2603XL,,,,
2980762,WCCL2LFRX3,,,,
2980761,SURVCL2POXL,,,,
2980760,SURVCL2POX4,,,,
2980759,SURVCL2POX3,,,,
2980758,SURVCL2POX2,,,,
2980757,SURVCL2POM,,,,
2980756,SURVCL2POL,,,,
2980755,SURVCL2PLXL,,,,
2980754,SURVCL2PLX4,,,,
2980753,SURVCL2PLX3,,,,
2980752,SURVCL2PLX2,,,,
2980751,SURVCL2PLM,,,,
2980750,SURVCL2PLL,,,,
2980749,550BPX2,,,,
2980748,39100XXX,,,,
2980747,38324MW,,,,
2980746,FR267CX3,,,,
2980745,300CX4,,,,
2980744,2403RX2,,,,
2980743,201CXL,,,,
2980742,201CX2,,,,
2980741,WCCL2LFRXL,,,,
2980740,WCCL2LFRX2,,,,
2980739,WCCL2LFRM,,,,
2980738,WCCL2LFRL,,,,
2980737,SURVCL2OXL,,,,
2980736,SURVCL2OX4,,,,
2980735,SURVCL2OX3,,,,
2980734,SURVCL2OX2,,,,
2980733,SURVCL2OM,,,,
2980732,SURVCL2OL,,,,
2980731,SURVCL2LXL,,,,
2980730,SURVCL2LX4,,,,
2980729,SURVCL2LX3,,,,
2980728,SURVCL2LX2,,,,
2980727,SURVCL2LM,,,,
2980726,SURVCL2LL,,,,
2980725,FTU708XL,,,,
2980724,FTU708X4,,,,
2980723,FTU708X3,,,,
2980722,FTU708X2,,,,
2980721,FTU708M,,,,
2980720,550BPXL,,,,
2980719,550BPM,,,,
2980718,550BPL,,,,
2980717,39100XXL,,,,
2980716,600JX3,,,,
2980715,340BPX2,,,,
2980714,201CM,,,,
2980713,FR267CXL,,,,
2980712,FR267CX2,,,,
2980711,FR267CM,,,,
2980710,FR267CL,,,,
2980709,FR2003X7,,,,
2980708,388BFX5,,,,
2980707,300CX3,,,,
2980706,267CX5,,,,
2980705,2403RXL,,,,
2980704,2403RM,,,,
2980703,2403RL,,,,
2980702,201CL,,,,
2980701,WCCL3LX4,,,,
2980700,VA221RX4,,,,
2980699,VA220RX4,,,,
2980698,LTSCL2LX4,,,,
2980697,FTU707X4,,,,
2980696,FTU707X3,,,,
2980695,FTU707X2,,,,
2980694,CL2MOPFRXL,,,,
2980693,CL2MOPFRX4,,,,
2980692,CL2MOPFRX3,,,,
2980691,CL2MOPFRX2,,,,
2980690,CL2MOPFRM,,,,
2980689,CL2MOPFRL,,,,
2980688,CL2MLPFRXL,,,,
2980687,CL2MLPFRX4,,,,
2980686,CL2MLPFRX3,,,,
2980685,CL2MLPFRX2,,,,
2980684,CL2MLPFRM,,,,
2980683,CL2MLPFRL,,,,
2980682,38318MW,,,,
2980681,600JX2,,,,
2980680,FR2003X6,,,,
2980679,388BFX4,,,,
2980678,388BFX3,,,,
2980677,300CXL,,,,
2980676,300CX2,,,,
2980675,300CS,,,,
2980674,300CM,,,,
2980673,300CL,,,,
2980672,267CX4,,,,
2980671,260CX5,,,,
2980670,260CX4,,,,
2980669,WCCL3OXL,,,,
2980668,WCCL3OX3,,,,
2980667,WCCL3OX2,,,,
2980666,WCCL3OL,,,,
2980665,WCCL3LXL,,,,
2980664,WCCL3LX3,,,,
2980663,WCCL3LX2,,,,
2980662,WCCL3LL,,,,
2980661,VA221RXL,,,,
2980660,VA221RX3,,,,
2980659,VA221RX2,,,,
2980658,VA221RL,,,,
2980657,VA220RXL,,,,
2980656,VA220RX3,,,,
2980655,VA220RX2,,,,
2980654,VA220RL,,,,
2980653,LTSCL2LX3,,,,
2980652,39100XL,,,,
2980651,39100S,,,,
2980650,39100M,,,,
2980649,39100L,,,,
2980648,600JXL,,,,
2980647,600JM,,,,
2980646,600JL,,,,
2980645,400JX3,,,,
2980644,FR2003X5,,,,
2980643,FR2003X4,,,,
2980642,388BFX2,,,,
2980641,267CX3,,,,
2980640,267CX2,,,,
2980639,260CX3,,,,
2980638,260CX2,,,,
2980637,2413X5,,,,
2980636,WCCL2LAX,,,,
2980635,LTSCL2LXL,,,,
2980634,LTSCL2LX2,,,,
2980633,LTSCL2LM,,,,
2980632,LTSCL2LL,,,,
2980631,CL2MOPX4,,,,
2980630,400JX2,,,,
2980629,300JX5,,,,
2980628,260CS,,,,
2980627,FR2003X3,,,,
2980626,388BFXL,,,,
2980625,388BFM,,,,
2980624,388BFL,,,,
2980623,267CXL,,,,
2980622,267CS,,,,
2980621,267CM,,,,
2980620,267CL,,,,
2980619,260CXL,,,,
2980618,260CM,,,,
2980617,260CL,,,,
2980616,2413X4,,,,
2980615,2413X3,,,,
2980614,9312,,,,
2980613,WCCL2LA,,,,
2980612,SURVCL3OXL,,,,
2980611,SURVCL3OX4,,,,
2980610,SURVCL3OX3,,,,
2980609,SURVCL3OX2,,,,
2980608,SURVCL3OM,,,,
2980607,SURVCL3OL,,,,
2980606,SURVCL3LX4,,,,
2980605,SURVCL3LX3,,,,
2980604,PSV200X4,,,,
2980603,PSV200X3,,,,
2980602,CL3MLX4,,,,
2980601,CL3MLX3,,,,
2980600,CL2MOPXL,,,,
2980599,CL2MOPX3,,,,
2980598,CL2MOPX2,,,,
2980597,CL2MOPM,,,,
2980596,CL2MOPL,,,,
2980595,CL2MLPXL,,,,
2980594,CL2MLPX4,,,,
2980593,CL2MLPX3,,,,
2980592,CL2MLPX2,,,,
2980591,CL2MLPM,,,,
2980590,CL2MLPL,,,,
2980589,38120MW,,,,
2980588,400JM,,,,
2980587,SURVCL3LXL,,,,
2980586,SURVCL3LX2,,,,
2980585,SURVCL3LM,,,,
2980584,SURVCL3LL,,,,
2980583,600BPX3,,,,
2980582,600BPX2,,,,
2980581,400JXL,,,,
2980580,400JL,,,,
2980579,300JX4,,,,
2980578,FR2003XL,,,,
2980577,FR2003X2,,,,
2980576,FR2003M,,,,
2980575,FR2003L,,,,
2980574,2413XL,,,,
2980573,2413X2,,,,
2980572,2413M,,,,
2980571,2413L,,,,
2980570,STSCL2MSLX4,,,,
2980569,TSCL2OM,,,,
2980568,PSV200X2,,,,
2980567,CL3MLXL,,,,
2980566,CL3MLX2,,,,
2980565,CL3MLL,,,,
2980564,CL2OCX4,,,,
2980563,CL2OCX3,,,,
2980562,38114MW,,,,
2980561,600BPXL,,,,
2980560,600BPM,,,,
2980559,600BPL,,,,
2980558,300JX3,,,,
2980557,300JX2,,,,
2980556,300JHX3,,,,
2980555,300JHX2,,,,
2980554,9382XS,,,,
2980553,9382XL,,,,
2980552,9382S,,,,
2980551,9382M,,,,
2980550,9382L,,,,
2980549,9381XRH,,,,
2980548,9381XLH,,,,
2980547,2473X3,,,,
2980546,2433X3,,,,
2980545,STSCL2MSLXL,,,,
2980544,STSCL2MSLX3,,,,
2980543,STSCL2MSLX2,,,,
2980542,STSCL2MSLM,,,,
2980541,STSCL2MSLL,,,,
2980540,STSCL2MLX4,,,,
2980539,STSCL2MLX3,,,,
2980538,39142,,,,
2980537,VWCCL2OFRXL,,,,
2980536,VWCCL2OFRX4,,,,
2980535,VWCCL2OFRX3,,,,
2980534,VWCCL2OFRX2,,,,
2980533,VWCCL2OFRM,,,,
2980532,VWCCL2OFRL,,,,
2980531,VWCCL2LFRXL,,,,
2980530,VWCCL2LFRX4,,,,
2980529,VWCCL2LFRX3,,,,
2980528,VWCCL2LFRX2,,,,
2980527,VWCCL2LFRM,,,,
2980526,VWCCL2LFRL,,,,
2980525,HS201VX4,,,,
2980524,HS200VX4,,,,
2980523,HS200VX3,,,,
2980522,CL2OCXL,,,,
2980521,CL2OCX2,,,,
2980520,CL2OCL,,,,
2980519,400PWX3,,,,
2980518,400BPX3,,,,
2980517,400BPX2,,,,
2980516,300JXL,,,,
2980515,300JM,,,,
2980514,300JL,,,,
2980513,300JHXL,,,,
2980512,300JHM,,,,
2980511,300JHL,,,,
2980510,300BPX5,,,,
2980509,9381XSRH,,,,
2980508,9381XSLH,,,,
2980507,9381SRH,,,,
2980506,9381SLH,,,,
2980505,9381MRH,,,,
2980504,9381MLH,,,,
2980503,9381LRH,,,,
2980502,9381LLH,,,,
2980501,9350XL,,,,
2980500,247CX5,,,,
2980499,2473XL,,,,
2980498,2473X2,,,,
2980497,2473M,,,,
2980496,2473L,,,,
2980495,2433XL,,,,
2980494,2433X2,,,,
2980493,2433M,,,,
2980492,2433L,,,,
2980491,2403X4,,,,
2980490,STSCL2SLX4,,,,
2980489,STSCL2MLXL,,,,
2980488,STSCL2MLX2,,,,
2980487,STSCL2MLM,,,,
2980486,STSCL2MLL,,,,
2980485,XCL2MOXL,,,,
2980484,XCL2MOX4,,,,
2980483,XCL2MOX3,,,,
2980482,XCL2MOX2,,,,
2980481,XCL2MOM,,,,
2980480,XCL2MOL,,,,
2980479,XCL2MLXL,,,,
2980478,XCL2MLX4,,,,
2980477,XCL2MLX3,,,,
2980476,XCL2MLX2,,,,
2980475,XCL2MLM,,,,
2980474,VCL3SLX4,,,,
2980473,TSCL2LX4,,,,
2980472,SURVOXL,,,,
2980471,SURVOX4,,,,
2980470,SURVOX3,,,,
2980469,SURVOX2,,,,
2980468,SURVOM,,,,
2980467,SURVOL,,,,
2980466,HS201VXL,,,,
2980465,HS201VX3,,,,
2980464,HS201VX2,,,,
2980463,HS201VM,,,,
2980462,HS201VL,,,,
2980461,HS200VXL,,,,
2980460,HS200VX2,,,,
2980459,HS200VM,,,,
2980458,HS200VL,,,,
2980457,CL2LCXL,,,,
2980456,CL2LCX4,,,,
2980455,CL2LCX3,,,,
2980454,CL2LCX2,,,,
2980453,CL2LCM,,,,
2980452,CL2LCL,,,,
2980451,400PWM,,,,
2980450,400PWL,,,,
2980449,O722X5,,,,
2980448,O722X4,,,,
2980447,400PWXL,,,,
2980446,400PWX2,,,,
2980445,400BPXL,,,,
2980444,400BPL,,,,
2980443,300BPX4,,,,
2980442,300BPX3,,,,
2980441,300BFX2,,,,
2980440,9345XLD,,,,
2980439,FR200CX5,,,,
2980438,2903X4,,,,
2980437,2903X3,,,,
2980436,247CX4,,,,
2980435,247CX3,,,,
2980434,243CX3,,,,
2980433,241CX5,,,,
2980432,241CX4,,,,
2980431,241CX3,,,,
2980430,2403X3,,,,
2980429,2403X2,,,,
2980428,2003X7,,,,
2980427,2003X6,,,,
2980426,2003FX7,,,,
2980425,2003FX6,,,,
2980424,2003FX5,,,,
2980423,STSCL2SLXL,,,,
2980422,STSCL2SLX3,,,,
2980421,STSCL2SLX2,,,,
2980420,STSCL2SLM,,,,
2980419,STSCL2SLL,,,,
2980418,39136,,,,
2980417,VCL3SLXL,,,,
2980416,VCL3SLX3,,,,
2980415,VCL3SLX2,,,,
2980414,VCL3SLL,,,,
2980413,VCL2SLFRXL,,,,
2980412,VCL2SLFRX4,,,,
2980411,VCL2SLFRX3,,,,
2980410,VCL2SLFRX2,,,,
2980409,VCL2SLFRM,,,,
2980408,VCL2SLFRL,,,,
2980407,VCL2MOFRXL,,,,
2980406,VCL2MOFRX4,,,,
2980405,VCL2MOFRX3,,,,
2980404,VCL2MOFRX2,,,,
2980403,VCL2MOFRM,,,,
2980402,VCL2MOFRL,,,,
2980401,VCL2MLFRXL,,,,
2980400,VCL2MLFRX4,,,,
2980399,VCL2MLFRX3,,,,
2980398,VCL2MLFRX2,,,,
2980397,VCL2MLFRM,,,,
2980396,VCL2MLFRL,,,,
2980395,TSCL2LX3,,,,
2980394,SURVLXL,,,,
2980393,SURVLX4,,,,
2980392,SURVLX3,,,,
2980391,SURVLX2,,,,
2980390,SURVLM,,,,
2980389,SURVLL,,,,
2980388,CL2MOXL,,,,
2980387,CL2MOX4,,,,
2980386,CL2MOX3,,,,
2980385,CL2MOX2,,,,
2980384,CL2MOL,,,,
2980383,CL2MO2XL,,,,
2980382,CL2MO2X4,,,,
2980381,CL2MO2X3,,,,
2980380,CL2MO2X2,,,,
2980379,CL2MO2M,,,,
2980378,CL2MO2L,,,,
2980377,CL2ML2XL,,,,
2980376,CL2ML2X4,,,,
2980375,CL2ML2X3,,,,
2980374,CL2ML2X2,,,,
2980373,CL2ML2M,,,,
2980372,CL2ML2L,,,,
2980371,368R5,,,,
2980370,O722X3,,,,
2980369,300BPXL,,,,
2980368,300BPX2,,,,
2980367,300BPS,,,,
2980366,300BPM,,,,
2980365,300BPL,,,,
2980364,300BFXL,,,,
2980363,300BFM,,,,
2980362,300BFL,,,,
2980361,2903S,,,,
2980360,9350XS,,,,
2980359,9350S,,,,
2980358,9350M,,,,
2980357,9350L,,,,
2980356,9349XLD,,,,
2980355,9345XSD,,,,
2980354,9345SD,,,,
2980353,9345MD,,,,
2980352,9345LD,,,,
2980351,FR200CX4,,,,
2980350,FR200CX3,,,,
2980349,FR200CX2,,,,
2980348,2903XL,,,,
2980347,2903X2,,,,
2980346,2903M,,,,
2980345,2903L,,,,
2980344,247CX2,,,,
2980343,243CXL,,,,
2980342,243CX2,,,,
2980341,243CL,,,,
2980340,241CXL,,,,
2980339,241CX2,,,,
2980338,241CM,,,,
2980337,241CL,,,,
2980336,240CX5,,,,
2980335,2403XL,,,,
2980334,2403S,,,,
2980333,2403M,,,,
2980332,2403L,,,,
2980331,2003X5,,,,
2980330,2003X4,,,,
2980329,2003FX4,,,,
2980328,2003FX3,,,,
2980327,WCCL2OXL,,,,
2980326,WCCL2OX4,,,,
2980325,WCCL2OX3,,,,
2980324,WCCL2OX2,,,,
2980323,WCCL2OM,,,,
2980322,WCCL2OL,,,,
2980321,WCCL2LXL,,,,
2980320,WCCL2LX5,,,,
2980319,WCCL2LX4,,,,
2980318,WCCL2LX3,,,,
2980317,WCCL2LX2,,,,
2980316,WCCL2LS,,,,
2980315,WCCL2LM,,,,
2980314,WCCL2LL,,,,
2980313,ICV208,,,,
2980312,ICV207,,,,
2980311,ICV204,,,,
2980310,ICV203,,,,
2980309,38525MW,,,,
2980308,O72CX5,,,,
2980307,O72CX4,,,,
2980306,O722XL,,,,
2980305,O722X2,,,,
2980304,O722S,,,,
2980303,O722M,,,,
2980302,O722L,,,,
2980301,O703X5,,,,
2980300,O703X4,,,,
2980299,O703X3,,,,
2980298,1003X5,,,,
2980297,2000,,,,
2980296,9348XLD,,,,
2980295,9346XLD,,,,
2980294,9346SD,,,,
2980293,9346MD,,,,
2980292,9346LD,,,,
2980291,FR200CXL,,,,
2980290,FR200CM,,,,
2980289,FR200CL,,,,
2980288,247CXL,,,,
2980287,247CM,,,,
2980286,247CL,,,,
2980285,240CX4,,,,
2980284,240CX3,,,,
2980283,2303X5,,,,
2980282,2303X4,,,,
2980281,2303X3,,,,
2980280,200CX6,,,,
2980279,200CX5,,,,
2980278,2003XL,,,,
2980277,2003X3,,,,
2980276,2003X2,,,,
2980275,2003S,,,,
2980274,2003M,,,,
2980273,2003L,,,,
2980272,2003FXL,,,,
2980271,2003FX2,,,,
2980270,2003FM,,,,
2980269,2003FL,,,,
2980268,STSLXL,,,,
2980267,STSLX4,,,,
2980266,STSLX3,,,,
2980265,STSLX2,,,,
2980264,STSLM,,,,
2980263,STSLL,,,,
2980262,LVCL2MLXL,,,,
2980261,LVCL2MLX2,,,,
2980260,LVCL2MLS,,,,
2980259,LVCL2MLM,,,,
2980258,LVCL2MLL,,,,
2980257,VBCL2MLXL,,,,
2980256,VBCL2MLX5,,,,
2980255,VBCL2MLX4,,,,
2980254,VBCL2MLX3,,,,
2980253,VBCL2MLX2,,,,
2980252,VBCL2MLM,,,,
2980251,VBCL2MLL,,,,
2980250,CL2MLXL,,,,
2980249,CL2MLX4,,,,
2980248,CL2MLX3,,,,
2980247,CL2MLX2,,,,
2980246,CL2MLM,,,,
2980245,CL2MLL,,,,
2980244,240JS,,,,
2980243,200JX6,,,,
2980242,O72CXL,,,,
2980241,O72CX3,,,,
2980240,O72CX2,,,,
2980239,O72CS,,,,
2980238,O72CM,,,,
2980237,O72CL,,,,
2980236,O703XL,,,,
2980235,O703X2,,,,
2980234,O703M,,,,
2980233,O703L,,,,
2980232,240JXL,,,,
2980231,240JX3,,,,
2980230,240JX2,,,,
2980229,240JM,,,,
2980228,240JL,,,,
2980227,220JHX3,,,,
2980226,200JX5,,,,
2980225,200JX4,,,,
2980224,200JHX5,,,,
2980223,200JHX4,,,,
2980222,200CHM,,,,
2980221,1003X4,,,,
2980220,9356XS,,,,
2980219,9356XL,,,,
2980218,9356S,,,,
2980217,9356M,,,,
2980216,9356L,,,,
2980215,9349XSD,,,,
2980214,9349SD,,,,
2980213,9349MD,,,,
2980212,9349LD,,,,
2980211,9348XSD,,,,
2980210,9348SD,,,,
2980209,9348MD,,,,
2980208,9348LD,,,,
2980207,240CXL,,,,
2980206,240CX2,,,,
2980205,240CS,,,,
2980204,240CM,,,,
2980203,240CL,,,,
2980202,230CX4,,,,
2980201,230CX3,,,,
2980200,230CX2,,,,
2980199,2303XL,,,,
2980198,2303X2,,,,
2980197,2303M,,,,
2980196,2303L,,,,
2980195,200CXL,,,,
2980194,200CX4,,,,
2980193,200CX3,,,,
2980192,200CX2,,,,
2980191,200CS,,,,
2980190,200CM,,,,
2980189,200CL,,,,
2980188,200CHXL,,,,
2980187,200CHX3,,,,
2980186,200CHX2,,,,
2980185,200CHL,,,,
2980184,800H,,,,
2980183,220JHXL,,,,
2980182,220JHX2,,,,
2980181,220JHM,,,,
2980180,220JHL,,,,
2980179,200JXL,,,,
2980178,200JX3,,,,
2980177,200JX2,,,,
2980176,200JS,,,,
2980175,200JM,,,,
2980174,200JL,,,,
2980173,200JHXL,,,,
2980172,200JHX3,,,,
2980171,200JHX2,,,,
2980170,200JHL,,,,
2980169,200BPX6,,,,
2980168,100CX2,,,,
2980167,1003S,,,,
2980166,230CXL,,,,
2980165,230CM,,,,
2980164,230CL,,,,
2980163,39836,,,,
2980162,39120,,,,
2980161,39114,,,,
2980160,VCL2SOXL,,,,
2980159,VCL2SOX4,,,,
2980158,VCL2SOX3,,,,
2980157,VCL2SOX2,,,,
2980156,VCL2SOM,,,,
2980155,VCL2SOL,,,,
2980154,VCL2SLXL,,,,
2980153,VCL2SLX4,,,,
2980152,VCL2SLX3,,,,
2980151,VCL2SLX2,,,,
2980150,VCL2SLM,,,,
2980149,VCL2SLL,,,,
2980148,VCL2MOZXL,,,,
2980147,VCL2MOZX5,,,,
2980146,VCL2MOZX4,,,,
2980145,VCL2MOZX3,,,,
2980144,VCL2MOZX2,,,,
2980143,VCL2MOZM,,,,
2980142,VCL2MOZL,,,,
2980141,VCL2MOXL,,,,
2980140,VCL2MOX4,,,,
2980139,VCL2MOX3,,,,
2980138,VCL2MOX2,,,,
2980137,VCL2MOM,,,,
2980136,VCL2MOL,,,,
2980135,VCL2MLZXL,,,,
2980134,VCL2MLZX4,,,,
2980133,VCL2MLZX3,,,,
2980132,VCL2MLZX2,,,,
2980131,VCL2MLZM,,,,
2980130,VCL2MLZL,,,,
2980129,VCL2MLXL,,,,
2980128,VCL2MLX4,,,,
2980127,VCL2MLX3,,,,
2980126,VCL2MLX2,,,,
2980125,VCL2MLM,,,,
2980124,VCL2MLL,,,,
2980123,O503X4,,,,
2980122,O503X3,,,,
2980121,O503X2,,,,
2980120,38525,,,,
2980119,O70JX4,,,,
2980118,200BPS,,,,
2980117,200BFXL,,,,
2980116,200BFM,,,,
2980115,200PWX4,,,,
2980114,200PWX3,,,,
2980113,200PWX2,,,,
2980112,200BPXL,,,,
2980111,200BPX5,,,,
2980110,200BPX4,,,,
2980109,200BPX3,,,,
2980108,200BPX2,,,,
2980107,200BPM,,,,
2980106,200BPL,,,,
2980105,200BFX5,,,,
2980104,200BFX4,,,,
2980103,200BFX3,,,,
2980102,200BFX2,,,,
2980101,200BFL,,,,
2980100,100CS,,,,
2980099,9399S,,,,
2980098,9399L,,,,
2980097,O503XL,,,,
2980096,O503M,,,,
2980095,O503L,,,,
2980094,200S5,,,,
2980093,O70BPX3,,,,
2980092,200PWS,,,,
2980091,100JM,,,,
2980090,200PWXL,,,,
2980089,200PWM,,,,
2980088,200PWL,,,,
2980087,300H,,,,
2980086,O48,,,,
2980085,O47,,,,
2980084,O44,,,,
2980083,O43,,,,
2980082,O42,,,,
2980081,O41,,,,
2980080,O40,,,,
2980079,4600KEY,,,,
2980078,3211KEY,,,,
2980077,1211JNKEY,,,,
2980076,924LED,,,,
2980075,3601KXXXL,,,,
2980074,4750,,,,
2980073,4850KXXL,,,,
2980072,3601KXXL,,,,
2980071,4940XL,,,,
2980070,4850KXL,,,,
2980069,1700K,,,,
2980068,3601KXL,,,,
2980067,4984XL,,,,
2980066,3500XXL,,,,
2980065,4850KS,,,,
2980064,4850KM,,,,
2980063,4850KL,,,,
2980062,4940S,,,,
2980061,4940M,,,,
2980060,4940L,,,,
2980059,3500XL,,,,
2980058,4984S,,,,
2980057,4984M,,,,
2980056,4984L,,,,
2980055,4950XL,,,,
2980054,4600XXL,,,,
2980053,3500S,,,,
2980052,3500M,,,,
2980051,3500L,,,,
2980050,4950S,,,,
2980049,4950M,,,,
2980048,4950L,,,,
2980047,9686XXXL,,,,
2980046,3601KS,,,,
2980045,3601KM,,,,
2980044,3601KL,,,,
2980043,1734XL,,,,
2980042,3204KXXL,,,,
2980041,4982XL,,,,
2980040,4982M,,,,
2980039,4982L,,,,
2980038,4901XL,,,,
2980037,3501XL,,,,
2980036,9784IKOXL,,,,
2980035,9784IKOM,,,,
2980034,9784IKOL,,,,
2980033,9686XL,,,,
2980032,3501S,,,,
2980031,3501M,,,,
2980030,3501L,,,,
2980029,4901M,,,,
2980028,4901L,,,,
2980027,1735XL,,,,
2980026,4620,,,,
2980025,4600,,,,
2980024,3204KXL,,,,
2980023,9686S,,,,
2980022,9686M,,,,
2980021,9686L,,,,
2980020,3220XL,,,,
2980019,6944,,,,
2980018,1735M,,,,
2980017,1735L,,,,
2980016,3224XL,,,,
2980015,4740,,,,
2980014,4730,,,,
2980013,4720,,,,
2980012,3200XL,,,,
2980011,3555XL,,,,
2980010,3220S,,,,
2980009,3220M,,,,
2980008,3220L,,,,
2980007,3224S,,,,
2980006,3224M,,,,
2980005,3224L,,,,
2980004,3204KS,,,,
2980003,3204KM,,,,
2980002,3204KL,,,,
2980001,4921XXL,,,,
2980000,3555S,,,,
2979999,3555M,,,,
2979998,3555L,,,,
2979997,3505XXXL,,,,
2979996,3505XXL,,,,
2979995,3505XL,,,,
2979994,1715PXL,,,,
2979993,3200S,,,,
2979992,3200M,,,,
2979991,3200L,,,,
2979990,4602,,,,
2979989,4860XXL,,,,
2979988,6948,,,,
2979987,4860XL,,,,
2979986,1715PS,,,,
2979985,1715PM,,,,
2979984,1715PL,,,,
2979983,1716,,,,
2979982,1715,,,,
2979981,3505XS,,,,
2979980,3505S,,,,
2979979,3505M,,,,
2979978,3505L,,,,
2979977,9441XXLM,,,,
2979976,34411XL,,,,
2979975,4622,,,,
2979974,4860S,,,,
2979973,4860M,,,,
2979972,4860L,,,,
2979971,34411S,,,,
2979970,34411M,,,,
2979969,34411L,,,,
2979968,4921XL,,,,
2979967,9441XLM,,,,
2979966,4700,,,,
2979965,96763APGXXL,,,,
2979964,96763APGXL,,,,
2979963,96763APGS,,,,
2979962,96763APGM,,,,
2979961,96763APGL,,,,
2979960,3204TXXL,,,,
2979959,3204TXL,,,,
2979958,3204TS,,,,
2979957,3204TM,,,,
2979956,3204TL,,,,
2979955,3260XL,,,,
2979954,9441SM,,,,
2979953,9441LM,,,,
2979952,4921S,,,,
2979951,4921M,,,,
2979950,4921,,,,
2979949,4950LB,,,,
2979948,3280XXL,,,,
2979947,3260S,,,,
2979946,3260M,,,,
2979945,3260L,,,,
2979944,4952XL,,,,
2979943,1702XL,,,,
2979942,1714,,,,
2979941,3280XLCHVSP,,,,
2979940,4900LN,,,,
2979939,4500XXL,,,,
2979938,1718,,,,
2979937,3204XXXL,,,,
2979936,3266XL,,,,
2979935,3250XL,,,,
2979934,4903LXL,,,,
2979933,4903LS,,,,
2979932,4903LM,,,,
2979931,4903LL,,,,
2979930,4850XXL,,,,
2979929,4550,,,,
2979928,1713,,,,
2979927,1712,,,,
2979926,1711,,,,
2979925,3280XL,,,,
2979924,N96930XXL,,,,
2979923,N96930XL,,,,
2979922,N96930S,,,,
2979921,N96930M,,,,
2979920,N96930L,,,,
2979919,9389PVXXL,,,,
2979918,9389PVS,,,,
2979917,9389PVM,,,,
2979916,9389PVL,,,,
2979915,4952M,,,,
2979914,4952L,,,,
2979913,1717,,,,
2979912,9677XS,,,,
2979911,9677XL,,,,
2979910,9677S,,,,
2979909,9677M,,,,
2979908,9677L,,,,
2979907,9676XXL,,,,
2979906,9676XS,,,,
2979905,9676XL,,,,
2979904,9676S,,,,
2979903,9676M,,,,
2979902,9676L,,,,
2979901,49600XXL,,,,
2979900,1730XL,,,,
2979899,1702M,,,,
2979898,1702L,,,,
2979897,3620XXL,,,,
2979896,3280SCHVSP,,,,
2979895,3280MCHVSP,,,,
2979894,3280LCHVSP,,,,
2979893,3266S,,,,
2979892,3266M,,,,
2979891,3266L,,,,
2979890,3250S,,,,
2979889,3250M,,,,
2979888,3250L,,,,
2979887,4150TXXL,,,,
2979886,1925WXL,,,,
2979885,4850XL,,,,
2979884,9760K,,,,
2979883,9672REXL,,,,
2979882,9672RES,,,,
2979881,9672REM,,,,
2979880,9672REL,,,,
2979879,3255XL,,,,
2979878,3204XXL,,,,
2979877,1925WS,,,,
2979876,1925WM,,,,
2979875,1925WL,,,,
2979874,3280S,,,,
2979873,3280M,,,,
2979872,3280L,,,,
2979871,3213PXXXL,,,,
2979870,49600XL,,,,
2979869,4840XL,,,,
2979868,3620XL,,,,
2979867,1400KXXL,,,,
2979866,3255S,,,,
2979865,3255M,,,,
2979864,3255L,,,,
2979863,1936XL,,,,
2979862,4500,,,,
2979861,9376XL,,,,
2979860,3620XS,,,,
2979859,3620S,,,,
2979858,3620M,,,,
2979857,3620L,,,,
2979856,49610L,,,,
2979855,4850M,,,,
2979854,4850L,,,,
2979853,4840S,,,,
2979852,4840M,,,,
2979851,4840L,,,,
2979850,96720NFXXL,,,,
2979849,96720NFXS,,,,
2979848,96720NFXL,,,,
2979847,96720NFS,,,,
2979846,96720NFM,,,,
2979845,96720NFL,,,,
2979844,49600S,,,,
2979843,49600M,,,,
2979842,49600L,,,,
2979841,4500S,,,,
2979840,3601XXXL,,,,
2979839,3213PXXL,,,,
2979838,4150TXL,,,,
2979837,4150TM,,,,
2979836,4150TL,,,,
2979835,1935XL,,,,
2979834,1730L,,,,
2979833,1400KXL,,,,
2979832,9375XL,,,,
2979831,3440XL,,,,
2979830,3475XXL,,,,
2979829,1936M,,,,
2979828,1936L,,,,
2979827,1911L,,,,
2979826,9672FXXL,,,,
2979825,9672FXL,,,,
2979824,9672FS,,,,
2979823,9672FM,,,,
2979822,9672FL,,,,
2979821,1700XXL,,,,
2979820,16025L,,,,
2979819,9760KW,,,,
2979818,93891PUXXL,,,,
2979817,93891PUXL,,,,
2979816,93891PUS,,,,
2979815,93891PUM,,,,
2979814,93891PUL,,,,
2979813,3611XXL,,,,
2979812,3601XXL,,,,
2979811,3213PXL,,,,
2979810,3204XL,,,,
2979809,32111XL,,,,
2979808,1935S,,,,
2979807,1935M,,,,
2979806,1935L,,,,
2979805,1710XL,,,,
2979804,1400KS,,,,
2979803,1400KM,,,,
2979802,1400KL,,,,
2979801,9687XXL,,,,
2979800,9672XXL,,,,
2979799,9672XS,,,,
2979798,9672XL,,,,
2979797,9672S,,,,
2979796,9672M,,,,
2979795,9672L,,,,
2979794,3475XL,,,,
2979793,3440S,,,,
2979792,3440M,,,,
2979791,3440L,,,,
2979790,3221XL,,,,
2979789,6924,,,,
2979788,3211XXXL,,,,
2979787,6932,,,,
2979786,9687XL,,,,
2979785,9745XL,,,,
2979784,9745M,,,,
2979783,9745L,,,,
2979782,3475S,,,,
2979781,3475M,,,,
2979780,3475L,,,,
2979779,3204XS,,,,
2979778,3204S,,,,
2979777,3204M,,,,
2979776,3204L,,,,
2979775,3201XXL,,,,
2979774,32111XS,,,,
2979773,32111S,,,,
2979772,32111M,,,,
2979771,32111L,,,,
2979770,4320,,,,
2979769,4300,,,,
2979768,3221S,,,,
2979767,3221M,,,,
2979766,3221L,,,,
2979765,3213PS,,,,
2979764,3213PM,,,,
2979763,3213PL,,,,
2979762,3611XL,,,,
2979761,3211XXL,,,,
2979760,36111XL,,,,
2979759,6922,,,,
2979758,FTKV350XL,,,,
2979757,FTKV350S,,,,
2979756,FTKV350M,,,,
2979755,FTKV350L,,,,
2979754,9687S,,,,
2979753,9687M,,,,
2979752,9687L,,,,
2979751,3601XL,,,,
2979750,3460XL,,,,
2979749,3201XL,,,,
2979748,9432GFR,,,,
2979747,9672APGXXL,,,,
2979746,9672APGXS,,,,
2979745,9672APGXL,,,,
2979744,9672APGS,,,,
2979743,9672APGM,,,,
2979742,9672APGL,,,,
2979741,9376XS,,,,
2979740,9376S,,,,
2979739,9376M,,,,
2979738,9376L,,,,
2979737,3750XL,,,,
2979736,3211XL,,,,
2979735,6620KVXXXL,,,,
2979734,1965XXL,,,,
2979733,1700XL,,,,
2979732,16012XLN,,,,
2979731,16012XL,,,,
2979730,9375S,,,,
2979729,9375M,,,,
2979728,9375L,,,,
2979727,3730DPXL,,,,
2979726,3407XXL,,,,
2979725,3213HVIXXL,,,,
2979724,3201XS,,,,
2979723,3201S,,,,
2979722,3201M,,,,
2979721,3201L,,,,
2979720,4812,,,,
2979719,36111S,,,,
2979718,36111M,,,,
2979717,36111L,,,,
2979716,1970XXL,,,,
2979715,1710M,,,,
2979714,1710L,,,,
2979713,9370BKXL,,,,
2979712,3750S,,,,
2979711,3750M,,,,
2979710,3750L,,,,
2979709,3460S,,,,
2979708,3460M,,,,
2979707,3460L,,,,
2979706,3407XL,,,,
2979705,3214XL,,,,
2979704,3213X2CHVSP,,,,
2979703,3170XXL,,,,
2979702,1940L,,,,
2979701,19261XL,,,,
2979700,1910L,,,,
2979699,1900XL,,,,
2979698,9366BKXL,,,,
2979697,9440XLM,,,,
2979696,9440KM,,,,
2979695,3611S,,,,
2979694,3611M,,,,
2979693,3611L,,,,
2979692,3211XS,,,,
2979691,3211S,,,,
2979690,3211M,,,,
2979689,3211L,,,,
2979688,9683CSXXL,,,,
2979687,9683CSXL,,,,
2979686,9683CSS,,,,
2979685,9683CSM,,,,
2979684,9683CSL,,,,
2979683,6620KVXXL,,,,
2979682,9380XL,,,,
2979681,3730DPS,,,,
2979680,3730DPM,,,,
2979679,3730DPL,,,,
2979678,3601S,,,,
2979677,3601M,,,,
2979676,3601L,,,,
2979675,4811,,,,
2979674,1970XL,,,,
2979673,1966L,,,,
2979672,1965XL,,,,
2979671,19261S,,,,
2979670,19261M,,,,
2979669,19261L,,,,
2979668,19251XL,,,,
2979667,16017XL,,,,
2979666,16012MN,,,,
2979665,16012M,,,,
2979664,16012LN,,,,
2979663,16012L,,,,
2979662,9794L,,,,
2979661,3407S,,,,
2979660,3407M,,,,
2979659,3407L,,,,
2979658,3214S,,,,
2979657,3214M,,,,
2979656,3214L,,,,
2979655,3213HVIXL,,,,
2979654,3170XL,,,,
2979653,1900S,,,,
2979652,1900M,,,,
2979651,1900L,,,,
2979650,4150,,,,
2979649,3213XXXL,,,,
2979648,3213XLCHVSP,,,,
2979647,32113DPXXL,,,,
2979646,4810,,,,
2979645,19251S,,,,
2979644,19251M,,,,
2979643,19251L,,,,
2979642,1700S,,,,
2979641,1700M,,,,
2979640,1700L,,,,
2979639,16017L,,,,
2979638,6714FF,,,,
2979637,9366BKXXL,,,,
2979636,9366BKS,,,,
2979635,9366BKM,,,,
2979634,9366BKL,,,,
2979633,9470K,,,,
2979632,6964L,,,,
2979631,6620KVXL,,,,
2979630,9380S,,,,
2979629,9380M,,,,
2979628,9380L,,,,
2979627,9784S,,,,
2979626,9784M,,,,
2979625,9784L,,,,
2979624,3450XL,,,,
2979623,3213XXL,,,,
2979622,3213HVIXS,,,,
2979621,3213HVIS,,,,
2979620,3213HVIM,,,,
2979619,3213HVIL,,,,
2979618,3170S,,,,
2979617,3170M,,,,
2979616,3170L,,,,
2979615,1965M,,,,
2979614,1965L,,,,
2979613,3720XL,,,,
2979612,32113DPXL,,,,
2979611,4912,,,,
2979610,4911,,,,
2979609,4910,,,,
2979608,4909,,,,
2979607,4908,,,,
2979606,4907,,,,
2979605,6620KVM,,,,
2979604,6620KVL,,,,
2979603,1970S,,,,
2979602,1970M,,,,
2979601,1970L,,,,
2979600,AS9674XL,,,,
2979599,AS9674S,,,,
2979598,AS9674M,,,,
2979597,AS9674L,,,,
2979596,93861XXL,,,,
2979595,93861XL,,,,
2979594,93861S,,,,
2979593,93861M,,,,
2979592,93861L,,,,
2979591,9370BKS,,,,
2979590,9370BKM,,,,
2979589,9370BKL,,,,
2979588,3451XXL,,,,
2979587,3213SCHVSP,,,,
2979586,3213MCHVSP,,,,
2979585,3213LCHVSP,,,,
2979584,3203XXL,,,,
2979583,6914XL,,,,
2979582,6914S,,,,
2979581,6914M,,,,
2979580,6914L,,,,
2979579,9792L,,,,
2979578,3711XL,,,,
2979577,4809,,,,
2979576,4150BXXL,,,,
2979575,N96785XXL,,,,
2979574,N96785XS,,,,
2979573,N96785XL,,,,
2979572,N96785S,,,,
2979571,N96785M,,,,
2979570,N96785L,,,,
2979569,3720S,,,,
2979568,3720M,,,,
2979567,3720L,,,,
2979566,3711S,,,,
2979565,3711M,,,,
2979564,3711L,,,,
2979563,3613XL,,,,
2979562,3450S,,,,
2979561,3450M,,,,
2979560,3450L,,,,
2979559,3213XL,,,,
2979558,32113DPS,,,,
2979557,32113DPM,,,,
2979556,32113DPL,,,,
2979555,N9690FCOXXL,,,,
2979554,N9690FCOXL,,,,
2979553,N9690FCOM,,,,
2979552,N9690FCOL,,,,
2979551,4300B,,,,
2979550,34111XXL,,,,
2979549,4501,,,,
2979548,9782XL,,,,
2979547,9782S,,,,
2979546,9782M,,,,
2979545,9782L,,,,
2979544,92723HVXXL,,,,
2979543,92723HVXL,,,,
2979542,92723HVS,,,,
2979541,92723HVM,,,,
2979540,92723HVL,,,,
2979539,9436KMS,,,,
2979538,9436KML,,,,
2979537,3451XL,,,,
2979536,3420XL,,,,
2979535,N9690FCXXL,,,,
2979534,N9690FCXL,,,,
2979533,N9690FCM,,,,
2979532,N9690FCL,,,,
2979531,1955XL,,,,
2979530,16011L,,,,
2979529,3603XL,,,,
2979528,3425XL,,,,
2979527,3203XL,,,,
2979526,N9695XXL,,,,
2979525,N9695XL,,,,
2979524,N9695M,,,,
2979523,N9695L,,,,
2979522,16010XLN,,,,
2979521,16010XL,,,,
2979520,4155,,,,
2979519,N9690HVXXL,,,,
2979518,N9690HVXL,,,,
2979517,N9690HVM,,,,
2979516,N9690HVL,,,,
2979515,96871XL,,,,
2979514,96871S,,,,
2979513,96871M,,,,
2979512,96871L,,,,
2979511,3452XL,,,,
2979510,3452L,,,,
2979509,3451S,,,,
2979508,3451M,,,,
2979507,3451L,,,,
2979506,3420S,,,,
2979505,3420M,,,,
2979504,3420L,,,,
2979503,3213S,,,,
2979502,3213M,,,,
2979501,3213L,,,,
2979500,4808,,,,
2979499,4807,,,,
2979498,9685S,,,,
2979497,9685M,,,,
2979496,9685L,,,,
2979495,34111XL,,,,
2979494,1956XL,,,,
2979493,1955S,,,,
2979492,1955M,,,,
2979491,1955L,,,,
2979490,1411XXL,,,,
2979489,3613S,,,,
2979488,3613M,,,,
2979487,3613L,,,,
2979486,1690,,,,
2979485,9370XL,,,,
2979484,3603S,,,,
2979483,3603M,,,,
2979482,3603L,,,,
2979481,3425S,,,,
2979480,3425M,,,,
2979479,3425L,,,,
2979478,3203S,,,,
2979477,3203M,,,,
2979476,3203L,,,,
2979475,3150XXL,,,,
2979474,16010SN,,,,
2979473,16010S,,,,
2979472,16010MN,,,,
2979471,16010M,,,,
2979470,16010LN,,,,
2979469,16010L,,,,
2979468,1450L,,,,
2979467,4152,,,,
2979466,N9690XXL,,,,
2979465,N9690XL,,,,
2979464,N9690S,,,,
2979463,N9690M,,,,
2979462,N9690L,,,,
2979461,6962XL,,,,
2979460,6962S,,,,
2979459,6962M,,,,
2979458,6962L,,,,
2979457,5350XXL,,,,
2979456,5350XL,,,,
2979455,5350L,,,,
2979454,34111S,,,,
2979453,34111M,,,,
2979452,34111L,,,,
2979451,1956S,,,,
2979450,1956M,,,,
2979449,1956L,,,,
2979448,1680,,,,
2979447,3215HVIXXL,,,,
2979446,3150XL,,,,
2979445,6912XL,,,,
2979444,6912S,,,,
2979443,6912M,,,,
2979442,6912L,,,,
2979441,1418XXL,,,,
2979440,1411XL,,,,
2979439,9770,,,,
2979438,9365XL,,,,
2979437,92728PUXL,,,,
2979436,92728PUS,,,,
2979435,92728PUM,,,,
2979434,92728PUL,,,,
2979433,3202XXL,,,,
2979432,1417XXL,,,,
2979431,9672CPL,,,,
2979430,9370HS,,,,
2979429,9370HM,,,,
2979428,9370HL,,,,
2979427,9367S,,,,
2979426,9367L,,,,
2979425,9366XL,,,,
2979424,32113XXXL,,,,
2979423,3150S,,,,
2979422,3150M,,,,
2979421,3150L,,,,
2979420,MG9648XL,,,,
2979419,MG9648S,,,,
2979418,MG9648M,,,,
2979417,MG9648L,,,,
2979416,1932XL,,,,
2979415,1412A,,,,
2979414,93859XL,,,,
2979413,3401XXXL,,,,
2979412,9432G11,,,,
2979411,93859M,,,,
2979410,93859L,,,,
2979409,3215XL,,,,
2979408,32113XXL,,,,
2979407,1933XL,,,,
2979406,1417XL,,,,
2979405,1400XXXL,,,,
2979404,9693XXL,,,,
2979403,9693XS,,,,
2979402,9693XL,,,,
2979401,9693S,,,,
2979400,9693M,,,,
2979399,9693L,,,,
2979398,93857XL,,,,
2979397,93857M,,,,
2979396,93857L,,,,
2979395,9740XL,,,,
2979394,9740S,,,,
2979393,9740M,,,,
2979392,9740L,,,,
2979391,3411XL,,,,
2979390,3401XXL,,,,
2979389,3215HVIXL,,,,
2979388,32013XXL,,,,
2979387,920XXL,,,,
2979386,920XL,,,,
2979385,920S,,,,
2979384,920M,,,,
2979383,920L,,,,
2979382,1685L,,,,
2979381,1411S,,,,
2979380,1411M,,,,
2979379,1411A,,,,
2979378,9366XS,,,,
2979377,9366S,,,,
2979376,9366M,,,,
2979375,9366L,,,,
2979374,3413HVIXXL,,,,
2979373,3215S,,,,
2979372,3215M,,,,
2979371,3215L,,,,
2979370,3205XXL,,,,
2979369,3202XL,,,,
2979368,1932S,,,,
2979367,1932M,,,,
2979366,1932L,,,,
2979365,14401DPL,,,,
2979364,1418A,,,,
2979363,1417S,,,,
2979362,1417M,,,,
2979361,1417A,,,,
2979360,1320L,,,,
2979359,6710T,,,,
2979358,6710F,,,,
2979357,9390S,,,,
2979356,9390L,,,,
2979355,9370S,,,,
2979354,9370M,,,,
2979353,9370L,,,,
2979352,9365S,,,,
2979351,9365M,,,,
2979350,9365L,,,,
2979349,3411S,,,,
2979348,3411M,,,,
2979347,3411L,,,,
2979346,3410XL,,,,
2979345,6820,,,,
2979344,5500,,,,
2979343,388R5,,,,
2979342,N96783XXL,,,,
2979341,N96783XS,,,,
2979340,N96783XL,,,,
2979339,N96783S,,,,
2979338,N96783M,,,,
2979337,N96783L,,,,
2979336,3413HVIXL,,,,
2979335,3401XL,,,,
2979334,3215HVIS,,,,
2979333,3215HVIM,,,,
2979332,3215HVIL,,,,
2979331,32113XL,,,,
2979330,3202S,,,,
2979329,3202M,,,,
2979328,3202L,,,,
2979327,3100HVIXXL,,,,
2979326,MG9756XL,,,,
2979325,MG9756S,,,,
2979324,MG9756M,,,,
2979323,MG9756L,,,,
2979322,1952XXL,,,,
2979321,1933S,,,,
2979320,1933M,,,,
2979319,1933L,,,,
2979318,1925XL,,,,
2979317,1500KXL,,,,
2979316,1400XXL,,,,
2979315,3413HVIS,,,,
2979314,3413HVIM,,,,
2979313,3413HVIL,,,,
2979312,3410S,,,,
2979311,3410M,,,,
2979310,3410L,,,,
2979309,3405XL,,,,
2979308,3205XL,,,,
2979307,32013XL,,,,
2979306,3110XL,,,,
2979305,6862S,,,,
2979304,6862M,,,,
2979303,6862L,,,,
2979302,6410SCHV,,,,
2979301,4150B,,,,
2979300,93868XXL,,,,
2979299,9369XL,,,,
2979298,92723NFXXL,,,,
2979297,92723NFXL,,,,
2979296,92723NFS,,,,
2979295,92723NFM,,,,
2979294,92723NFL,,,,
2979293,3405S,,,,
2979292,3405M,,,,
2979291,3405L,,,,
2979290,3400XL,,,,
2979289,32113S,,,,
2979288,32113M,,,,
2979287,32113L,,,,
2979286,1952XL,,,,
2979285,1925S,,,,
2979284,1925M,,,,
2979283,1925L,,,,
2979282,6700F,,,,
2979281,93868XS,,,,
2979280,93868XL,,,,
2979279,93868S,,,,
2979278,93868M,,,,
2979277,93868L,,,,
2979276,3401S,,,,
2979275,3401M,,,,
2979274,3401L,,,,
2979273,3205S,,,,
2979272,3205M,,,,
2979271,3205L,,,,
2979270,3125XL,,,,
2979269,3110S,,,,
2979268,3110M,,,,
2979267,3110L,,,,
2979266,1500KS,,,,
2979265,1500KM,,,,
2979264,1500KL,,,,
2979263,1440L,,,,
2979262,1414A,,,,
2979261,9393XL,,,,
2979260,93867XXL,,,,
2979259,93842XL,,,,
2979258,9373XL,,,,
2979257,9366SE,,,,
2979256,9366LE,,,,
2979255,92723PUXXL,,,,
2979254,92723PUXS,,,,
2979253,92723PUXL,,,,
2979252,92723PUS,,,,
2979251,92723PUM,,,,
2979250,92723PUL,,,,
2979249,6885XXL,,,,
2979248,6885XL,,,,
2979247,6885S,,,,
2979246,6885M,,,,
2979245,6885L,,,,
2979244,3402XXL,,,,
2979243,3400S,,,,
2979242,3400M,,,,
2979241,3400L,,,,
2979240,32056XL,,,,
2979239,32013S,,,,
2979238,32013M,,,,
2979237,32013L,,,,
2979236,3100HVIXL,,,,
2979235,1952XS,,,,
2979234,1952S,,,,
2979233,1952M,,,,
2979232,1952L,,,,
2979231,1413A,,,,
2979230,6825,,,,
2979229,6712F,,,,
2979228,93867XS,,,,
2979227,93867XL,,,,
2979226,93867S,,,,
2979225,93867M,,,,
2979224,93867L,,,,
2979223,93860XXL,,,,
2979222,93847XS,,,,
2979221,93847XL,,,,
2979220,93847S,,,,
2979219,93847M,,,,
2979218,93847L,,,,
2979217,3125S,,,,
2979216,3125M,,,,
2979215,3125L,,,,
2979214,1400XL,,,,
2979213,6845XL,,,,
2979212,6845S,,,,
2979211,6845M,,,,
2979210,6845,,,,
2979209,93842XS,,,,
2979208,93842S,,,,
2979207,93842M,,,,
2979206,93842L,,,,
2979205,3402XL,,,,
2979204,32056S,,,,
2979203,32056M,,,,
2979202,32056L,,,,
2979201,3100XL,,,,
2979200,1960L,,,,
2979199,6852S,,,,
2979198,6852L,,,,
2979197,9369S,,,,
2979196,9369M,,,,
2979195,9369L,,,,
2979194,3100HVIS,,,,
2979193,3100HVIM,,,,
2979192,3100HVIL,,,,
2979191,9460K,,,,
2979190,6832S,,,,
2979189,6832L,,,,
2979188,6410SC,,,,
2979187,1410A,,,,
2979186,N96795XXL,,,,
2979185,N96795XL,,,,
2979184,N96795S,,,,
2979183,N96795M,,,,
2979182,N96795L,,,,
2979181,9506LML,,,,
2979180,93840XS,,,,
2979179,93840XL,,,,
2979178,93840S,,,,
2979177,93840M,,,,
2979176,93840L,,,,
2979175,6850S,,,,
2979174,6850L,,,,
2979173,1930XL,,,,
2979172,1500Y,,,,
2979171,9393S,,,,
2979170,9393M,,,,
2979169,9393L,,,,
2979168,9373S,,,,
2979167,9373M,,,,
2979166,9373L,,,,
2979165,3402S,,,,
2979164,3402M,,,,
2979163,3402L,,,,
2979162,32055XXL,,,,
2979161,3120XL,,,,
2979160,3100S,,,,
2979159,3100M,,,,
2979158,3100L,,,,
2979157,1400S,,,,
2979156,1400M,,,,
2979155,1400A,,,,
2979154,6418,,,,
2979153,93860XS,,,,
2979152,93860XL,,,,
2979151,93860S,,,,
2979150,93860M,,,,
2979149,93860L,,,,
2979148,9435KMXS,,,,
2979147,9435KMS,,,,
2979146,32055XL,,,,
2979145,1312,,,,
2979144,6710FS,,,,
2979143,32055S,,,,
2979142,32055M,,,,
2979141,32055L,,,,
2979140,3130XL,,,,
2979139,3120S,,,,
2979138,3120M,,,,
2979137,3120L,,,,
2979136,9462K,,,,
2979135,6224HV,,,,
2979134,1930S,,,,
2979133,1930M,,,,
2979132,1930L,,,,
2979131,1311XL,,,,
2979130,9690YXL,,,,
2979129,9690YS,,,,
2979128,9690YM,,,,
2979127,9690YL,,,,
2979126,9428GFR,,,,
2979125,12440RXL,,,,
2979124,12440RL,,,,
2979123,MG9694XS,,,,
2979122,MG9694XL,,,,
2979121,MG9694S,,,,
2979120,MG9694M,,,,
2979119,MG9694L,,,,
2979118,9761RXL,,,,
2979117,9761RS,,,,
2979116,9761RM,,,,
2979115,9761R,,,,
2979114,9363XL,,,,
2979113,3130S,,,,
2979112,3130M,,,,
2979111,3130L,,,,
2979110,9690XL,,,,
2979109,9690S,,,,
2979108,9690M,,,,
2979107,9690L,,,,
2979106,6702F,,,,
2979105,9396S,,,,
2979104,9760R,,,,
2979103,9396L,,,,
2979102,9128KW,,,,
2979101,6632XXXL,,,,
2979100,6454S,,,,
2979099,1411B,,,,
2979098,1310XXL,,,,
2979097,16811,,,,
2979096,1311,,,,
2979095,N96970XXL,,,,
2979094,N96970XS,,,,
2979093,N96970XL,,,,
2979092,N96970S,,,,
2979091,N96970M,,,,
2979090,N96970L,,,,
2979089,9395L,,,,
2979088,9392S,,,,
2979087,9392L,,,,
2979086,9363SMB,,,,
2979085,9363LMB,,,,
2979084,6632XXL,,,,
2979083,6632XL,,,,
2979082,1400,,,,
2979081,1318,,,,
2979080,1212,,,,
2979079,9751R,,,,
2979078,9383S,,,,
2979077,9383L,,,,
2979076,9362XL,,,,
2979075,6632M,,,,
2979074,6632L,,,,
2979073,1310XL,,,,
2979072,1211XL,,,,
2979071,16810,,,,
2979070,6414,,,,
2979069,1380,,,,
2979068,1362,,,,
2979067,N96797XXL,,,,
2979066,N96797XS,,,,
2979065,N96797XL,,,,
2979064,N96797S,,,,
2979063,N96797M,,,,
2979062,N96797L,,,,
2979061,9750R,,,,
2979060,9368XS,,,,
2979059,9368S,,,,
2979058,9368L,,,,
2979057,9432KM,,,,
2979056,9430KMM,,,,
2979055,9430KM,,,,
2979054,9450K,,,,
2979053,6452S,,,,
2979052,6451S,,,,
2979051,1931L,,,,
2979050,1420A,,,,
2979049,1400BXL,,,,
2979048,1230DP,,,,
2979047,1370,,,,
2979046,1361,,,,
2979045,1317,,,,
2979044,N96793XXL,,,,
2979043,N96793XS,,,,
2979042,N96793XL,,,,
2979041,N96793S,,,,
2979040,N96793M,,,,
2979039,N96793L,,,,
2979038,9363XS,,,,
2979037,9363S,,,,
2979036,9363M,,,,
2979035,9363L,,,,
2979034,6620XXXL,,,,
2979033,6300S,,,,
2979032,1921L,,,,
2979031,1420AS,,,,
2979030,1310S,,,,
2979029,1310M,,,,
2979028,1205L,,,,
2979027,1310,,,,
2979026,1211,,,,
2979025,N96790XXL,,,,
2979024,N96790XS,,,,
2979023,N96790XL,,,,
2979022,N96790S,,,,
2979021,N96790M,,,,
2979020,N96790L,,,,
2979019,9669TRXL,,,,
2979018,9669TRS,,,,
2979017,9669TRM,,,,
2979016,9669TRL,,,,
2979015,9669TPS,,,,
2979014,9669TPL,,,,
2979013,9363XLE,,,,
2979012,9361S,,,,
2979011,9361L,,,,
2979010,9761,,,,
2979009,6300SJ,,,,
2979008,6212SJ,,,,
2979007,6412,,,,
2979006,1360,,,,
2979005,9362SB,,,,
2979004,FG305XL,,,,
2979003,FG305S,,,,
2979002,FG305M,,,,
2979001,FG305L,,,,
2979000,9786XL,,,,
2978999,9786S,,,,
2978998,9786M,,,,
2978997,9786L,,,,
2978996,9688VXL,,,,
2978995,9688VS,,,,
2978994,9688VM,,,,
2978993,9688VL,,,,
2978992,9362S,,,,
2978991,9362M,,,,
2978990,9362L,,,,
2978989,6840,,,,
2978988,6620XXL,,,,
2978987,6620XL,,,,
2978986,6620M,,,,
2978985,6620L,,,,
2978984,6212S,,,,
2978983,6200S,,,,
2978982,1400B,,,,
2978981,1300XL,,,,
2978980,12010DP,,,,
2978979,N9674XL,,,,
2978978,N9674S,,,,
2978977,N9674M,,,,
2978976,N9674L,,,,
2978975,9785XL,,,,
2978974,9785S,,,,
2978973,9785M,,,,
2978972,9785L,,,,
2978971,9760XL,,,,
2978970,9760S,,,,
2978969,9760M,,,,
2978968,9394XL,,,,
2978967,9363XSE,,,,
2978966,9363SE,,,,
2978965,9363LE,,,,
2978964,9760,,,,
2978963,1950L,,,,
2978962,6831,,,,
2978961,6521SCO,,,,
2978960,6450S,,,,
2978959,6200SJ,,,,
2978958,1300S,,,,
2978957,1300M,,,,
2978956,1201DP,,,,
2978955,1200XXL,,,,
2978954,1300,,,,
2978953,1237,,,,
2978952,1210,,,,
2978951,9018CDAY,,,,
2978950,9751,,,,
2978949,9894L,,,,
2978948,6528S,,,,
2978947,1231XL,,,,
2978946,1350,,,,
2978945,9622,,,,
2978944,N9696XS,,,,
2978943,N9696XL,,,,
2978942,N9696S,,,,
2978941,N9696M,,,,
2978940,N9696L,,,,
2978939,N9680XXL,,,,
2978938,N9680XL,,,,
2978937,N9680S,,,,
2978936,N9680M,,,,
2978935,N9680L,,,,
2978934,9674XS,,,,
2978933,9674XL,,,,
2978932,9674S,,,,
2978931,9674M,,,,
2978930,9674L,,,,
2978929,9892S,,,,
2978928,9892M,,,,
2978927,9892L,,,,
2978926,9890S,,,,
2978925,9890M,,,,
2978924,9890L,,,,
2978923,6800,,,,
2978922,1311JL,,,,
2978921,1270B,,,,
2978920,1231S,,,,
2978919,1231M,,,,
2978918,1230XL,,,,
2978917,1200XL,,,,
2978916,6410,,,,
2978915,1240,,,,
2978914,1231,,,,
2978913,N9699XL,,,,
2978912,N9699S,,,,
2978911,N9699M,,,,
2978910,N9699L,,,,
2978909,FT350XL,,,,
2978908,FT350S,,,,
2978907,FT350M,,,,
2978906,FT350L,,,,
2978905,FT300XL,,,,
2978904,FT300S,,,,
2978903,FT300M,,,,
2978902,FT300L,,,,
2978901,9750S,,,,
2978900,9735S,,,,
2978899,9735M,,,,
2978898,9735L,,,,
2978897,9730M,,,,
2978896,9730L,,,,
2978895,9725XL,,,,
2978894,9725M,,,,
2978893,9725L,,,,
2978892,9720XL,,,,
2978891,9720M,,,,
2978890,9720L,,,,
2978889,9710S,,,,
2978888,9710M,,,,
2978887,9710L,,,,
2978886,9700XXL,,,,
2978885,9700XL,,,,
2978884,9700M,,,,
2978883,9700L,,,,
2978882,9394XS,,,,
2978881,9394S,,,,
2978880,9394M,,,,
2978879,9394L,,,,
2978878,9750,,,,
2978877,9891S,,,,
2978876,9891M,,,,
2978875,9891L,,,,
2978874,9433KM,,,,
2978873,6830,,,,
2978872,9136K,,,,
2978871,5435XL,,,,
2978870,5435S,,,,
2978869,5435M,,,,
2978868,5435L,,,,
2978867,1250C,,,,
2978866,1235K,,,,
2978865,1230S,,,,
2978864,1230M,,,,
2978863,9132,,,,
2978862,1230,,,,
2978861,9699XXL,,,,
2978860,9699XS,,,,
2978859,9699XL,,,,
2978858,9699S,,,,
2978857,9699M,,,,
2978856,9699L,,,,
2978855,96735XXL,,,,
2978854,96735XL,,,,
2978853,96735S,,,,
2978852,96735M,,,,
2978851,96735L,,,,
2978850,9433XL,,,,
2978849,9433M,,,,
2978848,6514SJ,,,,
2978847,1220WD,,,,
2978846,1210S,,,,
2978845,1200SXL,,,,
2978844,12011,,,,
2978843,6400,,,,
2978842,1200,,,,
2978841,97962L,,,,
2978840,9680XL,,,,
2978839,9680S,,,,
2978838,9680M,,,,
2978837,9680L,,,,
2978836,96731GXL,,,,
2978835,96731GS,,,,
2978834,96731GM,,,,
2978833,96731GL,,,,
2978832,9397S,,,,
2978831,9397M,,,,
2978830,9397L,,,,
2978829,9390SPD,,,,
2978828,9390LPD,,,,
2978827,9132G,,,,
2978826,6524SJ,,,,
2978825,6514S,,,,
2978824,6100SJ,,,,
2978823,6100S,,,,
2978822,1211J,,,,
2978821,9128,,,,
2978820,6218,,,,
2978819,1235,,,,
2978818,97961L,,,,
2978817,9790XS,,,,
2978816,9790XL,,,,
2978815,9790S,,,,
2978814,9790M,,,,
2978813,9790L,,,,
2978812,9781XL,,,,
2978811,9781S,,,,
2978810,9781M,,,,
2978809,9781L,,,,
2978808,96781XXL,,,,
2978807,96781XS,,,,
2978806,96781XL,,,,
2978805,96781S,,,,
2978804,96781M,,,,
2978803,96781L,,,,
2978802,9018FRO,,,,
2978801,9018FRG,,,,
2978800,8526C,,,,
2978799,9433S,,,,
2978798,9124KI,,,,
2978797,6524S,,,,
2978796,6521SC,,,,
2978795,6512SJ,,,,
2978794,1401B,,,,
2978793,1201S,,,,
2978792,12010XL,,,,
2978791,9433,,,,
2978790,6424,,,,
2978789,97960L,,,,
2978788,9780XL,,,,
2978787,9780S,,,,
2978786,9780M,,,,
2978785,9780L,,,,
2978784,9698XL,,,,
2978783,9698S,,,,
2978782,9698M,,,,
2978781,9698L,,,,
2978780,9694XS,,,,
2978779,9694XL,,,,
2978778,9694S,,,,
2978777,9694M,,,,
2978776,9694L,,,,
2978775,5321U,,,,
2978774,5320U,,,,
2978773,5319U,,,,
2978772,5318U,,,,
2978771,5317U,,,,
2978770,5316U,,,,
2978769,8526,,,,
2978768,9132K,,,,
2978767,6522SJ,,,,
2978766,6522S,,,,
2978765,6512S,,,,
2978764,12010S,,,,
2978763,12010M,,,,
2978762,1200S,,,,
2978761,12010,,,,
2978760,9620,,,,
2978759,97950L,,,,
2978758,9673SFXXL,,,,
2978757,9673SFXS,,,,
2978756,9673SFXL,,,,
2978755,9673SFS,,,,
2978754,9673SFM,,,,
2978753,9673SFL,,,,
2978752,9673SFHVXL,,,,
2978751,9673SFHVS,,,,
2978750,9673SFHVM,,,,
2978749,9673SFHVL,,,,
2978748,96731XL,,,,
2978747,96731S,,,,
2978746,96731M,,,,
2978745,96731L,,,,
2978744,96731HVXL,,,,
2978743,96731HVS,,,,
2978742,96731HVM,,,,
2978741,96731HVL,,,,
2978740,9390SP,,,,
2978739,9390LP,,,,
2978738,9018CDPCS,,,,
2978737,8516S,,,,
2978736,9430KME,,,,
2978735,6300RH,,,,
2978734,6300R,,,,
2978733,1220D,,,,
2978732,9124G,,,,
2978731,9124C,,,,
2978730,8516G,,,,
2978729,6510SJ,,,,
2978728,1455R,,,,
2978727,1455P,,,,
2978726,1455G,,,,
2978725,1455C,,,,
2978724,1455B,,,,
2978723,1220S,,,,
2978722,6422,,,,
2978721,9432SFR,,,,
2978720,9673XS,,,,
2978719,9673XL,,,,
2978718,9673S,,,,
2978717,9673M,,,,
2978716,9673L,,,,
2978715,5339S,,,,
2978714,5338S,,,,
2978713,5337S,,,,
2978712,5336S,,,,
2978711,5331S,,,,
2978710,5330S,,,,
2978709,6521SJ,,,,
2978708,6521S,,,,
2978707,1455N,,,,
2978706,9429,,,,
2978705,6421,,,,
2978704,9478M,,,,
2978703,97981XL,,,,
2978702,97981S,,,,
2978701,97981M,,,,
2978700,97981L,,,,
2978699,9683XS,,,,
2978698,9683XL,,,,
2978697,9683S,,,,
2978696,9683M,,,,
2978695,9683L,,,,
2978694,9673GWXXL,,,,
2978693,9673GWXS,,,,
2978692,9673GWXL,,,,
2978691,9673GWS,,,,
2978690,9673GWM,,,,
2978689,9673GWL,,,,
2978688,9118G,,,,
2978687,9018DY,,,,
2978686,9018DO,,,,
2978685,9018DG,,,,
2978684,9018CR,,,,
2978683,9018CDPCR,,,,
2978682,9018CDPC,,,,
2978681,5409S,,,,
2978680,5408S,,,,
2978679,5407S,,,,
2978678,5406S,,,,
2978677,5401S,,,,
2978676,5400S,,,,
2978675,1150,,,,
2978674,6612,,,,
2978673,6300,,,,
2978672,9124KPL,,,,
2978671,9124K,,,,
2978670,6520SJ,,,,
2978669,6510S,,,,
2978668,6500SJ,,,,
2978667,9124,,,,
2978666,6420,,,,
2978665,9811M,,,,
2978664,9811L,,,,
2978663,9696XXL,,,,
2978662,9696XS,,,,
2978661,9696XL,,,,
2978660,9696S,,,,
2978659,9696M,,,,
2978658,9696L,,,,
2978657,9688XL,,,,
2978656,9688S,,,,
2978655,9688M,,,,
2978654,9688L,,,,
2978653,9684XL,,,,
2978652,9684S,,,,
2978651,9684M,,,,
2978650,9684L,,,,
2978649,9018CDY,,,,
2978648,9018CDO,,,,
2978647,9018CDG,,,,
2978646,5430XL,,,,
2978645,5430S,,,,
2978644,5430M,,,,
2978643,5430L,,,,
2978642,8516,,,,
2978641,6212R,,,,
2978640,1220SX,,,,
2978639,1220DX,,,,
2978638,6810,,,,
2978637,O73S4,,,,
2978636,O73R4,,,,
2978635,6520S,,,,
2978634,6500S,,,,
2978633,9475M,,,,
2978632,97980XL,,,,
2978631,97980S,,,,
2978630,97980M,,,,
2978629,97980L,,,,
2978628,9695XXL,,,,
2978627,9695XS,,,,
2978626,9695XL,,,,
2978625,9695S,,,,
2978624,9695M,,,,
2978623,9695L,,,,
2978622,96883XL,,,,
2978621,96883S,,,,
2978620,96883M,,,,
2978619,96883L,,,,
2978618,9018CD,,,,
2978617,1080,,,,
2978616,9400G,,,,
2978615,6212,,,,
2978614,O63S7,,,,
2978613,9850M,,,,
2978612,9850L,,,,
2978611,7900,,,,
2978610,9679XS,,,,
2978609,9679XL,,,,
2978608,9679M,,,,
2978607,9679L,,,,
2978606,5410XLE,,,,
2978605,5410SE,,,,
2978604,5410ME,,,,
2978603,5410LE,,,,
2978602,5321,,,,
2978601,5320,,,,
2978600,5319,,,,
2978599,5318,,,,
2978598,5317,,,,
2978597,5316,,,,
2978596,5311,,,,
2978595,5310,,,,
2978594,5309,,,,
2978593,5308,,,,
2978592,5307,,,,
2978591,6600,,,,
2978590,6200,,,,
2978589,O63S5,,,,
2978588,9870XL,,,,
2978587,9870M,,,,
2978586,9870L,,,,
2978585,9800BT,,,,
2978584,9670S,,,,
2978583,9670M,,,,
2978582,9670L,,,,
2978581,9432P,,,,
2978580,9118B,,,,
2978579,9018CDYB,,,,
2978578,9018CDOB,,,,
2978577,9018CDGB,,,,
2978576,5321E,,,,
2978575,5320E,,,,
2978574,5319E,,,,
2978573,5318E,,,,
2978572,5317E,,,,
2978571,1042,,,,
2978570,1040,,,,
2978569,1030,,,,
2978568,O63S4,,,,
2978567,O63R7,,,,
2978566,O63R5,,,,
2978565,9885S,,,,
2978564,9885L,,,,
2978563,9880SY,,,,
2978562,9880S,,,,
2978561,9880LY,,,,
2978560,9880L,,,,
2978559,8200CDXL,,,,
2978558,8200CD,,,,
2978557,9663S,,,,
2978556,9663L,,,,
2978555,9662S,,,,
2978554,9662L,,,,
2978553,9018CRPC,,,,
2978552,9018CB,,,,
2978551,9018C,,,,
2978550,5311E,,,,
2978549,5310E,,,,
2978548,5309E,,,,
2978547,5308E,,,,
2978546,5307E,,,,
2978545,5255L,,,,
2978544,6100,,,,
2978543,O63R4,,,,
2978542,9875S,,,,
2978541,9875M,,,,
2978540,9875L,,,,
2978539,9800J,,,,
2978538,8808Y,,,,
2978537,8808O,,,,
2978536,8808G,,,,
2978535,8300C,,,,
2978534,8010,,,,
2978533,9669XXL,,,,
2978532,9669XS,,,,
2978531,9669XL,,,,
2978530,9669S,,,,
2978529,9669M,,,,
2978528,9669L,,,,
2978527,9666XXL,,,,
2978526,9666XS,,,,
2978525,9666XL,,,,
2978524,9666S,,,,
2978523,9666M,,,,
2978522,9666L,,,,
2978521,8900L,,,,
2978520,5199E,,,,
2978519,5190E,,,,
2978518,5180E,,,,
2978517,5170E,,,,
2978516,9018,,,,
2978515,8760S,,,,
2978514,8760L,,,,
2978513,9800M,,,,
2978512,9800L,,,,
2978511,9675XL,,,,
2978510,9675S,,,,
2978509,9675M,,,,
2978508,9675L,,,,
2978507,9665XXS,,,,
2978506,9665XS,,,,
2978505,9665XL,,,,
2978504,9665S,,,,
2978503,9665M,,,,
2978502,9665L,,,,
2978501,8200G,,,,
2978500,5300XL,,,,
2978499,5300S,,,,
2978498,5300M,,,,
2978497,5300L,,,,
2978496,5299B,,,,
2978495,5290B,,,,
2978494,5280B,,,,
2978493,5270B,,,,
2978492,5199B,,,,
2978491,5190B,,,,
2978490,5180B,,,,
2978489,5170B,,,,
2978488,9403KM,,,,
2978487,8781L,,,,
2978486,9810S,,,,
2978485,9810M,,,,
2978484,9810L,,,,
2978483,9630XSM,,,,
2978482,9630SM,,,,
2978481,9630LM,,,,
2978480,9617LM,,,,
2978479,8800C,,,,
2978478,8800B,,,,
2978477,8300A,,,,
2978476,8200A,,,,
2978475,8100I,,,,
2978474,8100C,,,,
2978473,8100B,,,,
2978472,8800,,,,
2978471,8300,,,,
2978470,7810,,,,
2978469,O23,,,,
2978468,O22,,,,
2978467,O21,,,,
2978466,O20,,,,
2978465,9682S,,,,
2978464,9682L,,,,
2978463,9681S,,,,
2978462,9681L,,,,
2978461,96592PL,,,,
2978460,5110XL,,,,
2978459,5110S,,,,
2978458,5110M,,,,
2978457,5110L,,,,
2978456,5099B,,,,
2978455,5090B,,,,
2978454,5080B,,,,
2978453,5070B,,,,
2978452,5299,,,,
2978451,5290,,,,
2978450,5280,,,,
2978449,5270,,,,
2978448,S075E4,,,,
2978447,S073E4,,,,
2978446,S072E4,,,,
2978445,9420KM,,,,
2978444,9415KM,,,,
2978443,9411KMC,,,,
2978442,9411KM,,,,
2978441,9408KM,,,,
2978440,9405KM,,,,
2978439,8771S,,,,
2978438,8771L,,,,
2978437,8750XS,,,,
2978436,8750S,,,,
2978435,8750L,,,,
2978434,9633XSM,,,,
2978433,9633XLM,,,,
2978432,9633SM,,,,
2978431,9633LM,,,,
2978430,9614PHXS,,,,
2978429,9614PHS,,,,
2978428,9614PHM,,,,
2978427,8808S,,,,
2978426,8200B,,,,
2978425,8100A,,,,
2978424,7100C,,,,
2978423,8808,,,,
2978422,8802,,,,
2978421,8200,,,,
2978420,7812,,,,
2978419,7802,,,,
2978418,7800,,,,
2978417,9615XLM,,,,
2978416,9615SM,,,,
2978415,9615MM,,,,
2978414,9615LM,,,,
2978413,9506SD1,,,,
2978412,9506MD1,,,,
2978411,9506LD1,,,,
2978410,9676XLM,,,,
2978409,9676MM,,,,
2978408,9676LM,,,,
2978407,9675XLM,,,,
2978406,9675SM,,,,
2978405,9675MM,,,,
2978404,9675LM,,,,
2978403,96699XXL,,,,
2978402,96699XS,,,,
2978401,96699XL,,,,
2978400,96699S,,,,
2978399,96699M,,,,
2978398,96699L,,,,
2978397,96655XXL,,,,
2978396,96655XS,,,,
2978395,96655XL,,,,
2978394,96655S,,,,
2978393,96655M,,,,
2978392,96655L,,,,
2978391,5299PB,,,,
2978390,5299P,,,,
2978389,5290PB,,,,
2978388,5290P,,,,
2978387,5280PB,,,,
2978386,5280P,,,,
2978385,5270PB,,,,
2978384,5270P,,,,
2978383,S063E4,,,,
2978382,9429KM,,,,
2978381,9428KM,,,,
2978380,9427KM,,,,
2978379,9424KM,,,,
2978378,9423KM,,,,
2978377,9422KM,,,,
2978376,9412KM,,,,
2978375,9410KM,,,,
2978374,9402KM,,,,
2978373,9401KM,,,,
2978372,9400KM,,,,
2978371,9614PXS,,,,
2978370,9614PS,,,,
2978369,9614PM,,,,
2978368,9514GHS,,,,
2978367,9514GHM,,,,
2978366,8100W,,,,
2978365,8100R,,,,
2978364,8100PC,,,,
2978363,8000I,,,,
2978362,7100P,,,,
2978361,9670SM,,,,
2978360,9670LM,,,,
2978359,9667S,,,,
2978358,9667L,,,,
2978357,9660XLM,,,,
2978356,9660SMB,,,,
2978355,9660LMOH,,,,
2978354,9660LMB,,,,
2978353,96591PS,,,,
2978352,96591PL,,,,
2978351,9514GHL,,,,
2978350,5250XL,,,,
2978349,5250S,,,,
2978348,5250M,,,,
2978347,5250L,,,,
2978346,5199BE,,,,
2978345,5191BE,,,,
2978344,5181BE,,,,
2978343,5171BE,,,,
2978342,5110TXL,,,,
2978341,5110TS,,,,
2978340,5110TM,,,,
2978339,5110TL,,,,
2978338,9426KM,,,,
2978337,9416KM,,,,
2978336,9414KM,,,,
2978335,9413KM,,,,
2978334,9514GS,,,,
2978333,9514GM,,,,
2978332,9514GL,,,,
2978331,8100P,,,,
2978330,8002I,,,,
2978329,7100D,,,,
2978328,8102,,,,
2978327,8100,,,,
2978326,9679SM,,,,
2978325,9679LM,,,,
2978324,9668XL,,,,
2978323,9668S,,,,
2978322,9668M,,,,
2978321,9668L,,,,
2978320,9667SM,,,,
2978319,9667LM,,,,
2978318,9662SM,,,,
2978317,9662LM,,,,
2978316,9660XSM,,,,
2978315,9660SM,,,,
2978314,9660S,,,,
2978313,9660M,,,,
2978312,9660LW,,,,
2978311,9660LM,,,,
2978310,9660L,,,,
2978309,9650SW,,,,
2978308,9650SMB,,,,
2978307,9650MW,,,,
2978306,9650LW,,,,
2978305,9650LMB,,,,
2978304,9508XLM,,,,
2978303,9508SM,,,,
2978302,9508LM,,,,
2978301,9507LMHB,,,,
2978300,9506SM,,,,
2978299,9506MM,,,,
2978298,9506LM,,,,
2978297,9677XLM,,,,
2978296,9677MM,,,,
2978295,9677LM,,,,
2978294,5099E,,,,
2978293,5090E,,,,
2978292,5080E,,,,
2978291,5070E,,,,
2978290,9425KM,,,,
2978289,9616XSM,,,,
2978288,9616SM,,,,
2978287,9616MM,,,,
2978286,9616LM,,,,
2978285,9613SM,,,,
2978284,9613LM,,,,
2978283,9612PXS,,,,
2978282,9612PS,,,,
2978281,9612PM,,,,
2978280,9512GXL,,,,
2978279,9510SM,,,,
2978278,9510MM,,,,
2978277,9510LM,,,,
2978276,7102RI,,,,
2978275,7100RI,,,,
2978274,7102,,,,
2978273,7100,,,,
2978272,9658XXS,,,,
2978271,9658XS,,,,
2978270,9658XL,,,,
2978269,9658S,,,,
2978268,9658M,,,,
2978267,9658L,,,,
2978266,9657SM,,,,
2978265,9657S,,,,
2978264,9657LM,,,,
2978263,9657L,,,,
2978262,9650XSM,,,,
2978261,9650SM,,,,
2978260,9650S,,,,
2978259,9650MM,,,,
2978258,9650M,,,,
2978257,9650LM,,,,
2978256,9650L,,,,
2978255,9643SM,,,,
2978254,9643MM,,,,
2978253,9643LM,,,,
2978252,9507SMH,,,,
2978251,9507SM,,,,
2978250,9507MMH,,,,
2978249,9507LMH,,,,
2978248,9507LM,,,,
2978247,9506SB,,,,
2978246,9506S,,,,
2978245,9506M,,,,
2978244,9506LB,,,,
2978243,9506L,,,,
2978242,9500XLM,,,,
2978241,8710S,,,,
2978240,8710M,,,,
2978239,8710L,,,,
2978238,8700XS,,,,
2978237,8700XL,,,,
2978236,8700S,,,,
2978235,8700M,,,,
2978234,8700L,,,,
2978233,8730S,,,,
2978232,8730M,,,,
2978231,8730L,,,,
2978230,8720M,,,,
2978229,8720L,,,,
2978228,9638S,,,,
2978227,9638M,,,,
2978226,9638L,,,,
2978225,9636S,,,,
2978224,9636M,,,,
2978223,9636L,,,,
2978222,9600S,,,,
2978221,9600M,,,,
2978220,9600L,,,,
2978219,9500S,,,,
2978218,9500M,,,,
2978217,9500L,,,,
2978216,9642SM,,,,
2978215,9642MM,,,,
2978214,9642LM,,,,
2978213,9637XSM,,,,
2978212,9637SM,,,,
2978211,9637LM,,,,
2978210,9636SM,,,,
2978209,9636MM,,,,
2978208,9636LM,,,,
2978207,9635S,,,,
2978206,9635M,,,,
2978205,9635L,,,,
2978204,9611LM,,,,
2978203,9610SM,,,,
2978202,9610SB,,,,
2978201,9610LM,,,,
2978200,9610LB,,,,
2978199,9512GS,,,,
2978198,9512GM,,,,
2978197,9512GL,,,,
2978196,9509SM,,,,
2978195,9509LM,,,,
2978194,9501XSM,,,,
2978193,9501SM,,,,
2978192,9501MM,,,,
2978191,9501LM,,,,
2978190,9500XSM,,,,
2978189,9500SM,,,,
2978188,9500SB,,,,
2978187,9500MM,,,,
2978186,9500LM,,,,
2978185,9500LB,,,,
2978184,9637LHW,,,,
2978183,9507S,,,,
2978182,9507M,,,,
2978181,9507L,,,,
2978180,9637S,,,,
2978179,9637M,,,,
2978178,9637L,,,,
2978177,9634S,,,,
2978176,9634M,,,,
2978175,9634L,,,,
2978174,9642S,,,,
2978173,9642M,,,,
2978172,9642L,,,,
2978171,9639SM,,,,
2978170,9639LM,,,,
2978169,9638XLM,,,,
2978168,9638SM,,,,
2978167,9638MM,,,,
2978166,9638LM,,,,
2978165,9637SHW,,,,
2978164,6018XXL,,,,
2978163,6018XL,,,,
2978162,6018S,,,,
2978161,6018M,,,,
2978160,6018L,,,,
2978159,TY127SX4,,,,
2978158,TY122SX4,,,,
2978157,TY122SX3,,,,
2978156,TY127SX3,,,,
2978155,TY125SX4,,,,
2978154,TY122SX2,,,,
2978153,TY127SX2,,,,
2978152,TY125SX3,,,,
2978151,TY122SXL,,,,
2978150,TY122SL,,,,
2978149,6030XXL,,,,
2978148,6030XL,,,,
2978147,6030S,,,,
2978146,6030M,,,,
2978145,6030L,,,,
2978144,TY127SXL,,,,
2978143,TY127SL,,,,
2978142,TY120SX4,,,,
2978141,TY210SX4,,,,
2978140,6032XL,,,,
2978139,6032S,,,,
2978138,6032M,,,,
2978137,6032L,,,,
2978136,TY125SX2,,,,
2978135,6025XL,,,,
2978134,6025S,,,,
2978133,6025M,,,,
2978132,6025L,,,,
2978131,TY120SX3,,,,
2978130,TY125SXL,,,,
2978129,TY125SL,,,,
2978128,TY210SX3,,,,
2978127,TY120SX2,,,,
2978126,TY210SX2,,,,
2978125,TY120SXL,,,,
2978124,TY120SM,,,,
2978123,TY120SL,,,,
2978122,6004XL,,,,
2978121,6004S,,,,
2978120,6004M,,,,
2978119,6004L,,,,
2978118,TY210SXL,,,,
2978117,TY210SM,,,,
2978116,TY210SL,,,,
2978115,5048XL,,,,
2978114,5048S,,,,
2978113,5048M,,,,
2978112,5048L,,,,
2978111,CT365PHEXL,,,,
2978110,6005XL,,,,
2978109,6005S,,,,
2978108,6005M,,,,
2978107,6005L,,,,
2978106,6062XXL,,,,
2978105,6062XL,,,,
2978104,6062S,,,,
2978103,6062M,,,,
2978102,6062L,,,,
2978101,5049XL,,,,
2978100,5049S,,,,
2978099,5049M,,,,
2978098,5049L,,,,
2978097,6012XXL,,,,
2978096,6012XL,,,,
2978095,6012S,,,,
2978094,6012M,,,,
2978093,6012L,,,,
2978092,6016OXXL,,,,
2978091,6016OXL,,,,
2978090,6016OS,,,,
2978089,6016OM,,,,
2978088,6016OL,,,,
2978087,6016BXXL,,,,
2978086,6016BXL,,,,
2978085,6016BS,,,,
2978084,6016BM,,,,
2978083,6016BL,,,,
2978082,VP6015XL,,,,
2978081,VP6015S,,,,
2978080,VP6015M,,,,
2978079,VP6015L,,,,
2978078,6010WXL,,,,
2978077,6010WS,,,,
2978076,6010WM,,,,
2978075,6010WL,,,,
2978074,6010PXL,,,,
2978073,6010PS,,,,
2978072,6010PM,,,,
2978071,6010PL,,,,
2978070,6010OXXL,,,,
2978069,6010OXL,,,,
2978068,6010OS,,,,
2978067,6010OM,,,,
2978066,6010OL,,,,
2978065,6010GYXL,,,,
2978064,6010GYS,,,,
2978063,6010GYM,,,,
2978062,6010GYL,,,,
2978061,6010GXL,,,,
2978060,6010GS,,,,
2978059,6010GM,,,,
2978058,6010GL,,,,
2978057,6010XL,,,,
2978056,6010S,,,,
2978055,6010M,,,,
2978054,6010L,,,,
2978053,5045XXL,,,,
2978052,5045XL,,,,
2978051,5045S,,,,
2978050,5045M,,,,
2978049,5045L,,,,
2978048,6015XXL,,,,
2978047,6015XL,,,,
2978046,6015S,,,,
2978045,6015M,,,,
2978044,6015L,,,,
2978043,6001XXXL,,,,
2978042,6060XXL,,,,
2978041,6060XL,,,,
2978040,6060S,,,,
2978039,6060M,,,,
2978038,6060L,,,,
2978037,6020XXL,,,,
2978036,6020XL,,,,
2978035,6020S,,,,
2978034,6020M,,,,
2978033,6020L,,,,
2978032,6001XXL,,,,
2978031,6001XS,,,,
2978030,6001XL,,,,
2978029,6001S,,,,
2978028,6001M,,,,
2978027,6001L,,,,
2978026,5056XL,,,,
2978025,5056S,,,,
2978024,5056M,,,,
2978023,5056L,,,,
2978022,6002XL,,,,
2978021,6002S,,,,
2978020,6002M,,,,
2978019,6002L,,,,
2978018,6010EXL,,,,
2978017,6010ES,,,,
2978016,6010EM,,,,
2978015,6010EL,,,,
2978014,5055XL,,,,
2978013,5055S,,,,
2978012,5055M,,,,
2978011,5055L,,,,
2978010,7010BKXL,,,,
2978009,7010BKS,,,,
2978008,7010BKM,,,,
2978007,7010BKL,,,,
2978006,5040XL,,,,
2978005,5040S,,,,
2978004,5040M,,,,
2978003,5040,,,,
2978002,7010XL,,,,
2978001,7010S,,,,
2978000,7010M,,,,
2977999,7010L,,,,
2977998,5050XL,,,,
2977997,5050S,,,,
2977996,5050M,,,,
2977995,5050L,,,,
2977994,60011XL,,,,
2977993,60011S,,,,
2977992,60011M,,,,
2977991,60011L,,,,
2977990,5060XL,,,,
2977989,5054XL,,,,
2977988,5054S,,,,
2977987,5054M,,,,
2977986,5054L,,,,
2977985,60021XL,,,,
2977984,60021S,,,,
2977983,60021M,,,,
2977982,60021L,,,,
2977981,5060S,,,,
2977980,5060M,,,,
2977979,5060L,,,,
2977978,5059XL,,,,
2977977,5059S,,,,
2977976,5059M,,,,
2977975,5059L,,,,
2977974,O4WBCM,,,,
2977973,O4WBCL,,,,
2977972,5010XL,,,,
2977971,5010S,,,,
2977970,5010M,,,,
2977969,5010L,,,,
2977968,5000XL,,,,
2977967,5000S,,,,
2977966,5000M,,,,
2977965,5000L,,,,
2977964,12WPCX3,,,,
2977963,O4WPCM,,,,
2977962,12WPCXL,,,,
2977961,12WPCX2,,,,
2977960,12WPCL,,,,
2977959,12WPCEX2,,,,
2977958,12WPCEL,,,,
2977957,12BNSC,,,,
2977956,5015XL,,,,
2977955,5015S,,,,
2977954,5015M,,,,
2977953,5015L,,,,
2977952,5020XL,,,,
2977951,5020S,,,,
2977950,5020M,,,,
2977949,5020L,,,,
2977948,O4WBG,,,,
2977947,5035XL,,,,
2977946,5035S,,,,
2977945,5035M,,,,
2977944,5035L,,,,
2977943,5030XL,,,,
2977942,5030S,,,,
2977941,5030M,,,,
2977940,5030L,,,,
2977939,5025XL,,,,
2977938,5025S,,,,
2977937,5025M,,,,
2977936,5025L,,,,
2977935,5014XL,,,,
2977934,5014S,,,,
2977933,5014M,,,,
2977932,5014L,,,,
2977931,12WPLX4,,,,
2977930,5019XL,,,,
2977929,5019S,,,,
2977928,5019M,,,,
2977927,5019L,,,,
2977926,12WPLXL,,,,
2977925,12WPLX3,,,,
2977924,12WPLX2,,,,
2977923,12WPLS,,,,
2977922,12WPLM,,,,
2977921,12WPLL,,,,
2977920,S125E4,,,,
2977919,S123E4,,,,
